nct_id,title,phase,status,study_type,enrollment,lead_sponsor,sponsor_class,conditions,interventions,has_results,start_date,primary_completion,matched_term,matched_generic,attributed_term,ambiguous
NCT04572165,Epidemiological Assessment of the Risk for Pancreatic Cancer Associated With the Use of Semaglutide in Patients With Type 2 Diabetes - A Cohort Study Based on Nordic Registry Data,NA,COMPLETED,OBSERVATIONAL,194928,Novo Nordisk A/S,INDUSTRY,"Diabetes Mellitus, Type 2",Ozempic®|Active Comparator|Rybelsus®,no,2021-01-26,2025-11-25,semaglutide,semaglutide,semaglutide,no
NCT03061214,Efficacy and Safety of Semaglutide Once-weekly Versus Sitagliptin Once-daily as add-on to Metformin in Subjects With Type 2 Diabetes (SUSTAIN - CHINA MRCT),PHASE3,COMPLETED,INTERVENTIONAL,868,Novo Nordisk A/S,INDUSTRY,"Diabetes|Diabetes Mellitus, Type 2",Semaglutide 0.5 mg|Semaglutide 1.0 mg|Sitagliptin placebo|Sitagliptin|Semaglutide placebo 0.5 mg|Semaglutide placebo 1.0 mg,yes,2017-08-28,2019-03-14,semaglutide,semaglutide,semaglutide,no
NCT05193578,Home-based Intervention With Semaglutide Treatment Of Neuroleptica-Related Prediabetes,PHASE2,COMPLETED,INTERVENTIONAL,154,Jan Frystyk,OTHER,Schizophrenia|Prediabetic State,"Semaglutide, 1.34 mg/mL|Placebo",no,2022-01-01,2024-03-18,semaglutide,semaglutide,semaglutide,no
NCT07617155,GLP-1 Agonists for Prevention of Recurrent Hypertriglyceridemic Acute Pancreatitis,PHASE4,NOT_YET_RECRUITING,INTERVENTIONAL,396,Peking Union Medical College Hospital,OTHER,Hypertriglyceridemia Induced Acute Pancreatitis|Recurrent Acute Pancreatitis|Pancreatitis Relapsing|Hypertriglyceridemia,Semaglutide|Placebo (Normal Saline),no,2026-09,2028-09,semaglutide,semaglutide,semaglutide,no
NCT05443191,"A Research Study Looking at How Oral Semaglutide Works in People With Type 2 Diabetes in Finland, as Part of Local Clinical Practice",NA,COMPLETED,OBSERVATIONAL,50,Novo Nordisk A/S,INDUSTRY,"Diabetes Mellitus, Type 2",Semaglutide,no,2022-10-20,2023-04-27,semaglutide,semaglutide,semaglutide,no
NCT07064486,A Study of BGM0504 in Participants With Type 2 Diabetes in Indonesia,PHASE3,RECRUITING,INTERVENTIONAL,477,"BrightGene Bio-Medical Technology Co., Ltd.",INDUSTRY,Type 2 Diabetes (T2DM),BGM0504|BGM0504|Semaglutide,no,2025-07-04,2026-07-31,semaglutide,semaglutide,semaglutide,no
NCT05746039,Feasibility of Semaglutide in Advanced Lung Disease,PHASE1|PHASE2,RECRUITING,INTERVENTIONAL,8,University of Pennsylvania,OTHER,"Obesity|Interstitial Lung Disease|Chronic Obstructive Pulmonary Disease|Sarcoidosis, Pulmonary|Pulmonary Hypertension",Semaglutide Pen Injector,no,2024-01-29,2027-12-28,semaglutide,semaglutide,semaglutide,no
NCT06042153,DIALYSIS-TIR Study,PHASE4,ACTIVE_NOT_RECRUITING,INTERVENTIONAL,43,University of Texas Southwestern Medical Center,OTHER,Type 2 Diabetes|End Stage Renal Disease on Dialysis,Semaglutide|Placebo,no,2023-12-05,2027-09,semaglutide,semaglutide,semaglutide,no
NCT04982575,Research Study to Look at How Well Cagrilintide Together With Semaglutide Works in People With Type 2 Diabetes,PHASE2,COMPLETED,INTERVENTIONAL,92,Novo Nordisk A/S,INDUSTRY,"Diabetes Mellitus, Type 2",Semaglutide 2.4 mg|Cagrilintide 2.4 mg|Placebo (semaglutide)|Placebo (cagrilintide),yes,2021-08-02,2022-07-07,semaglutide,semaglutide,semaglutide,no
NCT03010475,A Trial Investigating the Effect of Oral Semaglutide on the Pharmacokinetics of Furosemide and Rosuvastatin in Healthy Subjects,PHASE1,COMPLETED,INTERVENTIONAL,41,Novo Nordisk A/S,INDUSTRY,Diabetes|Healthy,Furosemide|Rosuvastatin|SNAC|Semaglutide,no,2017-01-05,2017-06-04,semaglutide,semaglutide,semaglutide,no
NCT05649137,A Research Study to See How Semaglutide Helps People With Excess Weight and Type 2 Diabetes Lose Weight,PHASE3,COMPLETED,INTERVENTIONAL,512,Novo Nordisk A/S,INDUSTRY,"Obesity|Diabetes Mellitus, Type 2",Semaglutide|Semaglutide|Placebo,yes,2023-01-04,2024-10-28,semaglutide,semaglutide,semaglutide,no
NCT07589322,Comparative Observation of Metabolic and Pharmacologic Adipose Remodeling With Enhanced Incretin AgonisTs,NA,RECRUITING,INTERVENTIONAL,120,Tri-Service General Hospital (TSGH),OTHER,Obesity and Metabolic Syndrome,Tirzepatide with lifestyle modification|Semaglutide with lifestyle modification,no,2026-03-31,2028-09-30,tirzepatide;semaglutide,tirzepatide,tirzepatide,yes
NCT07702461,Determination of Resistance Training Status for Patients on Glucagon-Like Peptide-1 Receptor Agonists,NA,RECRUITING,OBSERVATIONAL,300,Ohio State University,OTHER,Obesity & Overweight|Diabetes (DM),Glucagon-Like Peptide-1 Agonist (GLP-1),no,2026-06-12,2026-10,dulaglutide;tirzepatide;liraglutide;semaglutide,dulaglutide,dulaglutide,yes
NCT07239570,A Biomarker-targeted Clinical Trial to Optimize Treatment for Patients With Chronic Kidney Disease,PHASE4,RECRUITING,INTERVENTIONAL,125,Peter Rossing,OTHER,Chronic Kidney Disease(CKD),Dapagliflozin|Semaglutide|Finerenone,no,2025-06-20,2028-06,semaglutide,semaglutide,semaglutide,no
NCT03707990,A Research Study of NNC0165-1875 Alone or Together With Semaglutide in People Who Are Overweight or Obese,PHASE1,COMPLETED,INTERVENTIONAL,88,Novo Nordisk A/S,INDUSTRY,Obesity and Overweight,NNC0165-1875|Placebo (NNC0165-1875)|Semaglutide,no,2018-10-15,2019-08-13,semaglutide,semaglutide,semaglutide,no
NCT05087342,Latino Semaglutide Study,PHASE3,COMPLETED,INTERVENTIONAL,119,Loma Linda University,OTHER,"Obesity|Obesity; Drug|Overweight or Obesity|Weight Loss|Weight Loss Trajectory|Weight, Body",Semaglutide 2.4mg|Placebo,no,2022-12-13,2024-05-29,semaglutide,semaglutide,semaglutide,no
NCT07653412,Precision Obesity Medicine: Genetic Prediction of Response to GLP-1/GIP Agonists.,NA,RECRUITING,OBSERVATIONAL,220,National and Kapodistrian University of Athens,OTHER,Obesity (Disorder)|Anti-obesity Agents|Precision Medicine,Semaglutide or Tirzepatide,no,2026-04-22,2027-01-30,tirzepatide;semaglutide,tirzepatide,tirzepatide,yes
NCT07640139,Estimating the Impact of Obesity Medications on Clinical and Economic Outcomes,NA,ENROLLING_BY_INVITATION,OBSERVATIONAL,125000,Indiana University,OTHER,Obesity,Incretin-based therapies (GLP-1 and GLP-1/GIP),no,2026-01-01,2029-12-31,tirzepatide;liraglutide;semaglutide,tirzepatide,tirzepatide,yes
NCT06856928,Impact of Antiobesity Medications on Appetite and Appetite-related Hormones and Metabolites.,NA,NOT_YET_RECRUITING,OBSERVATIONAL,16,"University of Colorado, Denver",OTHER,Obesity; Drug,Meal Challenge,no,2025-03,2026-12,tirzepatide;semaglutide,tirzepatide,tirzepatide,yes
NCT04998136,Research Study Investigating How Well Semaglutide Works in People From Thailand and South Korea Living With Obesity,PHASE3,COMPLETED,INTERVENTIONAL,150,Novo Nordisk A/S,INDUSTRY,Obesity,Semaglutide 2.4 mg|Placebo (semaglutide 2.4 mg),yes,2022-08-15,2023-10-16,semaglutide,semaglutide,semaglutide,no
NCT06885736,LEAN Mass Preservation With Resistance Exercise and Protein During Semaglutide/Tirzepatide Therapy,NA,RECRUITING,INTERVENTIONAL,232,Dasman Diabetes Institute,OTHER,Obesity,Resistance exercise|Protein Intake,no,2025-08-07,2029-08-30,tirzepatide;semaglutide,tirzepatide,tirzepatide,yes
NCT06734312,MAINTAIN (Mucosal AblatIoN Therapy After INcretins),NA,RECRUITING,INTERVENTIONAL,20,Dr. Christopher McGowan,OTHER,Obesity and Obesity-related Medical Conditions|Obesity and Overweight|Obesity Prevention|Obesity Recidivism|GLP-1|Ablation Techniques,Gastric Fundal Mucosal Ablation (GFMA),no,2025-01-01,2026-06,tirzepatide;semaglutide,tirzepatide,tirzepatide,yes
NCT06409130,"Effects of NNC0194-0499, Cagrilintide, and Semaglutide Alone or in Combinations on Liver Damage and Alcohol Use in People With Alcohol-related Liver Disease",PHASE2,COMPLETED,INTERVENTIONAL,270,Novo Nordisk A/S,INDUSTRY,Alcohol-related Liver Disease,NNC0194-0499|Semaglutide|NNC0194-0499 placebo|Semaglutide placebo (Group A)|Cagrilintide + semaglutide|Cagrilintide|Cagrilintide placebo|Semaglutide placebo (Group B),no,2024-05-20,2025-11-21,cagrisema;semaglutide,cagrilintide+semaglutide,cagrisema,yes
NCT07487103,Efficacy and Safety of QLG1091 vs Rybelsus as add-on to Metformin in Subjects With Type 2 Diabetes,PHASE3,NOT_YET_RECRUITING,INTERVENTIONAL,478,"Qilu Pharmaceutical Co., Ltd.",INDUSTRY,Type 2 Diabetes,QLG1091|Rybelsus,no,2026-05-01,2026-12,semaglutide,semaglutide,semaglutide,no
NCT07478653,"MODERN-Dental: Pediatric Obesity, Cardiometabolic Risks, And Periodontal Disease",NA,NOT_YET_RECRUITING,INTERVENTIONAL,50,Oelisoa Andriankaja,OTHER,Obesity|Dental Care for Children,Dental Cleaning and Oral Hygiene Instruction (OHI)|Oral Hygiene Instruction (OHI),no,2026-09-01,2028-07-31,semaglutide,semaglutide,semaglutide,no
NCT05390892,PREvention of CardIovascular and DiabEtic kidNey Disease in Type 2 Diabetes,PHASE4,RECRUITING,INTERVENTIONAL,6000,Brigham and Women's Hospital,OTHER,Type2Diabetes|ASCVD,SGLT2 inhibitor|GLP-1 receptor agonist,no,2022-09-26,2029-03-01,dulaglutide;liraglutide;semaglutide,dulaglutide,dulaglutide,yes
NCT07220629,Study to Explore the Safety and Efficacy of NT-0796 as an Adjunct to Semaglutide in Participants With Obesity (RESOLVE-2),PHASE2,ACTIVE_NOT_RECRUITING,INTERVENTIONAL,82,NodThera Limited,INDUSTRY,Obesity,NT-0796|Placebo,no,2025-10-02,2026-08-21,semaglutide,semaglutide,semaglutide,no
NCT07294950,Impact of Semaglutide Withdrawal on Cardiometabolic Profile and Physiology of Energy Balance: Recovery Effects After Semaglutide Termination,PHASE3,RECRUITING,INTERVENTIONAL,98,"Mount Sinai Hospital, Canada",OTHER,Obesity (Disorder)|Weight Change|Blood Pressure Monitoring|Appetite Regulation,Gradual dose reduction of semaglutide|Abrupt cessation of semaglutide,no,2026-02-01,2028-09,semaglutide,semaglutide,semaglutide,no
NCT06256549,A Study of GZR18 Injection in Chinese Patients With Type 2 Diabetes Mellitus,PHASE2,UNKNOWN,INTERVENTIONAL,272,"Gan and Lee Pharmaceuticals, USA",INDUSTRY,Type 2 Diabetes,GZR18|Semaglutide,no,2023-08-09,2024-07-20,semaglutide,semaglutide,semaglutide,no
NCT06449625,Semaglutide in Auto-HSCT,PHASE2,NOT_YET_RECRUITING,INTERVENTIONAL,40,Klaus Gottlob Müller,OTHER,Intestinal Mucositis|Inflammation|Chemotherapeutic Toxicity,Semaglutide Pen Injector [Ozempic]|Placebo,no,2024-08-12,2026-12-31,semaglutide,semaglutide,semaglutide,no
NCT05316662,"A Research Study Looking at How Oral Semaglutide Works in People With Type 2 Diabetes in Mexico, as Part of Local Clinical Practice",NA,COMPLETED,OBSERVATIONAL,187,Novo Nordisk A/S,INDUSTRY,"Diabetes Mellitus, Type 2",Semaglutide,no,2022-04-06,2024-04-06,semaglutide,semaglutide,semaglutide,no
NCT05812183,Gastric Sleeve-Induced Weight Loss on Shortness of Breath in Obesity,PHASE4,WITHDRAWN,INTERVENTIONAL,0,"University of California, Los Angeles",OTHER,Dyspnea|Quality of Life,Bariatric surgery|Medical weight loss,no,2023-07-09,2025-02-12,tirzepatide;liraglutide;semaglutide,tirzepatide,tirzepatide,yes
NCT01324505,Effect of Oral Contraceptives After Administration of Semaglutide in Subjects With Type 2 Diabetes,PHASE1,COMPLETED,INTERVENTIONAL,43,Novo Nordisk A/S,INDUSTRY,"Diabetes|Diabetes Mellitus, Type 2",semaglutide|placebo|Microgyn®,no,2011-03,2012-01,semaglutide,semaglutide,semaglutide,no
NCT06118203,Semaglutide Use in Acute Pulmonary Embolism,NA,COMPLETED,OBSERVATIONAL,18,Imperial College London,OTHER,Pulmonary Embolism,Semaglutide,no,2022-01-02,2023-03-04,semaglutide,semaglutide,semaglutide,no
NCT05394519,A Research Study to See How Well CagriSema Helps People With Type 2 Diabetes and Excess Body Weight Lose Weight,PHASE3,COMPLETED,INTERVENTIONAL,1200,Novo Nordisk A/S,INDUSTRY,Overweight|Obesity|Type 2 Diabetes Mellitus,Cagrilintide|Semaglutide|Placebo cagrilintide|Placebo semaglutide,no,2023-02-01,2025-01-28,cagrisema;semaglutide,cagrilintide+semaglutide,cagrisema,yes
NCT06946628,New Triple Therapy in Newly Diagnosed Type 2 Diabetes,PHASE3,NOT_YET_RECRUITING,INTERVENTIONAL,296,Sun Yat-sen University,OTHER,Diabetes Mellitus,Group A (triple combination therapy group)|Group B (standard therapy group),no,2025-06-01,2028-12-31,semaglutide,semaglutide,semaglutide,no
NCT07357766,A Research Study to Compare Different Versions of Injectable CagriSema and Placebo in People With Excess Body Weight,PHASE3,WITHDRAWN,INTERVENTIONAL,0,Novo Nordisk A/S,INDUSTRY,Overweight|Obesity,Cagrisema|Placebo CagriSema,no,2026-06-22,2027-11-29,cagrisema;semaglutide,cagrilintide+semaglutide,cagrisema,yes
NCT05567796,A Research Study to See How Well CagriSema Helps People With Excess Body Weight Lose Weight,PHASE3,ACTIVE_NOT_RECRUITING,INTERVENTIONAL,3400,Novo Nordisk A/S,INDUSTRY,Obesity,Cagrilintide|Semaglutide|Placebo cagrilintide|Placebo semaglutide,no,2022-11-01,2024-10-30,cagrisema;semaglutide,cagrilintide+semaglutide,cagrisema,yes
NCT07485062,Exercise and Diabetes Interventions to Improve Brain Health in Older Adults With Type 2 Diabetes,PHASE4,NOT_YET_RECRUITING,INTERVENTIONAL,164,"Western University, Canada",OTHER,Type 2 Diabetes|Cognitive Decline in Older Adults,semaglutide|Moderate-Intensity Resistance Exercise|Balance and Tone (BAT) Exercise,no,2026-09-01,2029-05-01,semaglutide,semaglutide,semaglutide,no
NCT07187856,Phase 2 Randomized Study of PG-102 vs Placebo and Semaglutide in Type 2 Diabetes Mellitus,PHASE2,NOT_YET_RECRUITING,INTERVENTIONAL,80,"ProGen. Co., Ltd.",OTHER,Type 2 Diabetes Mellitus (T2DM),PG-102|Placebo|Semaglutide,no,2026-01,2026-09,semaglutide,semaglutide,semaglutide,no
NCT04601753,"A Research Study Looking at How Oral Semaglutide Works in People With Type 2 Diabetes in Sweden, as Part of Local Clinical Practice",NA,COMPLETED,OBSERVATIONAL,194,Novo Nordisk A/S,INDUSTRY,"Diabetes Mellitus, Type 2",Oral Semaglutide,no,2020-11-12,2023-03-03,semaglutide,semaglutide,semaglutide,no
NCT07046273,Phase III Clinical Study on the Efficacy and Safety of Semaglutide and Ozempic® in Patients With Type 2 Diabetes,PHASE3,NOT_YET_RECRUITING,INTERVENTIONAL,496,"Shandong New Time Pharmaceutical Co., LTD",INDUSTRY,Type 2 Diabetes (T2DM),F027|Ozempic®,no,2025-08-01,2028-08-01,semaglutide,semaglutide,semaglutide,no
NCT06716216,A Study of BGM0504 in Participants with Type 2 Diabetes,PHASE3,RECRUITING,INTERVENTIONAL,537,"BrightGene Bio-Medical Technology Co., Ltd.",INDUSTRY,Type 2 Diabetes Mellitus (T2DM),Drug: 5 mg BGM0504 Administered SC|Drug:10 mg BGM0504 Administered SC|Drug: Semaglutide Administered SC,no,2024-11-29,2026-03-20,semaglutide,semaglutide,semaglutide,no
NCT04878406,A Research Study of How the Medicine NNC0480-0389 Taken With Semaglutide Works in the Body of Healthy Japanese Men,PHASE1,COMPLETED,INTERVENTIONAL,24,Novo Nordisk A/S,INDUSTRY,Healthy Volunteers Type 2 Diabetes,NNC0480-0389|Placebo (NNC0480-0389)|Semaglutide|Placebo (Semaglutide),no,2021-05-18,2021-07-20,semaglutide,semaglutide,semaglutide,no
NCT04524832,"Research Study Comparing New Tablets of Semaglutide in New Doses, in Healthy People",PHASE1,COMPLETED,INTERVENTIONAL,290,Novo Nordisk A/S,INDUSTRY,"Diabetes Mellitus, Type 2",Oral semaglutide,no,2020-09-29,2022-02-25,semaglutide,semaglutide,semaglutide,no
NCT06003153,GLUCOSE-MGH: Genetic Links Understood Through Challenge With Oral Semaglutide Exposure at MGH,PHASE4,RECRUITING,INTERVENTIONAL,125,Massachusetts General Hospital,OTHER,Genetic Predisposition|Metabolic Diseases|Type 2 Diabetes,oral semaglutide|Mixed Meal Tolerance Test (MMTT),no,2024-03-12,2027-05-31,semaglutide,semaglutide,semaglutide,no
NCT07711548,Can Two Dietary Interventions Maintain Weight Loss for 12 Months After GLP-1 Therapy in Adults With Overweight/Obesity?,NA,NOT_YET_RECRUITING,INTERVENTIONAL,292,Knut Mai,OTHER,Obesity & Overweight|Weight Loss Maintenance,NutriAct plus|Rescue VLCD,no,2027-03,2030-02,semaglutide,semaglutide,semaglutide,no
NCT06584916,A Study of Orforglipron for the Maintenance of Body Weight Reduction in Participants Who Have Obesity or Overweight With Weight-Related Comorbidities (ATTAIN-MAINTAIN),PHASE3,COMPLETED,INTERVENTIONAL,376,Eli Lilly and Company,INDUSTRY,Obesity|Overweight,Orforglipron|Placebo,no,2024-09-13,2025-11-21,orforglipron;tirzepatide;semaglutide,orforglipron,orforglipron,yes
NCT04469855,Post-Marketing Surveillance (Special Use-results Surveillance) on Long-term Use With Ozempic®,NA,COMPLETED,OBSERVATIONAL,3217,Novo Nordisk A/S,INDUSTRY,"Diabetes Mellitus, Type 2",semaglutide,no,2020-07-27,2025-05-12,semaglutide,semaglutide,semaglutide,no
NCT05786521,"Effect of GLP1 Receptor Agonists on Physical Function, Body Composition, and Markers of Aging in Older Adults",PHASE4,COMPLETED,INTERVENTIONAL,20,The University of Texas Health Science Center at San Antonio,OTHER,"Aging|Diabetes Mellitus, Type 2|PreDiabetes|Overweight and Obesity",Semaglutide Injectable Product|Lifestyle Counseling,yes,2023-04-01,2024-05-20,semaglutide,semaglutide,semaglutide,no
NCT07462663,SHAPE-ENDO: Pilot Randomized Trial of Multimodal Pre-Surgical Optimization Versus Standard Surgery in Patients With Obesity and Early-Stage Endometrial Cancer,PHASE4,NOT_YET_RECRUITING,INTERVENTIONAL,80,Hospital Universitari de Bellvitge,OTHER,Endometrial Cancer|Endometrial Cancer Stage I|Atypical Endometrial Hyperplasia and Endometrial Carcinoma Stage I|Atypical Endometrial Hyperplasia|Endometrial Intraepithelial Neoplasia|Obesity & Overweight|BMI>40|Obesity|Obesity Grade III,GLP-1 Receptor Agonist|Levonorgestrel IUD (Lng-IUD)|Oral Progestins|Dietetic-Nutritional intervention|Structured Exercise and Prehabilitation Program|Endometrial Biopsy With or Without Hysteroscopy|Radiologic Surveillance (MRI and Transvaginal Ultrasound)|Standar upfront Surgery,no,2027-01,2031-04,semaglutide,semaglutide,semaglutide,no
NCT07152756,Impact of a One-Week Discontinuation of Semaglutide on Gastric Retention and Endoscopic Mucosal Visibility Scores,NA,NOT_YET_RECRUITING,OBSERVATIONAL,418,Fudan University,OTHER,Gastric Retention,Esophagogastroduodenoscopy,no,2025-09-15,2028-09-15,semaglutide,semaglutide,semaglutide,no
NCT07728669,Digital Dietary Intervention for Patients Receiving GLP-1 Receptor Agonist Therapy,NA,RECRUITING,INTERVENTIONAL,120,Kazakh Academy of Nutrition,OTHER,Type 2 Diabetes Mellitus (T2DM)|Obesity (Disorder)|Overweight|Metabolic Syndrome,NutriSteppe Digital Dietary Intervention,no,2026-07-20,2026-11,semaglutide,semaglutide,semaglutide,no
NCT01720446,Trial to Evaluate Cardiovascular and Other Long-term Outcomes With Semaglutide in Subjects With Type 2 Diabetes,PHASE3,COMPLETED,INTERVENTIONAL,3297,Novo Nordisk A/S,INDUSTRY,"Diabetes|Diabetes Mellitus, Type 2",semaglutide|semaglutide|placebo,yes,2013-02-21,2016-03-15,semaglutide,semaglutide,semaglutide,no
NCT07423481,Weight Trajectories and Predictive Factors After Semaglutide in Patients With Grade 3 and Complicated Obesity,NA,NOT_YET_RECRUITING,OBSERVATIONAL,3000,Nantes University Hospital,OTHER,Obesity & Overweight,SEMAFOLLOW questionnaire,no,2026-06-01,2027-03-01,semaglutide,semaglutide,semaglutide,no
NCT07059377,Semaglutide for Smoking Cessation in Patients With Diabetes,PHASE3,RECRUITING,INTERVENTIONAL,100,Ottawa Heart Institute Research Corporation,OTHER,"Diabetes Mellitus, Type 2|Nicotine Addiction|Tobacco Dependence",Semaglutide|Nicotine replacement,no,2026-02-13,2026-07,semaglutide,semaglutide,semaglutide,no
NCT05813912,"A Research Study to See How a New Weekly Insulin, Insulin Icodec When Given Along With Semaglutide Helps in Reducing the Blood Sugar Level in Patients With Type 2 Diabetes",PHASE3,COMPLETED,INTERVENTIONAL,148,Novo Nordisk A/S,INDUSTRY,"Diabetes Mellitus, Type 2",Insulin Icodec|Semaglutide,yes,2023-09-22,2025-04-14,semaglutide,semaglutide,semaglutide,no
NCT07760948,HMB Plus Vitamin D to Preserve Muscle in Older Adults Starting Semaglutide,PHASE2,NOT_YET_RECRUITING,INTERVENTIONAL,90,Vanderbilt University Medical Center,OTHER,Type 2 Diabetes Mellitus (T2DM)|Sarcopenia|Obesity|Muscle Loss|Older Adults,Calcium-HMB Plus Vitamin D3|Matching placebo,no,2026-12-01,2029-11-30,semaglutide,semaglutide,semaglutide,no
NCT06097390,A Research Study Looking at New Protein-based Tablets in Healthy Men - Oral Formulation III,PHASE1,COMPLETED,INTERVENTIONAL,121,Novo Nordisk A/S,INDUSTRY,Healthy Participants,Semaglutide,no,2023-09-28,2024-02-22,semaglutide,semaglutide,semaglutide,no
NCT05220917,Comparative Effectiveness and Safety of Four Second Line Pharmacological Strategies in Type 2 Diabetes Study,NA,ACTIVE_NOT_RECRUITING,OBSERVATIONAL,781430,Brigham and Women's Hospital,OTHER,Cardiovascular Events|Type2 Diabetes|Renal Disease,SGLT2 inhibitor|DPP-4 inhibitor|GLP-1RA|2nd generation SU,no,2021-08-01,2026-05-31,dulaglutide;liraglutide;semaglutide,dulaglutide,dulaglutide,yes
NCT07357740,A Research Study to Compare Two Different Versions of Injectable CagriSema in People With Type 2 Diabetes,PHASE2,WITHDRAWN,INTERVENTIONAL,0,Novo Nordisk A/S,INDUSTRY,"Diabetes Mellitus, Type 2",CagriSema|Placebo CagriSema,no,2026-08-27,2027-08-25,cagrisema;semaglutide,cagrilintide+semaglutide,cagrisema,yes
NCT04102189,A Research Study on How Well Semaglutide Works in Adolescents With Overweight or Obesity,PHASE3,COMPLETED,INTERVENTIONAL,201,Novo Nordisk A/S,INDUSTRY,Overweight|Obesity,Semaglutide|Placebo,yes,2019-10-07,2022-03-25,semaglutide,semaglutide,semaglutide,no
NCT07035704,"Prevent and Reverse Obesity in Children, Adolescents and Young Adults",NA,NOT_YET_RECRUITING,INTERVENTIONAL,200,piero portincasa,OTHER,Overweight (BMI &gt; 25),MeD enriched with mushrooms|MeD enriched the Lebanese herbal mixture Za'atar|MeD Diet + semaglutinine or compatible treatment+ Za'atar or Mushroom (to be defined),no,2025-09-15,2027-01-30,semaglutide,semaglutide,semaglutide,no
NCT07253285,A Research Study on How Well Cagrilintide and CagriSema Work in Children and Adolescents With Excess Body Weight,PHASE3,RECRUITING,INTERVENTIONAL,460,Novo Nordisk A/S,INDUSTRY,Overweight|Obesity,Cagrilintide|Semaglutide|Placebo cagrilintide|Placebo semaglutide,no,2026-01-08,2030-03-20,cagrisema;semaglutide,cagrilintide+semaglutide,cagrisema,yes
NCT05340868,Genetics of the Acute Response to Oral Semaglutide,NA,RECRUITING,INTERVENTIONAL,1000,Medical University of Bialystok,OTHER,PreDiabetes|Prediabetic State|Obesity,Semaglutide Pill,no,2022-09-01,2025-12-31,semaglutide,semaglutide,semaglutide,no
NCT06184568,A Study Comparing IBI362 vs Semaglutide in Chinese Adults With Early Type 2 Diabetes and Obesity,PHASE3,COMPLETED,INTERVENTIONAL,349,Innovent Biologics (Suzhou) Co. Ltd.,INDUSTRY,Type 2 Diabetes|Obesity,IBI362|Semaglutide,no,2024-02-29,2025-09-17,mazdutide;semaglutide,mazdutide,mazdutide,yes
NCT07732426,Effects of Semaglutide on Brain Dopamine Responses to Food Cues in Adults With Obesity and Food Addiction Tendencies,NA,RECRUITING,INTERVENTIONAL,30,Seoul National University Hospital,OTHER,Food Addiction Tendency|Obesity|Overweight,Semaglutide,no,2026-07-15,2028-02-29,semaglutide,semaglutide,semaglutide,no
NCT03638778,Research Study Comparing Different Tablets With the Study Medicine Semaglutide in Healthy Men,PHASE1,COMPLETED,INTERVENTIONAL,105,Novo Nordisk A/S,INDUSTRY,"Diabetes Mellitus, Type 2",Semaglutide 3 mg|Semaglutide 7 mg|Semaglutide B 3 mg|Semaglutide B 7 mg|Semaglutide C 3 mg|Semaglutide C 7 mg|Semaglutide D 3 mg|Semaglutide D 7 mg,no,2018-08-17,2018-12-05,semaglutide,semaglutide,semaglutide,no
NCT05984238,"A Trial to Evaluate Safety, Feasibility and Efficacy of Endoscopic Duodenal PEF Therapy",NA,COMPLETED,INTERVENTIONAL,33,Academisch Medisch Centrum - Universiteit van Amsterdam (AMC-UvA),OTHER,"Diabetes Mellitus, Type 2","PEF therapy using the Endogenex Device|Semaglutide, 1.0 mg/mL|Sham procedure",no,2023-08-03,2025-03-21,semaglutide,semaglutide,semaglutide,no
NCT07254715,Effect of Itopride on Semaglutide Gastroparesis,PHASE4,RECRUITING,INTERVENTIONAL,60,Ain Shams University,OTHER,Semaglutide-Induced Gastric Motility|Anesthesia,Itopride HCI 50 mg|Placebo,no,2025-12,2026-04,semaglutide,semaglutide,semaglutide,no
NCT05429593,A Research Study Investigating How Semaglutide and Dapagliflozin Act in Your Body When Dosed in One Tablet,PHASE1,COMPLETED,INTERVENTIONAL,152,Novo Nordisk A/S,INDUSTRY,Healthy Volunteers,Semaglutide|Dapagliflozin|Semaglutide/dapagliflozin,no,2022-06-22,2023-03-10,semaglutide,semaglutide,semaglutide,no
NCT05016882,Research Study on Whether a Combination of 2 Medicines (NNC0194 0499 and Semaglutide) Works in People With Non-alcoholic Steatohepatitis (NASH),PHASE2,COMPLETED,INTERVENTIONAL,698,Novo Nordisk A/S,INDUSTRY,Non-alcoholic Steatohepatitis,NNC0194 0499 50 mg/mL|Placebo (NNC0194-0499)|Semaglutide 3 mg/mL|Semaglutide placebo|NNC0174 0833 10 mg/mL|NNC0174 0833 placebo,no,2021-08-31,2024-12-17,semaglutide,semaglutide,semaglutide,no
NCT02254291,A Trial Comparing the Safety and Efficacy of Semaglutide Once Weekly Versus Sitagliptin Once Daily in Japanese Subjects With Type 2 Diabetes,PHASE3,COMPLETED,INTERVENTIONAL,308,Novo Nordisk A/S,INDUSTRY,"Diabetes|Diabetes Mellitus, Type 2",semaglutide|semaglutide|sitagliptin,yes,2014-10-02,2015-11-11,semaglutide,semaglutide,semaglutide,no
NCT06884293,A Study Comparing IBI362 vs Semaglutide in Chinese Overweight or Obese Adults With Metabolic Dysfunction-associated Fatty Liver Disease （MAFLD）,PHASE3,ACTIVE_NOT_RECRUITING,INTERVENTIONAL,479,Innovent Biologics (Suzhou) Co. Ltd.,INDUSTRY,Overweight|Metabolic Dysfunction-associated Fatty Liver Disease (MAFLD),IBI362|semaglutide,no,2025-05-09,2026-12-31,mazdutide;semaglutide,mazdutide,mazdutide,yes
NCT07411378,"Testing the Efficacy, Safety, and PK of 20E in Patients With Obesity Who Are Starting Treatment With the GLP-1 Agonist Semaglutide for Weight Loss.",PHASE2,NOT_YET_RECRUITING,INTERVENTIONAL,164,Biophytis,INDUSTRY,Muscle Wasting|Obesity & Overweight|Obesity,BIO101|Placebo|Semaglutide,no,2026-07,2027-06,semaglutide,semaglutide,semaglutide,no
NCT05897398,"SEMASEARCH, Retrospective/Prospective Cohort Nested at ATUc/AP2 WEGOVY®",NA,COMPLETED,OBSERVATIONAL,1100,Hospices Civils de Lyon,OTHER,Obesity|Bariatric Surgery|Binge Eating Disorder|Syndromic Obesity|Sarcopenic Obesity|Iatrogenic Obesity|Psychotropic Drugs,Data collection|Blood sampling|Questionnaires,no,2024-06-10,2025-06-10,semaglutide,semaglutide,semaglutide,no
NCT05669755,REDEFINE 3: A Research Study to See the Effects of CagriSema in People Living With Diseases in the Heart and Blood Vessels,PHASE3,ACTIVE_NOT_RECRUITING,INTERVENTIONAL,7101,Novo Nordisk A/S,INDUSTRY,Cardiovascular Disease,Cagrilintide|Semaglutide|Placebo,no,2023-03-01,2027-09-01,cagrisema;semaglutide,cagrilintide+semaglutide,cagrisema,yes
NCT06184633,DUTCH Weight Control in Atrial Fibrillation Study,PHASE4,RECRUITING,INTERVENTIONAL,280,Rijnstate Hospital,OTHER,Atrial Fibrillation|Obesity|Weight Loss,Semaglutide 3.2 MG/ML|Placebo,no,2024-07-21,2026-05-01,semaglutide,semaglutide,semaglutide,no
NCT06118008,A Study of HS-20094 in T2DM Participants,PHASE2,COMPLETED,INTERVENTIONAL,54,"Jiangsu Hansoh Pharmaceutical Co., Ltd.",INDUSTRY,Type 2 Diabetes,HS-20094 5mg|HS-20094 10mg|HS-20094 15mg|HS-20094 20mg,no,2023-05-31,2024-01-04,semaglutide,semaglutide,semaglutide,no
NCT04200625,Semaglutide vs Dulaglutide on Epicardial Adipose Tissue,NA,COMPLETED,OBSERVATIONAL,80,University of Miami,OTHER,Epicardial Fat,,no,2019-09-24,2019-12-09,dulaglutide;semaglutide,dulaglutide,dulaglutide,yes
NCT07390110,Comparative Effectiveness of Oral Semaglutide vs Sitagliptin Among Individuals With Heart Failure With Preserved Ejection Fraction (STEP-HFpEF DM ORAL),NA,ACTIVE_NOT_RECRUITING,OBSERVATIONAL,25664,Brigham and Women's Hospital,OTHER,Type 2 Diabetes|Heart Failure,Oral semaglutide|Sitagliptin,no,2026-01-24,2026-06-30,semaglutide,semaglutide,semaglutide,no
NCT04238962,A Research Study to Compare Two Different Forms of Once-weekly Semaglutide in Two Different Injection Pens,PHASE1,COMPLETED,INTERVENTIONAL,111,Novo Nordisk A/S,INDUSTRY,Overweight|Obesity,Semaglutide (administered by DV3396 pen-injector)|Semaglutide (administered by PDS290 pen-injector),no,2020-02-03,2020-10-20,semaglutide,semaglutide,semaglutide,no
NCT02060266,"Trial Investigating the Absorption, Metabolism and Excretion After a Single Subcutaneous Dose of [3H]-Semaglutide in Healthy Male Subjects",PHASE1,COMPLETED,INTERVENTIONAL,7,Novo Nordisk A/S,INDUSTRY,Diabetes|Healthy,semaglutide,no,2014-02-04,2014-04-28,semaglutide,semaglutide,semaglutide,no
NCT07446439,A Study to Evaluate Tradipitant on Treating Nausea and Vomiting Induced by GLP-1R Agonist Use,PHASE3,RECRUITING,INTERVENTIONAL,280,Vanda Pharmaceuticals,INDUSTRY,Nausea and Vomiting|Obesity,Tradipitant|Placebo,no,2026-03-27,2026-12-01,semaglutide,semaglutide,semaglutide,no
NCT07319975,Effect of Semaglutide and Tirzepatide Combined With Exercise in Obesity,NA,NOT_YET_RECRUITING,INTERVENTIONAL,48,Istanbul Galata University,OTHER,Obesity,Semaglutide|Tirzepatide|Tirzepatide+Exercise|Semaglutide+Exercise,no,2025-12-29,2026-10,tirzepatide;semaglutide,tirzepatide,tirzepatide,yes
NCT03899402,Triple Therapy in T1DM,PHASE2|PHASE3,ACTIVE_NOT_RECRUITING,INTERVENTIONAL,78,State University of New York at Buffalo,OTHER,Type 1 Diabetes Mellitus,Insulin|Semaglutide|Dapagliflozin|Placebo to Dapagliflozin,no,2019-05-01,2026-01-31,semaglutide,semaglutide,semaglutide,no
NCT05202353,A Study in People With Obesity to Test the Effects of BI 456906 Compared With Semaglutide on Glucagon Receptor Activity in the Liver,PHASE1,ACTIVE_NOT_RECRUITING,INTERVENTIONAL,29,Boehringer Ingelheim,INDUSTRY,Obesity,BI 456906|Semaglutide,no,2024-11-01,2027-01-06,survodutide;semaglutide,survodutide,survodutide,yes
NCT07187830,Visceral Adipose Tissue and Liver Changes Associated With Semaglutide in CKD,NA,RECRUITING,OBSERVATIONAL,52,University of Alberta,OTHER,Chronic Kidney Disease in Type 2 Diabetes|Obesity & Overweight,,no,2026-02-23,2027-12-15,semaglutide,semaglutide,semaglutide,no
NCT06605703,A Randomized Controlled Trial Comparing the Effectiveness of Different Treatment Options for Weight Management After Discontinuation of Semaglutide and Tirzepatide (GLP1 Transition Trial),PHASE4,COMPLETED,INTERVENTIONAL,226,WW International Inc,INDUSTRY,Obesity|Overweight,WW Clinic|Bupropion-Naltrexone|Bupropion-Naltrexone-Metformin,no,2024-09-18,2026-02-05,tirzepatide;semaglutide,tirzepatide,tirzepatide,yes
NCT06851962,Impact of Pharmacogenetic-Guided Treatment on Type 2 Diabetes.,PHASE4,COMPLETED,INTERVENTIONAL,92,Fundación para la Investigación del Hospital Clínico de Valencia,OTHER,Diabetes Mellitus Type 2,Metformin|Dulaglutide|Semaglutide 1.0 mg|Empagliflozin (BI 10773)|Canagliflozin|Dapagliflozin|pioglitazone|Sitagliptin|Vildagliptin (Galvus)|linagliptin,no,2025-05-26,2026-06-30,dulaglutide;semaglutide,dulaglutide,dulaglutide,yes
NCT05441267,A Study of Cardiovascular Events iN Diabetes Plus,PHASE4,ACTIVE_NOT_RECRUITING,INTERVENTIONAL,21296,University of Oxford,OTHER,"Diabetes Mellitus, Type 2",Semaglutide Oral Tablet|Placebo oral tablet,no,2023-03-13,2028-08-17,semaglutide,semaglutide,semaglutide,no
NCT03021187,Efficacy and Safety of Oral Semaglutide Versus Placebo in Subjects With Type 2 Diabetes Mellitus Treated With Insulin,PHASE3,COMPLETED,INTERVENTIONAL,731,Novo Nordisk A/S,INDUSTRY,"Diabetes|Diabetes Mellitus, Type 2",semaglutide|semaglutide|semaglutide|placebo,yes,2017-02-02,2018-01-18,semaglutide,semaglutide,semaglutide,no
NCT02231684,"Investigating the Pharmacokinetics of Subcutaneous Injections With 1 mg/mL, 3 mg/mL, and 10 mg/mL Semaglutide Strengths and the Absolute Bioavailability of Semaglutide",PHASE1,COMPLETED,INTERVENTIONAL,42,Novo Nordisk A/S,INDUSTRY,Diabetes|Healthy,semaglutide|semaglutide,no,2014-09,2015-01,semaglutide,semaglutide,semaglutide,no
NCT07737522,Myocardial Metabolic Flux in Pulmonary Arterial Hypertension,PHASE2,NOT_YET_RECRUITING,INTERVENTIONAL,32,Imperial College London,OTHER,Pulmonary Arterial Hypertension,GLP-1 agonist,no,2026-10-01,2028-10-01,semaglutide,semaglutide,semaglutide,no
NCT05813925,A Research Study to See How Well CagriSema Helps People in East Asia With Excess Body Weight Lose Weight,PHASE3,COMPLETED,INTERVENTIONAL,331,Novo Nordisk A/S,INDUSTRY,Obesity or Overweight,Cagrilintide|Semaglutide|Placebo Semaglutide,no,2023-04-03,2025-01-17,cagrisema;semaglutide,cagrilintide+semaglutide,cagrisema,yes
NCT05161429,BESTMED: Observational Evaluation of Second Line Therapy Medications in Diabetes,NA,UNKNOWN,OBSERVATIONAL,550000,Brigham and Women's Hospital,OTHER,"Diabetes Mellitus, Type 2",DPP4|GLP-1 receptor agonist|Basal Insulin|SLGT2|SU,no,2021-07-01,2024-06-30,dulaglutide;liraglutide;semaglutide,dulaglutide,dulaglutide,yes
NCT05502562,A Research Study to Understand How Oral Semaglutide Works in People With Type 2 Diabetes in India,NA,COMPLETED,OBSERVATIONAL,388,Novo Nordisk A/S,INDUSTRY,"Diabetes Mellitus, Type 2",Oral semaglutide,no,2023-02-24,2024-06-03,semaglutide,semaglutide,semaglutide,no
NCT05579977,Trial to Learn About the Study Medicine (PF-07081532) and Rybelsus in People With Type 2 Diabetes and Separately PF-07081532 in People With Obesity,PHASE2,TERMINATED,INTERVENTIONAL,902,Pfizer,INDUSTRY,Diabetes Mellitus|Obesity,PF-07081532|Placebo|Rybelsus,yes,2022-10-27,2023-07-14,semaglutide,semaglutide,semaglutide,no
NCT07801820,Phase 2 Clinical Study of MWN109 Tablets in Participants With Type 2 Diabetes Mellitus,PHASE2,RECRUITING,INTERVENTIONAL,240,"Shanghai Minwei Biotechnology Co., Ltd",INDUSTRY,Type 2 Diabetes Mellitus (T2DM),MWN109 1|MWN109 2|MWN109 3|MWN109 4|Placebo|Semaglutide Tablets,no,2026-06-23,2027-03,semaglutide,semaglutide,semaglutide,no
NCT05891496,A Research Study Looking at the Effect of Semaglutide on the Immune System and Other Biological Processes in People With Alzheimer's Disease,PHASE3,COMPLETED,INTERVENTIONAL,23,Novo Nordisk A/S,INDUSTRY,Alzheimers Disease,Semaglutide|Placebo,yes,2023-06-20,2024-08-19,semaglutide,semaglutide,semaglutide,no
NCT06401746,Body Surface Gastric Mapping in Patients on Semaglutide,NA,COMPLETED,OBSERVATIONAL,9,University of Western Sydney,OTHER,Semaglutide-Induced Gastric Motility|Gastroparesis,Gastric Alimetry,yes,2024-05-01,2025-03-13,semaglutide,semaglutide,semaglutide,no
NCT07293325,Semaglutide and Tirzepatide for Genetic Aging Delay in Adults With Obesity,NA,RECRUITING,INTERVENTIONAL,66,"Second Affiliated Hospital, Zhejiang University, School of Medicine",OTHER,Adults With Simple Obesity,Semaglutide|Tirzepatide|Metformin,no,2025-06-02,2027-04-02,tirzepatide;semaglutide,tirzepatide,tirzepatide,yes
NCT05829460,Primary Prevention and Uterine Preservation in Premenopausal Women With Obesity and Endometrial Hyperplasia,PHASE2,WITHDRAWN,INTERVENTIONAL,0,Washington University School of Medicine,OTHER,Endometrial Hyperplasia,Semaglutide|Placebo|LNG-IUD (Progestin)|Telemedicine behavioral weight program,no,2025-03-12,2030-04-30,semaglutide,semaglutide,semaglutide,no
NCT05755360,DOORS: A Research Study to Understand How Oral Semaglutide Works in People With Type 2 Diabetes Who Change From Dipeptidyl Peptidase-4 Inhibitor (DPP4i) Treatment to Oral Semaglutide in Italy,NA,COMPLETED,OBSERVATIONAL,291,Novo Nordisk A/S,INDUSTRY,"Diabetes Mellitus, Type 2",Semaglutide,no,2023-02-21,2024-10-21,semaglutide,semaglutide,semaglutide,no
NCT06830343,"The Safety, Tolerability, and Pharmacokinetics of of SYH9017 in Chinese Participants With Overweight and Obesity",PHASE1,RECRUITING,INTERVENTIONAL,66,"CSPC Baike (Shandong) Biopharmaceutical Co., Ltd.",INDUSTRY,Overweight or Obesity,SYH9017|Placebo|Wegovy ®,no,2025-02-27,2026-08-01,semaglutide,semaglutide,semaglutide,no
NCT02070510,A Trial Investigating the Influence of Oral Semaglutide on the Pharmacokinetics of Lisinopril and Warfarin in Healthy Subjects,PHASE1,COMPLETED,INTERVENTIONAL,52,Novo Nordisk A/S,INDUSTRY,Diabetes|Healthy,semaglutide|lisinopril|warfarin|placebo,no,2014-02-27,2014-08-20,semaglutide,semaglutide,semaglutide,no
NCT01572753,Investigation of Optimal Dosing Conditions for a Long Acting GLP-1 Analogue in Healthy Male Subjects,PHASE1,COMPLETED,INTERVENTIONAL,161,Novo Nordisk A/S,INDUSTRY,"Diabetes|Diabetes Mellitus, Type 2|Healthy",semaglutide|semaglutide|semaglutide|semaglutide|semaglutide|semaglutide|semaglutide|semaglutide,no,2012-04-12,2012-09-08,semaglutide,semaglutide,semaglutide,no
NCT05574439,Young Adults With Early-onset Obesity Treated With Semaglutide,PHASE4,COMPLETED,INTERVENTIONAL,246,Signe Torekov,OTHER,"Obesity, Adolescent",TCOC treatment|Semaglutide 3 mg/ml|Placebo (Semaglutide 3 mg/ml),no,2022-05-30,2026-04-01,semaglutide,semaglutide,semaglutide,no
NCT03498001,Effects of GLP-1 Agonists on CArdiac Steatosis Evaluated by Magnetic Resonance Imaging,NA,COMPLETED,INTERVENTIONAL,42,Centre Hospitalier Universitaire Dijon,OTHER,Type II Diabetes,GLP-1 agonists|Cardiac MRI|Follow up by phone,no,2018-04-16,2023-06-06,dulaglutide;liraglutide;semaglutide,dulaglutide,dulaglutide,yes
NCT06571383,STEP TEENS Weight Maintenance: A Research Study on How Well Semaglutide Helps Teenagers With Excess Body Weight to Lose Weight and Maintain Weight Loss,PHASE4,ACTIVE_NOT_RECRUITING,INTERVENTIONAL,500,Novo Nordisk A/S,INDUSTRY,Obesity,Semaglutide,no,2024-09-17,2028-11-15,semaglutide,semaglutide,semaglutide,no
NCT07668388,A Research Study Comparing How Well Different Doses of the Medicine UBT251 Lower Blood Sugar in People With Type 2 Diabetes,PHASE2,RECRUITING,INTERVENTIONAL,300,Novo Nordisk A/S,INDUSTRY,"Diabetes Mellitus, Type 2",UBT251|UBT251 Placebo|Semaglutide|Semaglutide Placebo,no,2026-06-22,2027-10-04,semaglutide,semaglutide,semaglutide,no
NCT07285902,A Study Comparing the Efficacy and Safety of HRS9531 Injection With Semaglutide Injection in Subjects With Obesity,PHASE3,ACTIVE_NOT_RECRUITING,INTERVENTIONAL,572,"Fujian Shengdi Pharmaceutical Co., Ltd.",INDUSTRY,Obesity,HRS9531 injection|Semaglutide Injection,no,2025-12-25,2027-03,semaglutide,semaglutide,semaglutide,no
NCT07156331,Research on Effects of Drugs on Body Composition and Function With Imaging in Diabetes,NA,NOT_YET_RECRUITING,OBSERVATIONAL,20,Kristin Clemens,OTHER,Type 2 Diabetes,,no,2025-10-01,2027-10-01,tirzepatide;semaglutide,tirzepatide,tirzepatide,yes
NCT05078255,The Separate and Combined Effects of Long-term GIP and GLP-1 Receptor Activation in Patients with Type 2 Diabetes,NA,COMPLETED,INTERVENTIONAL,61,"Asger Lund, MD",OTHER,Type 2 Diabetes|Obesity,Semaglutide 1.34 MG/ML [Ozempic]|Glucose-dependent insulinotropic polypeptide (GIP)|Semaglutide 1.34 mg/ml placebo|GIP placebo,no,2022-01-27,2025-01-06,semaglutide,semaglutide,semaglutide,no
NCT06633783,A Phase III Study Comparing the Weight Loss Effects of Semaglutide Injection and Wegovy®,PHASE3,NOT_YET_RECRUITING,INTERVENTIONAL,370,"Hangzhou Jiuyuan Gene Engineering Co. Ltd.,",INDUSTRY,Obesity,Semaglutide|Semaglutide,no,2024-10-30,2026-05-30,semaglutide,semaglutide,semaglutide,no
NCT06972992,"A Study to Evaluate Safety, Tolerability, Pharmacokinetics and Pharmacodynamics of ASC47 in Combination With Semaglutide",PHASE1,COMPLETED,INTERVENTIONAL,28,"Ascletis Pharma (China) Co., Limited",INDUSTRY,Chronic Weight Management,ASC47 +Semaglutide|Placebo+Semaglutide,no,2025-04-18,2025-09-22,semaglutide,semaglutide,semaglutide,no
NCT01766245,"A Randomised, Single Centre, Double-blind, Two-period, Cross-over Trial in Healthy Subjects Investigating the Bioequivalence Between Subcutaneous Injections of Semaglutide Produced by Two Manufacturing Processes",PHASE1,COMPLETED,INTERVENTIONAL,28,Novo Nordisk A/S,INDUSTRY,Diabetes|Healthy,semaglutide,no,2012-12,2013-05,semaglutide,semaglutide,semaglutide,no
NCT03724981,A Study Comparing the Dulaglutide Pen and the Semaglutide Pen,PHASE4,COMPLETED,INTERVENTIONAL,312,Eli Lilly and Company,INDUSTRY,"Diabetes Mellitus, Type 2",Dulaglutide Pen|Semaglutide Pen,yes,2018-10-18,2019-04-12,dulaglutide;semaglutide,dulaglutide,dulaglutide,yes
NCT06499857,Semaglutide for Metabolic Intervention and Adipose Loss to Treat Atrial Fibrillation,PHASE3,RECRUITING,INTERVENTIONAL,200,University of Chicago,OTHER,Overweight or Obesity|Atrial Fibrillation,Semaglutide|Placebo,no,2025-04-14,2027-12,semaglutide,semaglutide,semaglutide,no
NCT07592546,Translational Health Research Into Vascular and Neurocognitive Effects of Weight Loss,PHASE4,NOT_YET_RECRUITING,INTERVENTIONAL,240,Alain Dagher,OTHER,Class I/II Obesity,semaglutide,no,2026-08-01,2028-12-01,semaglutide,semaglutide,semaglutide,no
NCT02249910,Investigating the Influence of Oral Semaglutide on Pharmacokinetics of Metformin and Digoxin in Healthy Subjects,PHASE1,COMPLETED,INTERVENTIONAL,32,Novo Nordisk A/S,INDUSTRY,Diabetes|Healthy,semaglutide|metformin|digoxin|placebo,no,2014-09-18,2015-03-06,semaglutide,semaglutide,semaglutide,no
NCT07056803,Oral vs. Subcutaneous Semaglutide in Type 2 Diabetes Mellitus,NA,COMPLETED,OBSERVATIONAL,212,University of Palermo,OTHER,Diabetes Mellitus Type 2,Oral semaglutide|subcutaneous semaglutide,no,2024-01-01,2024-06-25,semaglutide,semaglutide,semaglutide,no
NCT05501483,Adipose Tissue Heterogeneity and Its Link to Type 2 Diabetes,NA,RECRUITING,INTERVENTIONAL,60,Karolinska Institutet,OTHER,Type 2 Diabetes,Pioglitazone 45 mg|Empagliflozin 25 MG|Semaglutide 7 MG,no,2023-02-08,2026-09-01,semaglutide,semaglutide,semaglutide,no
NCT04854083,Semaglutide as an Adjunct to Dieting in the Treatment of Type 2 Diabetes,PHASE4,UNKNOWN,INTERVENTIONAL,50,Kirsi Pietiläinen,OTHER,Type2 Diabetes,"Semaglutide, 1.34 mg/mL|Placebo",no,2022-02-17,2025-08,semaglutide,semaglutide,semaglutide,no
NCT06989203,Protein Supplementation Intervention on Body Weight,NA,RECRUITING,INTERVENTIONAL,140,Chinese Academy of Sciences,OTHER_GOV,Obesity|Weight Loss|Protein Supplementation,General lifestyle and nutritional education|Calorie-restricted balanced diet|semaglutide|Dietary protein supplementation,no,2025-06-10,2026-12-31,semaglutide,semaglutide,semaglutide,no
NCT05254314,"Glucagon-Like Peptide-1 Receptor Agonist in the Treatment of Adult, Obesity-related, Symptomatic Asthma (GATA-3)",PHASE2,ACTIVE_NOT_RECRUITING,INTERVENTIONAL,100,Vanderbilt University Medical Center,OTHER,Asthma,Semaglutide Pen Injector 2.4mg weekly|Placebo,no,2022-10-11,2026-09,semaglutide,semaglutide,semaglutide,no
NCT05249881,"""Efficacy of Once Weekly GLP 1 Analogue: Semaglutide. A Multicenter Experience From Pakistan.""",EARLY_PHASE1,UNKNOWN,INTERVENTIONAL,300,Aga Khan University,OTHER,"Diabetes Mellitus, Type 2|Weight Change, Body",Semaglutide Pen Injector,no,2022-03-10,2022-12,semaglutide,semaglutide,semaglutide,no
NCT06363747,The Medically Reproducing Bariatric Surgery (MRB) II Study,PHASE2|PHASE3,ACTIVE_NOT_RECRUITING,INTERVENTIONAL,50,Durham VA Medical Center,FED,Type 2 Diabetes|Obesity,Very Low Calorie Diet,no,2024-06-24,2025-11-03,semaglutide,semaglutide,semaglutide,no
NCT06507475,Real World Effectiveness of Oral Semaglutide in Thailand Participants With Type 2 Diabetes,NA,COMPLETED,OBSERVATIONAL,209,Novo Nordisk A/S,INDUSTRY,"Diabetes Mellitus, Type 2",Semaglutide,no,2024-09-07,2024-12-20,semaglutide,semaglutide,semaglutide,no
NCT07770841,Research Study on How Well Oral Semaglutide Works for Weight Loss in Adults With Excess Body Weight,PHASE3,RECRUITING,INTERVENTIONAL,450,Novo Nordisk A/S,INDUSTRY,Overweight|Obesity,Semaglutide|Placebo,no,2026-08-12,2028-02-22,semaglutide,semaglutide,semaglutide,no
NCT05622045,"Does Personality Predict Patient Adherence, Health Behaviors, and Weight Loss Outcomes During the Latino Crossover Semaglutide Study (LCSS)? (Story-LCSS Project)",NA,ACTIVE_NOT_RECRUITING,OBSERVATIONAL,59,Loma Linda University,OTHER,Obesity|Body Weight Changes,Voice data,no,2023-02-01,2024-05-29,semaglutide,semaglutide,semaglutide,no
NCT07018544,"A Multicentre, Prospective, Single-arm, Non-interventional Regulatory Post-marketing Surveillance (rPMS) Study to Investigate the Safety and Effectiveness of Wegovy® (Semaglutide) in Patients With Obesity and Patients With Overweight in Routine Clinical Practice in Korea",NA,ENROLLING_BY_INVITATION,OBSERVATIONAL,840,Novo Nordisk A/S,INDUSTRY,Obesity and Overweight,semaglutide,no,2024-11-19,2027-02-28,semaglutide,semaglutide,semaglutide,no
NCT02863419,Efficacy and Safety of Oral Semaglutide Versus Liraglutide and Versus Placebo in Subjects With Type 2 Diabetes Mellitus,PHASE3,COMPLETED,INTERVENTIONAL,711,Novo Nordisk A/S,INDUSTRY,"Diabetes|Diabetes Mellitus, Type 2",semaglutide|liraglutide|placebo,yes,2016-08-10,2017-08-19,liraglutide;semaglutide,liraglutide,liraglutide,yes
NCT06959784,Assessing Incretin Therapy for Cardiovascular Risk Reduction and Diabetes Remission( ITCRDR Study),PHASE4,ENROLLING_BY_INVITATION,INTERVENTIONAL,142,China-Japan Friendship Hospital,OTHER,Diabetes Mellitus|Cardiovascular Diseases|Cerebrovascular Disease,semaglutide|Metformin,no,2024-01-01,2026-12-31,semaglutide,semaglutide,semaglutide,no
NCT06072963,COMMETS- Combination MCI Metabolic Syndrome,PHASE2,RECRUITING,INTERVENTIONAL,80,"Rutgers, The State University of New Jersey",OTHER,Alzheimer Disease|Mild Cognitive Impairment|Metabolic Syndrome,Semaglutide|Intranasal insulin|Semaglutide placebo|Intranasal insulin placebo,no,2024-01-30,2027-12-01,semaglutide,semaglutide,semaglutide,no
NCT04741074,Effect of Subcutaneous Semaglutide on Kidney Transplant Candidacy,PHASE3,TERMINATED,INTERVENTIONAL,15,Geisinger Clinic,OTHER,CKD|Diabetic Kidney Disease|Type 2 Diabetes Mellitus in Obese|Obesity|Severe Obesity,"Semaglutide 2 mg/1.5 ml (1.34 mg/ml), prefilled pen-injector for subcutaneous injection solution|Placebo 1.5 ml, prefilled pen-injector for subcutaneous injection solution",yes,2021-07-23,2023-01-31,semaglutide,semaglutide,semaglutide,no
NCT03191396,Research Study Comparing a New Medicine Semaglutide to Liraglutide in People With Type 2 Diabetes,PHASE3,COMPLETED,INTERVENTIONAL,577,Novo Nordisk A/S,INDUSTRY,"Diabetes|Diabetes Mellitus, Type 2",Semaglutide|Liraglutide,yes,2017-06-27,2018-07-09,liraglutide;semaglutide,liraglutide,liraglutide,yes
NCT02146079,"A Trial to Assess the Pharmacokinetics, Pharmacodynamics, and the Safety and Tolerability of Semaglutide in Healthy Male Japanese and Caucasian Subjects",PHASE1,COMPLETED,INTERVENTIONAL,44,Novo Nordisk A/S,INDUSTRY,"Diabetes|Diabetes Mellitus, Type 2|Healthy",semaglutide|placebo,no,2014-05-21,2014-10-20,semaglutide,semaglutide,semaglutide,no
NCT06422624,"A Study to Evaluate Safety, Tolerability and pK of Semaglutide ER Injectable Suspension in Healthy, Adult Human Subjects",PHASE1,UNKNOWN,INTERVENTIONAL,14,"Bostal Drug Delivery Co., Ltd",INDUSTRY,"Diabetes Mellitus, Type 2","Semaglutide Extended-release for Injectable Suspension, 1 mg|Semaglutide Extended-release for Injectable Suspension, 4 mg|Semaglutide Extended-release for Injectable Suspension, 8 mg",no,2024-08,2024-11,semaglutide,semaglutide,semaglutide,no
NCT06215196,Effectiveness and Safety of Semaglutide Combined With Dietary Fiber (Soloways) in Adults With Overweight or Obesity,NA,COMPLETED,INTERVENTIONAL,81,S.LAB (SOLOWAYS),OTHER,Overweight and Obesity,Fiber Supplement Group|placebo,no,2023-04-14,2023-06-28,semaglutide,semaglutide,semaglutide,no
NCT03292315,Once Weekly GLP-1 in Persons With Spinal Cord Injury,PHASE4,COMPLETED,INTERVENTIONAL,5,James J. Peters Veterans Affairs Medical Center,FED,Spinal Cord Injuries|Insulin Resistance|Pre Diabetes|Obesity,Semaglutide 1MG Injection [Ozempic]|No Intervention,no,2018-10-16,2020-03-01,semaglutide,semaglutide,semaglutide,no
NCT06751589,A Study of a Weight Loss Intervention in People With Endometrial Cancer,EARLY_PHASE1,RECRUITING,INTERVENTIONAL,36,Memorial Sloan Kettering Cancer Center,OTHER,Endometrial Cancer,Tirzepatide,no,2024-12-19,2027-12,tirzepatide;semaglutide,tirzepatide,tirzepatide,yes
NCT07621640,Brown Adipose Tissue as a Mechanistic Determinant of Semaglutide Treatment Response in Obesity (BAT-Sema Study),NA,NOT_YET_RECRUITING,INTERVENTIONAL,80,Hallym University,OTHER,Obesity|Metabolic Syndrome|Brown Adipose Tissue,Semaglutide (Wegovy®)|¹⁸FDG-PET/CT with cold stimulation|Liver MRI (PDFF + MRE),no,2026-06,2028-02,semaglutide,semaglutide,semaglutide,no
NCT05996848,A Research Study to See How Well CagriSema Helps People in China With Excess Body Weight Lose Weight,PHASE3,COMPLETED,INTERVENTIONAL,300,Novo Nordisk A/S,INDUSTRY,Obesity or Overweight,Cagrilintide|Semaglutide|Placebo Semaglutide|Placebo Cagrilintide,no,2023-08-15,2025-01-06,cagrisema;semaglutide,cagrilintide+semaglutide,cagrisema,yes
NCT05236517,A Research Study Looking at How 50 mg Semaglutide Daily Affects Food Intake and Emptying of the Stomach in People With Obesity,PHASE1,COMPLETED,INTERVENTIONAL,60,Novo Nordisk A/S,INDUSTRY,Obesity,Semaglutide D Dose 1|Semaglutide D Dose 2|Semaglutide D Dose 3|Semaglutide C Dose 4|Semaglutide C Dose 5 (50 mg)|Placebo (Semaglutide C)|Placebo ( Semaglutide D),no,2022-02-08,2022-09-29,semaglutide,semaglutide,semaglutide,no
NCT07115069,Comparison of Body Composition Changes With Weight Loss Interventions,NA,ACTIVE_NOT_RECRUITING,OBSERVATIONAL,60,Vanderbilt University Medical Center,OTHER,Obesity,GLP-1 receptor agonist|Gastric Bypass Surgery (laparoscopic)|Gastric Bypass Surgery (robotic),no,2025-08-09,2027-06,tirzepatide;semaglutide,tirzepatide,tirzepatide,yes
NCT06338553,GLP-1Ra Impact on Metabolic Outcomes in Stage 2 T1DM While Receiving Teplizumab,EARLY_PHASE1,RECRUITING,INTERVENTIONAL,24,Vanderbilt University Medical Center,OTHER,Type 1 Diabetes,Semaglutide (Rybelsus®)|Placebo,no,2024-06-12,2027-03,semaglutide,semaglutide,semaglutide,no
NCT02827708,Efficacy and Safety of Oral Semaglutide Versus Placebo in Subjects With Type 2 Diabetes and Moderate Renal Impairment,PHASE3,COMPLETED,INTERVENTIONAL,324,Novo Nordisk A/S,INDUSTRY,"Diabetes|Diabetes Mellitus, Type 2",semaglutide|placebo,yes,2016-09-20,2018-04-10,semaglutide,semaglutide,semaglutide,no
NCT07163624,UBT251 Injection Phase II (Type 2 Diabetes Mellitus) Study,PHASE2,COMPLETED,INTERVENTIONAL,211,"The United Bio-Technology (Hengqin) Co., Ltd.",INDUSTRY,Type 2 Diabetes Mellitus (T2DM),UBT251 Injection 2.0 mg and UBT251 Injection Placebo|UBT251 Injection 4.0 mg (ID 0.5 mg) and UBT251 Injection Placebo|UBT251 Injection 4.0 mg (ID 1.0 mg) and UBT251 Injection Placebo|UBT251 Injection 6.0 mg and UBT251 Injection Placebo|Semaglutide Injection (Ozempic®),no,2025-03-22,2025-11-21,semaglutide,semaglutide,semaglutide,no
NCT07554417,"Combatting Muscle Loss in Obese Adult Patients on GLP-1 Medications Through Dietary Counseling and Exercise During Treatment Evaluates Whether a 12-week Exercise and Individualized Nutrition Program Can Reduce Muscle and Bone Loss and Improve Strength, Fitness, and Function in Obese Adults on GLP-1",PHASE4,NOT_YET_RECRUITING,INTERVENTIONAL,20,William Marsh Rice University,OTHER,GLP - 1|Obesity & Overweight|Muscle Loss|Exercise Intervention|Dietary Assessment,Semaglutide|Dietary Counseling|Exercise,no,2026-04-06,2026-06-29,semaglutide,semaglutide,semaglutide,no
NCT02557620,Comparing Semaglutide Administered Subcutaneously Once Daily to Semaglutide Administered Subcutaneously Once Weekly,PHASE1,COMPLETED,INTERVENTIONAL,113,Novo Nordisk A/S,INDUSTRY,Diabetes|Healthy,semaglutide|placebo,no,2015-09,2016-04,semaglutide,semaglutide,semaglutide,no
NCT06546384,"GLP-1 RA on Alcohol Consumption, Metabolism and Liver Parameters in Patients With Obesity and Fatty Liver Disease",NA,NOT_YET_RECRUITING,INTERVENTIONAL,64,"Insel Gruppe AG, University Hospital Bern",OTHER,Adiposity|Fatty Liver|Alcohol Use Disorder,Semaglutide|Weight reduction recommendations (nutritional and exercise),no,2026-11-01,2026-12-31,semaglutide,semaglutide,semaglutide,no
NCT05877547,A Clinical Study of Efinopegdutide in Participants With Precirrhotic Nonalcoholic Steatohepatitis (NASH) (MK-6024-013),PHASE2,COMPLETED,INTERVENTIONAL,381,Merck Sharp & Dohme LLC,INDUSTRY,"Non-alcoholic Fatty Liver Disease|Fatty Liver, Nonalcoholic|NAFLD|Nonalcoholic Fatty Liver Disease|Nonalcoholic Steatohepatitis",Efinopegdutide|Semaglutide|Placebo,no,2023-06-23,2025-12-29,semaglutide,semaglutide,semaglutide,no
NCT05766709,A Research Study Comparing Blood Levels of Medicines NNC0194-0499 and Semaglutide Administered as a Combination Formulation Versus Two Separate Formulations,PHASE1,COMPLETED,INTERVENTIONAL,53,Novo Nordisk A/S,INDUSTRY,Non-alcoholic Steatohepatitis,NNC0194-0499|Semaglutide|NNC0194-0499/Semaglutide A (40/3.20 mg/mL)|NNC0194-0499/Semaglutide A (40/0.33mg/mL),no,2023-03-02,2024-01-05,semaglutide,semaglutide,semaglutide,no
NCT05468632,A Study in North Macedonia Investigating Retrospective Data of Glucagon-like Peptide-1 (GLP-1) Participants With Type 2 Diabetes (T2D) in Real World Environment (RWE) Setting (MIRAGE),NA,COMPLETED,OBSERVATIONAL,314,Novo Nordisk A/S,INDUSTRY,"Diabetes Mellitus, Type 2",Semaglutide,no,2022-07-05,2022-07-31,semaglutide,semaglutide,semaglutide,no
NCT07225816,"Examination of How the Duration of Fasting and Temporary Stopping of GLP-1 Medications Affect the Amount of Food Left in the Stomach in People Using Liraglutide (Injected), Semaglutide (Taken by Mouth) or Semaglutide (Injected)",PHASE1,RECRUITING,INTERVENTIONAL,71,Novo Nordisk A/S,INDUSTRY,Obesity,Liraglutide|Oral Semaglutide|Semaglutide,no,2025-11-07,2026-12-13,liraglutide;semaglutide,liraglutide,liraglutide,yes
NCT05478252,A Research Study to Compare Two Semaglutide Medicines in People With Type 2 Diabetes,PHASE3,COMPLETED,INTERVENTIONAL,388,Novo Nordisk A/S,INDUSTRY,"Diabetes Mellitus, Type 2",Semaglutide J|Semaglutide B,yes,2022-08-03,2023-08-09,semaglutide,semaglutide,semaglutide,no
NCT06937060,Effect of Semaglutide in Patients With Psoriasis and Obesity,PHASE3,RECRUITING,INTERVENTIONAL,14,The University of Hong Kong,OTHER,Psoriasis (PsO)|Obesity and Overweight,semaglutide,no,2025-03-20,2026-07-31,semaglutide,semaglutide,semaglutide,no
NCT04889183,SeMaglutide and Albuminuria Reduction Trial in Obese Individuals Without Diabetes,PHASE3,COMPLETED,INTERVENTIONAL,125,University Medical Center Groningen,OTHER,Obesity|Albuminuria,Semaglutide|Placebo,no,2022-03-14,2024-05-28,semaglutide,semaglutide,semaglutide,no
NCT06914141,Comparative Effectiveness of Tirzepatide Versus Semaglutide in Individuals With Heart Failure With Preserved Ejection Fraction,NA,COMPLETED,OBSERVATIONAL,28118,Brigham and Women's Hospital,OTHER,"Diabetes Mellitus, Type 2|HFpEF - Heart Failure With Preserved Ejection Fraction",Tirzepatide|Semaglutide,no,2025-01-14,2025-06-01,tirzepatide;semaglutide,tirzepatide,tirzepatide,yes
NCT07392151,Reversal to Normoglycemia by Treating Prediabetes,PHASE3,NOT_YET_RECRUITING,INTERVENTIONAL,158,Michael Mæng,OTHER,Prediabetes|Chronic Coronary Syndrome,Intensified medical follow-up and glucose-lowering drugs|No intervention,no,2026-02,2029-10,semaglutide,semaglutide,semaglutide,no
NCT07073053,The Role of Glucagon-Like Peptide-1 Receptor Agonists in Coronary Artery Diseases and Their Potential Mechanisms,PHASE4,NOT_YET_RECRUITING,INTERVENTIONAL,60,"Taipei Veterans General Hospital, Taiwan",OTHER_GOV,Glucagon-Like Peptide-1 Receptor Agonists|Type 2 Diabetes|Coronary Arterial Disease (CAD),Semaglutide 1.0 mg|Semaglutide 0.5 mg,no,2025-10-01,2028-07-31,semaglutide,semaglutide,semaglutide,no
NCT06161844,Efficacy and Safety of Semaglutide Injection (HD1916) in Patients With Type 2 Diabetes Mellitus,PHASE3,COMPLETED,INTERVENTIONAL,506,"CSPC ZhongQi Pharmaceutical Technology Co., Ltd.",INDUSTRY,Type 2 Diabetes Mellitus,semaglutide injection (HD1916)|Ozempic®,no,2024-02-23,2025-05-14,semaglutide,semaglutide,semaglutide,no
NCT05302596,Semaglutide Use in Elderly Obese Patients,PHASE2,COMPLETED,INTERVENTIONAL,16,State University of New York at Buffalo,OTHER,Obesity|Aging,Semaglutide Pen Injector,yes,2022-09-01,2023-10-23,semaglutide,semaglutide,semaglutide,no
NCT05870462,Semaglutide and Vascular Regeneration,PHASE4,UNKNOWN,INTERVENTIONAL,100,Canadian Medical and Surgical Knowledge Translation Research Group,OTHER,"Atherosclerosis|Cardiovascular Diseases|Diabetes Mellitus, Type 2|Obesity",Semaglutide Pen Injector,no,2023-04-29,2024-12,semaglutide,semaglutide,semaglutide,no
NCT03811561,A Research Study to Look at How Semaglutide Compared to Placebo Affects Diabetic Eye Disease in People With Type 2 Diabetes,PHASE3,ACTIVE_NOT_RECRUITING,INTERVENTIONAL,1500,Novo Nordisk A/S,INDUSTRY,"Diabetes Mellitus, Type 2",Semaglutide|Placebo (semaglutide),no,2019-05-08,2027-11-07,semaglutide,semaglutide,semaglutide,no
NCT05424003,Randomized Double Blinded Placebo-Controlled w/Semaglutide to Prevent Weight Gain After Liver Transplant,PHASE2,RECRUITING,INTERVENTIONAL,50,University of Virginia,OTHER,NAFLD,Semaglutide Pen Injector|Placebo,no,2024-02-22,2026-08-01,semaglutide,semaglutide,semaglutide,no
NCT07043361,"Efficacy of Semaglutide in Glycemic Control, Weight Loss, and Improving Lipidogram- Role of Baseline Vitamin D Levels",NA,COMPLETED,OBSERVATIONAL,5300,Hillel Yaffe Medical Center,OTHER_GOV,Metabolic Disease,semaglutide,no,2023-12-18,2024-12-21,semaglutide,semaglutide,semaglutide,no
NCT06221969,A Research Study to See How Much CagriSema Lowers Blood Sugar and Body Weight Compared to Tirzepatide in People With Type 2 Diabetes Treated With Metformin With or Without an SGLT2 Inhibitor,PHASE3,COMPLETED,INTERVENTIONAL,1024,Novo Nordisk A/S,INDUSTRY,Type 2 Diabetes,Cagrilintide|Semaglutide|Tirzepatide,no,2024-01-16,2026-03-04,cagrisema;tirzepatide;semaglutide,cagrilintide+semaglutide,cagrisema,yes
NCT07465965,A Clinical Study of Semaglutide Nasal Spray in Overweight or Obese Adults,PHASE1,RECRUITING,INTERVENTIONAL,60,"Shanghai World Leader Pharmaceutical Co., Ltd.",INDUSTRY,Overweight|Obesity,Semaglutide Nasal Spray|Placebo|Semaglutide Injection,no,2026-03-02,2026-08-21,semaglutide,semaglutide,semaglutide,no
NCT07150975,Phase III Clinical Study Comparing the Efficacy and Safety of GZR18 Injection and Semaglutide (Wegovy®) in Adult Obese or Overweight Subjects,PHASE3,RECRUITING,INTERVENTIONAL,420,Gan & Lee Pharmaceuticals.,INDUSTRY,Obesity/Overweight in Adult,GZR18|Semaglutide(Wegovy® ),no,2025-09-23,2027-06-30,semaglutide,semaglutide,semaglutide,no
NCT05352815,"A Research Study to See How Well the New Weekly Medicine IcoSema, Which is a Combination of Insulin Icodec and Semaglutide, Controls Blood Sugar Level in People With Type 2 Diabetes Compared to Weekly Insulin Icodec",PHASE3,COMPLETED,INTERVENTIONAL,1291,Novo Nordisk A/S,INDUSTRY,"Diabetes Mellitus, Type 2",IcoSema|Insulin icodec,yes,2022-06-01,2024-03-19,semaglutide,semaglutide,semaglutide,no
NCT06500143,Residual Gastric Content After Holding of Glucagon-like Peptide-1 Receptor Agonists Before Elective Surgery,NA,COMPLETED,OBSERVATIONAL,94,Ciusss de L'Est de l'Île de Montréal,OTHER,Gastric Retention,Gastric ultrasound,no,2024-10-09,2025-02-28,dulaglutide;semaglutide,dulaglutide,dulaglutide,yes
NCT06492330,Efficacy and Safety of CS0159 Combined With Semaglutide in MASH Patients With Obesity and T2DM,NA,COMPLETED,INTERVENTIONAL,62,Shanghai Jiao Tong University School of Medicine,OTHER,"Metabolic Dysfunction-Associated Steatohepatitis (MASH)|Obesity|Diabetes Mellitus, Type 2",CS0159|CS0159 placebo,no,2024-07-19,2025-02-28,semaglutide,semaglutide,semaglutide,no
NCT06318442,The GAPSID Study - How GLP-1 Analogues Prevent Steroid-Induced Diabetes,NA,RECRUITING,INTERVENTIONAL,60,Imperial College London,OTHER,Steroid-Induced Diabetes|Steroid Induced Hyperglycemia,Semaglutide Oral Product|Metformin Oral Tablet|Placebo,no,2024-05-15,2027-06-01,semaglutide,semaglutide,semaglutide,no
NCT03987451,A Research Study on How Semaglutide Works in People With Fatty Liver Disease and Liver Damage,PHASE2,COMPLETED,INTERVENTIONAL,71,Novo Nordisk A/S,INDUSTRY,Non-alcoholic Steatohepatitis,Semaglutide|Placebo (semaglutide),yes,2019-06-18,2021-04-22,semaglutide,semaglutide,semaglutide,no
NCT05173714,"Sit Less, Interact and Move More (SLIMM) 2 Study",PHASE2,RECRUITING,INTERVENTIONAL,156,Srinvasan Beddhu,OTHER,Chronic Kidney Diseases|Obesity,SLIMM|Standard Resistance Training|Guided Resistance Training|Placebo|Semaglutide,no,2021-12-01,2026-12-31,semaglutide,semaglutide,semaglutide,no
NCT04515849,A Study of Cotadutide in Participants Who Have Chronic Kidney Disease With Type 2 Diabetes Mellitus,PHASE2,COMPLETED,INTERVENTIONAL,248,AstraZeneca,INDUSTRY,Type 2 Diabetes Mellitus|Chronic Kidney Diseases,Cotadutide 100 micrograms|Cotadutide 300 micrograms|Cotadutide 600 micrograms|Semaglutide|Placebo,yes,2020-08-31,2022-03-08,semaglutide,semaglutide,semaglutide,no
NCT06639464,Semaglutide for Helping Opioid Recovery,PHASE2,RECRUITING,INTERVENTIONAL,46,Brigham and Women's Hospital,OTHER,Opioid Use Disorder,Semaglutide|Placebo,no,2025-06-02,2026-08-31,semaglutide,semaglutide,semaglutide,no
NCT05579249,A Research Study Comparing Wegovy to Other Weight Management Drugs in People Living With Obesity in America,PHASE4,COMPLETED,INTERVENTIONAL,500,Novo Nordisk A/S,INDUSTRY,Obesity,Semaglutide|Orlistat|Phentermine/Topiramate|Naltrexone/Bupropion|Liraglutide,yes,2023-01-19,2024-11-27,liraglutide;semaglutide,liraglutide,liraglutide,yes
NCT05040971,Research Study Looking at How Well Semaglutide Works in People Living With Obesity and Prediabetes,PHASE3,COMPLETED,INTERVENTIONAL,207,Novo Nordisk A/S,INDUSTRY,Obesity,Semaglutide 2.4 mg|Placebo,yes,2021-09-06,2023-01-06,semaglutide,semaglutide,semaglutide,no
NCT05533632,Safety Study of Weekly Semaglutide in Chilean Participants With Type 2 Diabetes,PHASE4,COMPLETED,INTERVENTIONAL,104,Novo Nordisk A/S,INDUSTRY,"Diabetes Mellitus, Type 2",Semaglutide,yes,2022-04-25,2024-01-18,semaglutide,semaglutide,semaglutide,no
NCT07639021,A Research Study Comparing Different Ways of Increasing the Dose of NNC0662-0419 in Participants With Obesity,PHASE2,RECRUITING,INTERVENTIONAL,230,Novo Nordisk A/S,INDUSTRY,Obesity,NNC0662-0419|Semaglutide|NNC0662-0419 Placebo|Semaglutide placebo,no,2026-06-09,2027-07-12,semaglutide,semaglutide,semaglutide,no
NCT04019197,Effects of Semaglutide in HIV-Associated Lipohypertrophy,PHASE2,ACTIVE_NOT_RECRUITING,INTERVENTIONAL,108,Case Western Reserve University,OTHER,HIV/AIDS|Lipohypertrophy|Obesity,Semaglutide Injectable Product|Placebo,yes,2019-05-16,2024-04-30,semaglutide,semaglutide,semaglutide,no
NCT02147431,A Trial Investigating the Effect of Semaglutide on Hypoglycaemic Counterregulation Compared to Placebo in Subjects With Type 2 Diabetes,PHASE1,COMPLETED,INTERVENTIONAL,38,Novo Nordisk A/S,INDUSTRY,"Diabetes|Diabetes Mellitus, Type 2",semaglutide|placebo,no,2014-05-21,2015-05-20,semaglutide,semaglutide,semaglutide,no
NCT05671653,"A Study to Evaluate the Effect of the Experimental GLP-1 Drug PF-07081532 on Blood Levels of Common Birth Control Pills, and Drugs Omeprazole and Midazolam, and Effect of GLP-1 Drug Semaglutide on Midazolam Blood Levels in Healthy Adults With Weight in the Obesity Range",PHASE1,TERMINATED,INTERVENTIONAL,32,Pfizer,INDUSTRY,Obesity,PF-07081532|Semaglutide,yes,2023-01-19,2023-11-03,semaglutide,semaglutide,semaglutide,no
NCT04615871,Semaglutide to Reduce Myocardial Injury in PATIents With COVID-19,PHASE2,UNKNOWN,INTERVENTIONAL,400,Vladimír Džavík,OTHER,Covid19|Myocardial Injury,semaglutide,no,2021-09-10,2022-03-31,semaglutide,semaglutide,semaglutide,no
NCT07401992,Effects of Semaglutide on Clinical Outcomes and Metabolic Inflammation in Psoriasis,PHASE4,RECRUITING,INTERVENTIONAL,62,Hospital Universitario Dr. Jose E. Gonzalez,OTHER,Psoriasis (PsO)|Obesity & Overweight|Diabetes Mellitus - Type 2,Semaglutide (Rybelsus®)|Placebo,no,2026-01-15,2027-02-28,semaglutide,semaglutide,semaglutide,no
NCT04639414,Combined Active Treatment in Type 2 Diabetes With NASH,PHASE4,COMPLETED,INTERVENTIONAL,192,German Diabetes Center,OTHER,Type 2 Diabetes|Non-alcoholic Steatohepatitis (NASH)|Non-alcoholic Fatty Liver Disease (NAFLD),Empagliflozin 10mg oral tablet / Semaglutide 1mg pen injector|Empagliflozin 10mg oral tablet and placebo pen injector matching semaglutide|Placebo matching empagliflozin and placebo pen injector matching semaglutide,no,2021-03-26,2025-01-31,semaglutide,semaglutide,semaglutide,no
NCT04189848,Comparison of Injection Site Pain Experience for Semaglutide and Dulaglutide sc,PHASE4,COMPLETED,INTERVENTIONAL,104,Novo Nordisk A/S,INDUSTRY,"Healthy Volunteers|Diabetes Mellitus, Type 2|Overweight|Obesity",Semaglutide|Dulaglutide,yes,2019-12-03,2020-01-29,dulaglutide;semaglutide,dulaglutide,dulaglutide,yes
NCT04216589,"Study of Semaglutide for Non-Alcoholic Fatty Liver Disease (NAFLD), a Metabolic Syndrome With Insulin Resistance, Increased Hepatic Lipids, and Increased Cardiovascular Disease Risk (The SLIM LIVER Study)",PHASE2,COMPLETED,INTERVENTIONAL,51,National Institute of Allergy and Infectious Diseases (NIAID),NIH,HIV Infections|Non-Alcoholic Fatty Liver Disease,Semaglutide,yes,2021-02-19,2023-03-16,semaglutide,semaglutide,semaglutide,no
NCT07621419,"Study of Adult Patients Residing in Argentina Diagnosed With Type 2 Diabetes Treated With a New Formulation of Semaglutide, Both Oral and Subcutaneous, in a Real-world Setting at 3 Months, 6 Months, and 1 Year of Follow-up, Quantifying the Reduction in Glycated Hemoglobin",NA,RECRUITING,OBSERVATIONAL,145,Hospital Italiano de Buenos Aires,OTHER,Diabetes Mellitus,semaglutide,no,2025-08-04,2027-12-31,semaglutide,semaglutide,semaglutide,no
NCT05822609,Trial of Semaglutide for Diabetic Kidney Disease in Type 1 Diabetes,PHASE2,RECRUITING,INTERVENTIONAL,60,University of Washington,OTHER,Diabetic Kidney Disease|Type 1 Diabetes,Semaglutide|Placebo,no,2024-04-05,2027-06,semaglutide,semaglutide,semaglutide,no
NCT07112872,A Study to Compare Different Doses of RO7795081 With a Placebo or Semaglutide in People With Type 2 Diabetes,PHASE2,ACTIVE_NOT_RECRUITING,INTERVENTIONAL,240,Hoffmann-La Roche,INDUSTRY,Type 2 Diabetes Mellitus,RO7795081|Semaglutide|Placebo,no,2025-08-19,2026-11-27,semaglutide,semaglutide,semaglutide,no
NCT07010432,The Role of the Amylin Analogue Cagrilintide in Bone Metabolism,PHASE1,RECRUITING,INTERVENTIONAL,144,Novo Nordisk A/S,INDUSTRY,Obesity,Cagrilintide|Semaglutide|Placebo cagrilintide|Placebo semaglutide,no,2025-06-12,2028-05-03,cagrisema;semaglutide,cagrilintide+semaglutide,cagrisema,yes
NCT03987919,A Study of Tirzepatide (LY3298176) Versus Semaglutide Once Weekly as Add-on Therapy to Metformin in Participants With Type 2 Diabetes,PHASE3,COMPLETED,INTERVENTIONAL,1879,Eli Lilly and Company,INDUSTRY,Type 2 Diabetes,Tirzepatide|Semaglutide,yes,2019-07-30,2021-01-28,tirzepatide;semaglutide,tirzepatide,tirzepatide,yes
NCT05813249,Semaglutide in Nonalcoholic Fatty Liver Disease,PHASE4,COMPLETED,INTERVENTIONAL,180,Zagazig University,OTHER_GOV,Non-alcoholic Fatty Liver Disease,Rybelsus Oral Product|Ozempic Injectable Product|Tocopherol and/or Actos,no,2023-02-15,2024-02-15,semaglutide,semaglutide,semaglutide,no
NCT05443334,"A Research Study Looking at How Oral Semaglutide Works in People With Type 2 Diabetes in Spain, as Part of Local Clinical Practice",NA,COMPLETED,OBSERVATIONAL,465,Novo Nordisk A/S,INDUSTRY,"Diabetes Mellitus, Type 2",Semaglutide,no,2022-07-28,2024-07-04,semaglutide,semaglutide,semaglutide,no
NCT07297238,Effect of GLP-1 on Intestinal Barrier Function in SBS-IF Patients: A Preliminary Exploration.,NA,COMPLETED,INTERVENTIONAL,20,"Jinling Hospital, China",OTHER,Short Bowel Syndrome (SBS)|Intestinal Failure,GLP-1 Receptor Agonists,no,2026-01-24,2026-05-27,semaglutide,semaglutide,semaglutide,no
NCT06500429,A Study to Evaluate the Safety and Efficacy of NG101 in Adult Participants Receiving a Glucagon-like Peptide-1 (GLP-1) Agonist,PHASE2,COMPLETED,INTERVENTIONAL,120,"Neurogastrx, Inc.",INDUSTRY,Overweight and Obesity|Healthy,NG101|Placebo|Semaglutide Injectable Product,no,2024-06-24,2024-09-04,semaglutide,semaglutide,semaglutide,no
NCT07271251,A Research Study to See if Two Different Formulations of Oral Semaglutide Are Equally Safe and Effective in Reducing the Blood Sugar Level in Japanese People With Type 2 Diabetes,PHASE3,COMPLETED,INTERVENTIONAL,267,Novo Nordisk A/S,INDUSTRY,Type 2 Diabetes,Oral semaglutide,no,2025-12-01,2026-06-29,semaglutide,semaglutide,semaglutide,no
NCT06260722,Effect of Retatrutide Compared With Semaglutide in Adult Participants With Type 2 Diabetes and Inadequate Glycemic Control With Metformin With or Without SGLT2 Inhibitor (TRANSCEND-T2D-2),PHASE3,ACTIVE_NOT_RECRUITING,INTERVENTIONAL,1250,Eli Lilly and Company,INDUSTRY,"Diabetes Mellitus, Type 2",Retatrutide|Semaglutide,no,2024-02-21,2026-08,retatrutide;semaglutide,retatrutide,retatrutide,yes
NCT06283667,Special Use - Results Surveillance on Long-term Use With Wegovy®,NA,ACTIVE_NOT_RECRUITING,OBSERVATIONAL,1071,Novo Nordisk A/S,INDUSTRY,Obesity,Semaglutide,no,2024-06-11,2028-01-31,semaglutide,semaglutide,semaglutide,no
NCT07055607,"A Two-year Prospective, Observational Study of Wegovy in Real-world Clinical Practice",NA,ENROLLING_BY_INVITATION,OBSERVATIONAL,1250,Novo Nordisk A/S,INDUSTRY,Obesity,Semaglutide,no,2025-05-01,2028-08-15,semaglutide,semaglutide,semaglutide,no
NCT04466345,Semaglutide for the Treatment of Cognitive Dysfunction in Major Depressive Disorder,PHASE2,COMPLETED,INTERVENTIONAL,72,"University Health Network, Toronto",OTHER,Major Depressive Disorder,Semaglutide|Placebo,no,2021-10-06,2024-12-27,semaglutide,semaglutide,semaglutide,no
NCT07087795,A Study to See the Effect of NNC0194-0499 Alone or in Combination With Semaglutide on Blood Sugar Control in People Living With Type 1 Diabetes,PHASE1,ACTIVE_NOT_RECRUITING,INTERVENTIONAL,96,Novo Nordisk A/S,INDUSTRY,"Diabetes Mellitus, Type 1",NNC0194-0499|Placebo|Semaglutide,no,2025-07-01,2026-09-12,semaglutide,semaglutide,semaglutide,no
NCT05700877,Screening and Intervention for Subclinical Coronary Artery Disease in Patients With Type 2 Diabetes,PHASE4,RECRUITING,INTERVENTIONAL,7300,Per Løgstrup Poulsen,OTHER,Type 2 Diabetes|Cardiovascular Diseases,CAC-based treatment strategy|Standard treatment,no,2023-01-12,2029-01-01,semaglutide,semaglutide,semaglutide,no
NCT07509112,Semaglutide for Treatment of People With Methamphetamine Use Disorder: the SHIFT Study,PHASE2,NOT_YET_RECRUITING,INTERVENTIONAL,40,Kirby Institute,OTHER_GOV,Methamphetamine Use Disorder,12 weeks of weekly subcutaneous semaglutide injection,no,2026-09,2027-01,semaglutide,semaglutide,semaglutide,no
NCT07065383,Rebalancing the Fat Content of the Heart and Muscles,NA,RECRUITING,INTERVENTIONAL,60,University of Aberdeen,OTHER,Diabetes Mellitus Type 2,Semaglutide administration plus dietary counselling and physical activity encouragement|Semaglutide plus a personalised and supervised program of resistance and endurance training,no,2025-08-01,2028-07-31,semaglutide,semaglutide,semaglutide,no
NCT07391267,Pathogenesis of Chronic Kidney Disease Associated With Metabolic Dysfunction- Associated Fatty Liver Disease (MAFLD) and Treatment Response of Oral Semaglutide.,NA,NOT_YET_RECRUITING,INTERVENTIONAL,90,"Institute of Liver and Biliary Sciences, India",OTHER,Chronic Kidney Diseases|MAFLD,Semaglutide Oral Tablet|Placebo|Standard medical treatment,no,2026-02-01,2028-12-31,semaglutide,semaglutide,semaglutide,no
NCT05779644,"Effects of GLP-1RA on Body Weight, Metabolism and Fat Distribution in Overweight/Obese Patients With Type 2 Diabetes Mellitus",NA,UNKNOWN,INTERVENTIONAL,300,RenJi Hospital,OTHER,"Metformin|Obesity, Abdominal|Diabetes Mellitus, Type 2|Abdominal Fat|Non-Alcoholic Fatty Liver Disease|Metabolism Disorder, Glucose|Metabolism Disorder, Lipid",Liraglutide|Semaglutide|Metformin,no,2023-02-23,2025-02-23,liraglutide;semaglutide,liraglutide,liraglutide,yes
NCT06790160,Study of Patients Being Treated With Anti-obesity Medication,NA,RECRUITING,OBSERVATIONAL,100,Texas Tech University,OTHER,Obesity and Overweight,,no,2025-01-31,2027-12,tirzepatide;semaglutide,tirzepatide,tirzepatide,yes
NCT05530577,Effects of Semaglutide on Nicotine Intake,PHASE2,COMPLETED,INTERVENTIONAL,24,"University of North Carolina, Chapel Hill",OTHER,Tobacco Use Disorder|Nicotine Addiction,Semaglutide|Sham/placebo,yes,2022-10-07,2024-05-13,semaglutide,semaglutide,semaglutide,no
NCT05616013,Safety and Efficacy of Bimagrumab and Semaglutide in Adults Who Are Overweight or Obese,PHASE2,COMPLETED,INTERVENTIONAL,507,Eli Lilly and Company,INDUSTRY,Obesity|Obese|Overweight or Obesity,Bimagrumab|Semaglutide|Placebo,yes,2022-11-16,2024-05-16,semaglutide,semaglutide,semaglutide,no
NCT06555146,Semaglutide's Effect on Renal Hemodynamics and Function in Patients With Type 2 Diabetes Mellitus and Nephropathy,NA,UNKNOWN,INTERVENTIONAL,15,Bispebjerg Hospital,OTHER,"Diabetes Mellitus, Type 2|Kidney Disease, Chronic","Semaglutide, 0.5 mg/mL|Placebo, Saline",no,2024-08,2025-03,semaglutide,semaglutide,semaglutide,no
NCT07701005,Non-Invasive Hepatic and Metabolic Index Changes After Incretin Therapy in Overweight/Obesity,NA,COMPLETED,OBSERVATIONAL,154,Goztepe Prof Dr Suleyman Yalcın City Hospital,OTHER,Steatosis of Liver|Metabolic Liver Injury|Obesity|Overweight|Insulin Resistance,Semaglutide|Tirzepatide,no,2024-01-01,2026-03-30,tirzepatide;semaglutide,tirzepatide,tirzepatide,yes
NCT04451837,Semaglutide and Dapagliflozin in Diabetic Patients With Different Pathophysiology,PHASE2,ACTIVE_NOT_RECRUITING,INTERVENTIONAL,200,Region Skane,OTHER,Type2 Diabetes,Semaglutide|Dapagliflozin,no,2020-09-10,2021-12-15,semaglutide,semaglutide,semaglutide,no
NCT01619345,Pharmacoscintigraphic Investigation of NN9924 in Healthy Male Subjects,PHASE1,COMPLETED,INTERVENTIONAL,27,Novo Nordisk A/S,INDUSTRY,Diabetes|Healthy,semaglutide,no,2012-06,2012-08,semaglutide,semaglutide,semaglutide,no
NCT05768945,Data Analysis for Drug Repurposing for Effective Alzheimer's Medicines (DREAM)- Semaglutide v DPP4 Inhibitors,NA,COMPLETED,OBSERVATIONAL,742670,Brigham and Women's Hospital,OTHER,Diabetes,Semaglutide|DPP-4 inhibitor,yes,2022-11-30,2023-07-07,semaglutide,semaglutide,semaglutide,no
NCT05444153,Research Study to Compare Semaglutide Tablets With Empagliflozin Tablets Taken Once Daily in People With Type 2 Diabetes and Obesity,PHASE3,WITHDRAWN,INTERVENTIONAL,0,Novo Nordisk A/S,INDUSTRY,"Diabetes Mellitus, Type 2",Semaglutide|Empagliflozin,no,2022-10-06,2024-10-02,semaglutide,semaglutide,semaglutide,no
NCT05371496,Cardiac and Metabolic Effects of Semaglutide in Heart Failure With Preserved Ejection Fraction,PHASE4,COMPLETED,INTERVENTIONAL,81,Mayo Clinic,OTHER,Cardiomyopathy|Heart Failure With Preserved Ejection Fraction (HFpEF)|Obesity,Semaglutide|Placebo|Counselling on healthy lifestyle intervention,no,2022-09-06,2026-07-17,semaglutide,semaglutide,semaglutide,no
NCT06403761,"Investigating How CagriSema, Semaglutide and Cagrilintide Regulate Insulin Effects in the Body of People With Type 2 Diabetes",PHASE1,COMPLETED,INTERVENTIONAL,158,Novo Nordisk A/S,INDUSTRY,"Diabetes Mellitus, Type 2",Semaglutide|Cagrilintide|Placebo semaglutide|Placebo cagrilintide,no,2024-05-06,2025-12-28,cagrisema;semaglutide,cagrilintide+semaglutide,cagrisema,yes
NCT06659679,Emulating the PIONEER6 Diabetes Trial Using Healthcare Claims,NA,COMPLETED,OBSERVATIONAL,26126,Brigham and Women's Hospital,OTHER,"Diabetes Mellitus, Type 2",New use of oral semaglutide|New initiation of sitagliptin,no,2024-10-24,2025-03-06,semaglutide,semaglutide,semaglutide,no
NCT04083820,"A Research Study Looking at How Semaglutide Works in People With Type 2 Diabetes in France, as Part of Local Clinical Practice (SURE FRANCE)",NA,COMPLETED,OBSERVATIONAL,521,Novo Nordisk A/S,INDUSTRY,"Diabetes Mellitus, Type 2",semaglutide,no,2019-09-16,2021-09-27,semaglutide,semaglutide,semaglutide,no
NCT03288740,"A Trial to Assess the Pharmacokinetics, Safety and Tolerability of Semaglutide in Healthy Chinese Subjects",PHASE1,COMPLETED,INTERVENTIONAL,36,Novo Nordisk A/S,INDUSTRY,"Diabetes|Diabetes Mellitus, Type 2",Semaglutide 0.5 mg|Placebo (semaglutide 0.5 mg)|Semaglutide 1.0 mg|Placebo (semaglutide 1.0 mg),no,2017-09-21,2018-07-10,semaglutide,semaglutide,semaglutide,no
NCT07223242,Tailored Exercise Training Study Among Adults With HFpEF,PHASE2|PHASE3,RECRUITING,INTERVENTIONAL,120,University of Texas Southwestern Medical Center,OTHER,HFpEF - Heart Failure With Preserved Ejection Fraction|Diabetic Cardiomyopathies,Moderate-intensity continuous training (MCT)|Resistance training|Weight loss,no,2025-02-18,2026-12-30,tirzepatide;semaglutide,tirzepatide,tirzepatide,yes
NCT06629688,Semaglutide and Intestinal Iron Absorption,NA,COMPLETED,INTERVENTIONAL,51,University Hospital Dubrava,OTHER,Diabetes Mellitus Type 2|Iron Absorption,semaglutide,no,2023-11-01,2024-04-01,semaglutide,semaglutide,semaglutide,no
NCT05996874,A Research Study Comparing the Effect of Different Dosing Conditions on Blood Levels of Semaglutide in a New Tablet Composition in Healthy Participants,PHASE1,COMPLETED,INTERVENTIONAL,121,Novo Nordisk A/S,INDUSTRY,Healthy Participants,Semaglutide,no,2023-08-12,2024-04-18,semaglutide,semaglutide,semaglutide,no
NCT06045221,A Study of Orforglipron (LY3502970) Compared With Semaglutide in Participants With Type 2 Diabetes Inadequately Controlled With Metformin,PHASE3,COMPLETED,INTERVENTIONAL,1698,Eli Lilly and Company,INDUSTRY,Type 2 Diabetes,Orforglipron|Semaglutide,no,2023-09-22,2025-08-22,orforglipron;semaglutide,orforglipron,orforglipron,yes
NCT05064735,Research Study Looking at How Well Semaglutide Works in People Suffering From Obesity and Knee Osteoarthritis,PHASE3,COMPLETED,INTERVENTIONAL,407,Novo Nordisk A/S,INDUSTRY,Obesity,semaglutide 2.4 mg|semaglutide 2.4 mg (placebo),yes,2021-10-01,2023-07-24,semaglutide,semaglutide,semaglutide,no
NCT05232708,A Clinical Trial Looking at the Comparability of 2 Different Forms of Semaglutide,PHASE1,COMPLETED,INTERVENTIONAL,18,Novo Nordisk A/S,INDUSTRY,"Healthy Volunteers (Diabetes Mellitus, Type 2)","Semaglutide B, 1.34 mg/mL|Semaglutide D, 1.0 mg/mL|Semaglutide D, 1.0 mg/mL|Semaglutide B, 1.34 mg/mL",no,2022-01-19,2022-08-30,semaglutide,semaglutide,semaglutide,no
NCT06814938,A Study of a Novel Precision Medicine Approach For Obesity,PHASE4,ACTIVE_NOT_RECRUITING,INTERVENTIONAL,135,Mayo Clinic,OTHER,Obesity,Semaglutide|Placebo,no,2025-02-21,2027-12,semaglutide,semaglutide,semaglutide,no
NCT07154238,"Characteristics and Treatment Experiences of Individuals Using Injectable Semaglutide for Weight Management, a Cross-sectional Time-series Analysis, Multi-country Study.",NA,ENROLLING_BY_INVITATION,OBSERVATIONAL,2546,Novo Nordisk A/S,INDUSTRY,Obesity,No treatment given,no,2025-09-26,2026-09-30,semaglutide,semaglutide,semaglutide,no
NCT03989232,A Research Study to Compare Two Doses of Semaglutide Taken Once Weekly in People With Type 2 Diabetes,PHASE3,COMPLETED,INTERVENTIONAL,961,Novo Nordisk A/S,INDUSTRY,"Diabetes Mellitus, Type 2",Semaglutide|Placebo (semaglutide),yes,2019-06-19,2020-09-18,semaglutide,semaglutide,semaglutide,no
NCT07668414,A Research Study Investigating How Well the Medicine Zenagamtide Helps People With Excess Body Weight Lose Weight Compared to Semaglutide,PHASE3,NOT_YET_RECRUITING,INTERVENTIONAL,650,Novo Nordisk A/S,INDUSTRY,Overweight|Obesity,Zenagamtide|Semaglutide|Placebo (matched to semaglutide)|Placebo (matched to zenagamtide),no,2026-09-22,2028-10-10,semaglutide,semaglutide,semaglutide,no
NCT07588984,GLP-1 Medication & Behavioral Health Programs on Weight & Metabolic Outcomes: FLOURISH and THRIVE Prospective Cohort Study,NA,NOT_YET_RECRUITING,OBSERVATIONAL,2310,Noom Inc.,INDUSTRY,Obesity & Overweight|Weight Loss|Preventative Health|Body Weight|Cardiovascular Disease Risk Factor,Noom Weight|Free Tier|Education-only control|Semaglutide|Tirzepatide|Microdose semaglutide|Microdose tirzepatide,no,2026-04-30,2029-05,tirzepatide;semaglutide,tirzepatide,tirzepatide,yes
NCT02128932,Efficacy and Safety of Semaglutide Once Weekly Versus Insulin Glargine Once Daily as add-on to Metformin With or Without Sulphonylurea in Insulin-naïve Subjects With Type 2 Diabetes,PHASE3,COMPLETED,INTERVENTIONAL,1089,Novo Nordisk A/S,INDUSTRY,"Diabetes|Diabetes Mellitus, Type 2",semaglutide|insulin glargine,yes,2014-08-04,2015-09-03,semaglutide,semaglutide,semaglutide,no
NCT05895643,Does Semaglutide Reduce Alcohol Intake in Patients With Alcohol Use Disorder and Comorbid Obesity?,PHASE2,COMPLETED,INTERVENTIONAL,108,Psychiatric Centre Rigshospitalet,OTHER,Alcohol Abuse|Alcohol Addiction|Alcohol Dependence|Alcohol Use Disorder,Semaglutide Injectable Product|Placebo,no,2023-06-13,2025-07-31,semaglutide,semaglutide,semaglutide,no
NCT05040087,"Changing the Natural History of Type 2 Diabetes (""CHANGE"" Study)",NA,ACTIVE_NOT_RECRUITING,INTERVENTIONAL,127,"Foundation for Atlanta Veterans Education and Research, Inc.",OTHER,Type 2 Diabetes,Intensification of diabetes medication based largely on HbA1c levels|Intensification of diabetes medication based on glucose levels,no,2021-09-01,2026-12-31,semaglutide,semaglutide,semaglutide,no
NCT02920385,A Trial Investigating the Influence of Oral Semaglutide on the Pharmacokinetics of Levothyroxine and the Influence of Co-administered Tablets on the Pharmacokinetics of Semaglutide Administered Orally in Healthy Subjects.,PHASE1,COMPLETED,INTERVENTIONAL,45,Novo Nordisk A/S,INDUSTRY,Diabetes|Healthy,Semaglutide|SNAC|Levothyroxine|Placebo,no,2016-10-10,2017-04-26,semaglutide,semaglutide,semaglutide,no
NCT06836284,The Evira Study: Additional Support During Obesity Treatment,NA,RECRUITING,INTERVENTIONAL,40,Karolinska Institutet,OTHER,Childhood Obesity|Treatment Adherence,"Digi-physical treatment tool, Evira|Obesity medication with liraglutide or semaglutide",no,2026-02-13,2027-04-01,liraglutide;semaglutide,liraglutide,liraglutide,yes
NCT06548490,GLP-1R Agonist Treatment for Opioid Use Disorder,PHASE2,RECRUITING,INTERVENTIONAL,200,Milton S. Hershey Medical Center,OTHER,Opioid Use Disorder|Opioid Abuse and Addiction|Narcotic-Related Disorders|Substance-Related Disorders|Chemically-Induced Disorders|Mental Disorder|Opioid,Semaglutide Pen Injector|Placebo,no,2025-01-27,2027-04-30,semaglutide,semaglutide,semaglutide,no
NCT06699329,A Study of Enlicitide Decanoate (MK-0616) and Semaglutide in Healthy Adult Participants (MK-0616-023),PHASE1,COMPLETED,INTERVENTIONAL,38,Merck Sharp & Dohme LLC,INDUSTRY,Healthy,Enlicitide Decanoate|Semaglutide,no,2024-01-22,2024-05-24,semaglutide,semaglutide,semaglutide,no
NCT07457424,Direct Measurement of Microstructure of Ingestive Behaviour After Initiation of GLP-1 Receptor Agonist Treatment at Maximum Dose (DIGRAT),NA,ACTIVE_NOT_RECRUITING,OBSERVATIONAL,140,University College Dublin,OTHER,Metabolic Disease|Obesity & Overweight,semaglutide 1 mg weekly injection,no,2022-02-17,2026-08-31,semaglutide,semaglutide,semaglutide,no
NCT02161588,"A Trial to Assess the Pharmacokinetics, Pharmacodynamics, Safety and Tolerability of Oral Semaglutide in Healthy Male Japanese and Caucasian Subjects",PHASE1,COMPLETED,INTERVENTIONAL,48,Novo Nordisk A/S,INDUSTRY,"Diabetes|Diabetes Mellitus, Type 2|Healthy",semaglutide|placebo,no,2014-06,2014-11,semaglutide,semaglutide,semaglutide,no
NCT07731256,Semaglutide for Low Back Pain,PHASE2,NOT_YET_RECRUITING,INTERVENTIONAL,250,Washington University School of Medicine,OTHER,Lower Back Pain|Obesity (BMI>30)|Chronic Lower Back Pain|glp1 Agonist,Semaglutide (administered by PDS290 pen-injector)|Placebo (administered by PDS290 pen-injector),no,2027-02-01,2031-01-01,semaglutide,semaglutide,semaglutide,no
NCT05473286,"A Research Study Looking at How Oral Semaglutide Works in People With Type 2 Diabetes in Germany, as Part of Local Clinical Practice",NA,WITHDRAWN,OBSERVATIONAL,0,Novo Nordisk A/S,INDUSTRY,"Diabetes Mellitus, Type 2",Oral Semaglutide,no,2022-09-30,2024-05-16,semaglutide,semaglutide,semaglutide,no
NCT01930188,Efficacy and Safety of Semaglutide Once-weekly Versus Sitagliptin Once-daily as add-on to Metformin and/or TZD in Subjects With Type 2 Diabetes,PHASE3,COMPLETED,INTERVENTIONAL,1231,Novo Nordisk A/S,INDUSTRY,"Diabetes|Diabetes Mellitus, Type 2",semaglutide|sitagliptin|placebo|placebo,yes,2013-12-02,2015-10-12,semaglutide,semaglutide,semaglutide,no
NCT07282769,Semaglutide (Wegovy) Treatment for Trichotillomania,PHASE2,NOT_YET_RECRUITING,INTERVENTIONAL,10,University of Chicago,OTHER,Trichotillomania (Hair-Pulling Disorder)|Trichotillomania|Hair Pulling Disorder|Hair Pulling|Hair-Pulling Disorder,Semaglutide,no,2026-06,2027-02,semaglutide,semaglutide,semaglutide,no
NCT07783854,A Randomized Controlled Study of Dose-tapering Regimen of Semaglutide for Weight-Loss Maintenance in Adults With Overweight or Obesity,PHASE4,NOT_YET_RECRUITING,INTERVENTIONAL,72,"Union Hospital, Tongji Medical College, Huazhong University of Science and Technology",OTHER,Obesity & Overweight,Semaglutide Dose-Tapering Regimen|Semaglutide Maintenance-Dose Regimen,no,2026-09-01,2027-12-30,semaglutide,semaglutide,semaglutide,no
NCT05132088,Research Study to Investigate How Well Semaglutide Tablets Taken Once Daily Work in East Asian People Who Are Overweight or Living With Obesity,PHASE3,COMPLETED,INTERVENTIONAL,201,Novo Nordisk A/S,INDUSTRY,Overweight and Obesity,semaglutide 50 mg|placebo (semaglutide),yes,2021-11-16,2023-07-11,semaglutide,semaglutide,semaglutide,no
NCT04916470,"Research Study to Look at How Well Semaglutide Works in People Living With Heart Failure, Obesity and Type 2 Diabetes",PHASE3,COMPLETED,INTERVENTIONAL,617,Novo Nordisk A/S,INDUSTRY,"Heart Failure With Preserved Ejection Fraction (HFpEF) and Diabetes Mellitus, Type 2",Semaglutide|Placebo (Semaglutide),no,2021-06-15,2023-10-11,semaglutide,semaglutide,semaglutide,no
NCT06489457,The Effects of Semaglutide vs Testosterone Replacement Therapy on Functional Hypogonadism and Sperm Quality in Men With Type 2 Diabetes Mellitus and Obesity,PHASE3,COMPLETED,INTERVENTIONAL,25,University Medical Centre Ljubljana,OTHER,Type 2 Diabetes Mellitus|Obesity|Functional Hypogonadism,Semaglutide|Testosterone Undecanoate,no,2020-09-20,2023-05-11,semaglutide,semaglutide,semaglutide,no
NCT07653477,Phase III Study of UBT251 Injection in Patients With Type 2 Diabetes With Inadequate Glycemic Control on Metformin ± Sulfonylurea/SGLT2 Inhibitor Therapy (UNIGUIDE-2),PHASE3,NOT_YET_RECRUITING,INTERVENTIONAL,956,"The United Bio-Technology (Hengqin) Co., Ltd.",INDUSTRY,Type 2 Diabetes,UBT251 Injection 2.0 mg group|UBT251 Injection 4.0 mg group|UBT251 Injection 6.0 mg group|Semaglutide Injection,no,2026-07-30,2028-02-29,semaglutide,semaglutide,semaglutide,no
NCT04097600,A Research Study Comparing Active Drug in the Blood in Healthy Participants Following Dosing of the Current and a New Formulation (D) Semaglutide Tablets,PHASE1,COMPLETED,INTERVENTIONAL,274,Novo Nordisk A/S,INDUSTRY,Healthy Volunteers|Type 2 Diabetes,Oral semaglutide,no,2019-09-30,2020-12-16,semaglutide,semaglutide,semaglutide,no
NCT02016911,"Pharmacokinetics, Safety and Tolerability of Oral Semaglutide in Subjects With Hepatic Impairment",PHASE1,COMPLETED,INTERVENTIONAL,56,Novo Nordisk A/S,INDUSTRY,"Diabetes|Diabetes Mellitus, Type 2|Healthy",semaglutide,no,2013-12-12,2015-01-12,semaglutide,semaglutide,semaglutide,no
NCT07614412,SHIELD-T1D: Shingrix and GLP-1 Agonist for Beta-Cell Preservation in Recent-Onset Type 1 Diabetes.,PHASE2,NOT_YET_RECRUITING,INTERVENTIONAL,240,"Ministry of Health, Saudi Arabia",OTHER_GOV,Type 1 Diabetes Mellitus,Recombinant Zoster Vaccine (Shingrix; RZV)|Semaglutide (Ozempic®)|Placebo (saline injection),no,2027-01-01,2028-01-31,semaglutide,semaglutide,semaglutide,no
NCT02210871,"Investigating the Pharmacokinetics, Safety and Tolerability After a Single Subcutaneous Injection of Semaglutide in Subjects With Mild, Moderate or Severe Hepatic Impairment Compared to Subjects With Normal Hepatic Function",PHASE1,COMPLETED,INTERVENTIONAL,44,Novo Nordisk A/S,INDUSTRY,"Diabetes|Diabetes Mellitus, Type 2|Hepatic Impaired",semaglutide,no,2014-08-07,2015-06-03,semaglutide,semaglutide,semaglutide,no
NCT02607865,Efficacy and Long-term Safety of Oral Semaglutide Versus Sitagliptin in Subjects With Type 2 Diabetes,PHASE3,COMPLETED,INTERVENTIONAL,1864,Novo Nordisk A/S,INDUSTRY,"Diabetes|Diabetes Mellitus, Type 2",semaglutide|sitagliptin|placebo,yes,2016-02-15,2017-02-14,semaglutide,semaglutide,semaglutide,no
NCT07242534,Effect of Semaglutide on Embryo Quality in Overweight and Obese Patients Undergoing In Vitro Fertilization.,PHASE4,RECRUITING,INTERVENTIONAL,62,Fundacion Dexeus,OTHER,Infertility|Obesity,Semaglutide|No pre-treatment,no,2026-01-19,2027-02,semaglutide,semaglutide,semaglutide,no
NCT05071898,Pharmacogenetics of Response to GLP1R Agonists,PHASE1,RECRUITING,INTERVENTIONAL,600,"University of Maryland, Baltimore",OTHER,Obesity|Diabetes Type 2,Semaglutide Pen Injector [Ozempic],no,2022-04-11,2027-04-30,semaglutide,semaglutide,semaglutide,no
NCT02243098,Investigating the Influence of Semaglutide on the Pharmacokinetics of Single Doses of Atorvastatin and Digoxin in Healthy Subjects,PHASE1,COMPLETED,INTERVENTIONAL,31,Novo Nordisk A/S,INDUSTRY,Diabetes|Healthy,semaglutide|digoxin|atorvastatin,no,2014-09-16,2015-04-07,semaglutide,semaglutide,semaglutide,no
NCT04012255,A Research Study to Compare Two Forms of Semaglutide in Two Different Pen-injectors in People With Overweight or Obesity,PHASE1,TERMINATED,INTERVENTIONAL,29,Novo Nordisk A/S,INDUSTRY,Overweight|Obesity,Semaglutide (administered by DV3396 pen)|Semaglutide (administered by PDS290 pen),no,2019-07-15,2019-08-30,semaglutide,semaglutide,semaglutide,no
NCT04940078,A Research Study to Compare Blood Levels of Cagrilintide and Semaglutide After Combined Versus Separate Injections in People With Overweight or Obesity,PHASE1,COMPLETED,INTERVENTIONAL,40,Novo Nordisk A/S,INDUSTRY,Obesity & Overweight,Cagrilintide|semaglutide|Cagrilintide and semaglutide,no,2021-07-07,2022-01-19,semaglutide,semaglutide,semaglutide,no
NCT00833716,Effect of Renal Impairment on the Pharmacokinetics of NN9535,PHASE1,COMPLETED,INTERVENTIONAL,62,Novo Nordisk A/S,INDUSTRY,"Diabetes|Diabetes Mellitus, Type 2|Renal Impairment",semaglutide,no,2009-02-02,2010-07-26,semaglutide,semaglutide,semaglutide,no
NCT06874751,Semaglutide Effects on Cardiovascular Outcomes in People With Overweight or Obesity in the Real World,NA,COMPLETED,OBSERVATIONAL,45456,Novo Nordisk A/S,INDUSTRY,Overweight|Obesity|Atherosclerotic Cardiovascular Disease (ASCVD),No treatment given|No treatment given,no,2024-12-06,2025-03-28,semaglutide,semaglutide,semaglutide,no
NCT05689099,A Research Trial Looking at the Comparability of 2 Different Concentrations of Semaglutide for the 0.5 Milligram (mg) Dose,PHASE1,COMPLETED,INTERVENTIONAL,20,Novo Nordisk A/S,INDUSTRY,"Diabetes Mellitus, Type 2|Healthy Participants","Semaglutide B, 1.34 mg/mL|Semaglutide B, 0.68 mg/mL",no,2023-01-17,2023-05-30,semaglutide,semaglutide,semaglutide,no
NCT04969939,A Research Study to Investigate How Well NNC0165-1875 in Combination With Semaglutide Works in People With Obesity,PHASE2,COMPLETED,INTERVENTIONAL,120,Novo Nordisk A/S,INDUSTRY,Obesity,Semaglutide 2.4 mg and NNC0165-1875 2.0 mg|Semaglutide 2.4 mg and placebo 2.0 mg|Semaglutide 2.4 mg and NNC0165-1875 1.0 mg|Semaglutide 2.4 mg and placebo 1.0 mg,yes,2021-07-15,2022-12-06,semaglutide,semaglutide,semaglutide,no
NCT05390307,Obesity Treatment to Improve Diabetes,NA,COMPLETED,INTERVENTIONAL,60,Dasman Diabetes Institute,OTHER,Type 1 Diabetes,Liraglutide / Semaglutide|Dapagliflozin|Liraglutide or Semaglutide / Dapagliflozin|Liraglutide or Semaglutide / Dapagliflozin plus intensive weight loss nutrition|Usual care,no,2023-04-01,2024-01-01,liraglutide;semaglutide,liraglutide,liraglutide,yes
NCT07527195,"Understanding the Effect of CagriSema, Cagrilintide, and Semaglutide on Muscle Health (Role of Amylin Signature in Muscle Health)",PHASE1,RECRUITING,INTERVENTIONAL,100,Novo Nordisk A/S,INDUSTRY,Obesity,Cagrilintide|Semaglutide|Placebo cagrilintide|Placebo semaglutide,no,2026-04-10,2028-04-28,cagrisema;semaglutide,cagrilintide+semaglutide,cagrisema,yes
NCT06420739,The Semaglutide Study,NA,ACTIVE_NOT_RECRUITING,OBSERVATIONAL,100,"University Health Network, Toronto",OTHER,Fasting,Gastric Ultrasound,no,2024-03-25,2025-11-30,semaglutide,semaglutide,semaglutide,no
NCT07539584,Adiponectin in Patients With Metabolic Disorders,NA,COMPLETED,INTERVENTIONAL,130,Moscow Regional Research and Clinical Institute (MONIKI),OTHER_GOV,Metabolic Dysfunction-associated Fatty Liver Disease (MAFLD)|Type 2 Diabetes Mellitus (T2DM),SGLT2 inhibitor|GLP-1 RA,no,2022-03-01,2024-04-08,liraglutide;semaglutide,liraglutide,liraglutide,yes
NCT06298799,GENETIC VARIABILITY TO GLP1 TREATMENT,NA,UNKNOWN,INTERVENTIONAL,400,GENGE,OTHER,Type 2 Diabetes|Obesity,DNA Sequencing and Analysis|differential expression analysis with RNA-sequencing (RNA seq) experiments,no,2023-10-01,2025-01-01,semaglutide,semaglutide,semaglutide,no
NCT02906930,Efficacy and Safety of Oral Semaglutide Versus Placebo in Subjects With Type 2 Diabetes Mellitus Treated With Diet and Exercise Only,PHASE3,COMPLETED,INTERVENTIONAL,703,Novo Nordisk A/S,INDUSTRY,"Diabetes|Diabetes Mellitus, Type 2",semaglutide|placebo,yes,2016-09-20,2017-10-30,semaglutide,semaglutide,semaglutide,no
NCT07336862,Bariatric Surgery Combined With GLP-1 Receptor Agonists Study,PHASE1|PHASE2,RECRUITING,INTERVENTIONAL,200,China-Japan Friendship Hospital,OTHER,Obesity,BS-GLP group|BS group,no,2024-01-01,2027-12,semaglutide,semaglutide,semaglutide,no
NCT07073417,A Study to Compare XW003 Injection and Semaglutide Injection in Chinese Adults With Obesity (SLIMMER-UP-SWITCH),PHASE2,ACTIVE_NOT_RECRUITING,INTERVENTIONAL,163,"Hangzhou Sciwind Biosciences Co., Ltd.",INDUSTRY,Obesity|Weight Management,XW003 injection|semaglutide injection,no,2025-07-28,2027-02-27,ecnoglutide;semaglutide,ecnoglutide,ecnoglutide,yes
NCT07179120,Can Fat-Burning Shots Boost Fertility? Comparing Weight-Loss Injections vs. Healthy Habits for Obese Men With Low Sperm Health,PHASE2,NOT_YET_RECRUITING,INTERVENTIONAL,180,First Affiliated Hospital of Wenzhou Medical University,OTHER,Obesity-related Male Infertility,Semaglutide (Rybelsus®)|Tirzepatide|Standardized Lifestyle Intervention,no,2026-05-01,2026-08-12,tirzepatide;semaglutide,tirzepatide,tirzepatide,yes
NCT03144271,"Dose Escalation Trial of Single Subcutaneous Doses of NNC 0113-0217 to Assess Safety, Tolerability, Pharmacokinetics and Pharmacodynamics in Healthy Male Subjects",PHASE1,COMPLETED,INTERVENTIONAL,58,Novo Nordisk A/S,INDUSTRY,"Diabetes|Diabetes Mellitus, Type 2|Healthy",semaglutide|Placebo,no,2007-06-11,2007-10-08,semaglutide,semaglutide,semaglutide,no
NCT07781371,A Retrospective Real-World Cohort Study,NA,NOT_YET_RECRUITING,OBSERVATIONAL,100000,Novo Nordisk A/S,INDUSTRY,Obesity|Type 2 Diabetes (T2D)|Prediabetes|Cardiovascular Disease (CVD)|Dyslipidemia|Metabolic Dysfunction-associated Steatotic Liver Disease (MASLD)|Chronic Kidney Disease (CKD),No treatment given,no,2026-08-20,2026-11-02,semaglutide,semaglutide,semaglutide,no
NCT06649344,A Study of HRS9531 Versus Semaglutide Once Weekly as Add-on Therapy to Metformin Monotherapy or in Combination With SGLT2 Inhibitors in Participants With Type 2 Diabetes,PHASE3,COMPLETED,INTERVENTIONAL,884,"Fujian Shengdi Pharmaceutical Co., Ltd.",INDUSTRY,Type 2 Diabetes,HRS9531 Injection|Semaglutide Injection,no,2024-10-31,2026-07-18,semaglutide,semaglutide,semaglutide,no
NCT04061200,Renal Effects of Treatment With Empagliflozin Alone or in Combination With Semaglutide in Patients With Type 2 Diabetes and Albuminuria,PHASE4,UNKNOWN,INTERVENTIONAL,80,Steno Diabetes Center Copenhagen,OTHER,Type 2 Diabetes With Renal Manifestations,"Semaglutide, 1.34 mg/mL|Placebo, 1,34 mg/mL|Empagliflozin 25 MG",no,2019-11-01,2021-07-01,semaglutide,semaglutide,semaglutide,no
NCT07713992,Efficacy and Safety of Mazdutide in Patients With Type 2 Diabetes Mellitus and Moderate to Severe Nonalcoholic Fatty Liver Disease Previously Treated With Semaglutide,NA,NOT_YET_RECRUITING,INTERVENTIONAL,72,Tianjin Medical University,OTHER,Type 2 Diabetes Mellitus (T2DM)|Nonalcoholic Fatty Liver Disease (NAFLD) With History of Diabetes Melitus,Mazdutide(Dual GLP-1R/GCGR Agonist)|Semaglutide (1 Mg Dose),no,2026-09-15,2027-12-31,mazdutide;semaglutide,mazdutide,mazdutide,yes
NCT07613437,GLP-1 Receptor Agonist in Primary Intracerebral Hemorrhage: A Phase 2 Randomized Trial,PHASE2,NOT_YET_RECRUITING,INTERVENTIONAL,200,Chinese University of Hong Kong,OTHER,Intracerebral Hemorrhage,"Semaglutide, 0.5 mg/mL",no,2026-06-15,2028-06-14,semaglutide,semaglutide,semaglutide,no
NCT06487832,Effect of GLP1 Receptor Agonist on Brain Insulin Responsiveness,NA,RECRUITING,INTERVENTIONAL,60,University Hospital Tuebingen,OTHER,Normal Weight|Overweight and Obesity|Insulin Sensitivity|Insulin Resistance,Subcutaneous GLP1-RA|Subcutaneous placebo,no,2024-07-01,2027-07-31,semaglutide,semaglutide,semaglutide,no
NCT07136714,Does Semaglutide Improve Depressive Symptoms in Patients With Major Depressive Disorder and Overweight or Obesity,PHASE4,RECRUITING,INTERVENTIONAL,116,Nordsjaellands Hospital,OTHER,Major Depressive Disorder,Semaglutide Injectable Product|Placebo,no,2025-09-11,2027-09,semaglutide,semaglutide,semaglutide,no
NCT07622810,BALANCE-OBS: Bofanglutide (GZR18) Versus Semaglutide in Latin American Adults With Overweight or Obesity,PHASE3,NOT_YET_RECRUITING,INTERVENTIONAL,352,Carnot Laboratories,INDUSTRY,Obesity & Overweight,Bofanglutida|Semaglutide,no,2026-09,2027-12,semaglutide,semaglutide,semaglutide,no
NCT06182618,Retrospective Analysis for Patients With Metabolic Syndrome,NA,UNKNOWN,OBSERVATIONAL,400,"Second Affiliated Hospital, Zhejiang University, School of Medicine",OTHER,Metabolic Syndrome,"dietary, semaglutide or/and metformin",no,2023-06-01,2024-01-01,semaglutide,semaglutide,semaglutide,no
NCT06974825,A Study of BGM0504 in Chinese Patients With Type 2 Diabetes,PHASE2,COMPLETED,INTERVENTIONAL,67,"BrightGene Bio-Medical Technology Co., Ltd.",INDUSTRY,Type 2 Diabetes,BGM0504 Administered SC|BGM0504 Administered SC|BGM0504 Administered SC|Semaglutide Administered SC|Placebo Administered SC,no,2023-08-30,2024-08-13,semaglutide,semaglutide,semaglutide,no
NCT07513168,Low-Dose Semaglutide for Weight Loss in Obese Non-Diabetic Pakistani Adults,PHASE4,RECRUITING,INTERVENTIONAL,60,Asian Institute Of Medical Sciences,OTHER,Obesity|Weight Reduction|Cardiometabolic Risk Factors,"Locally available low-dose semaglutide (0.25 mg, 0.5 mg, 1 mg)",no,2025-08-01,2026-08-30,semaglutide,semaglutide,semaglutide,no
NCT07755085,GLP-1s in Hip and Knee Arthroplasty,PHASE4,NOT_YET_RECRUITING,INTERVENTIONAL,100,Nova Scotia Health Authority,OTHER,Arthritis|Obesity & Overweight|GLP - 1,GLP-1 Receptor Agonists + Behavioral modification|Behavioral + placebo,no,2026-10-01,2028-06-01,semaglutide,semaglutide,semaglutide,no
NCT04094415,"A Research Study Looking at How Semaglutide Works in People With Type 2 Diabetes in Italy, as Part of Local Clinical Practice",NA,COMPLETED,OBSERVATIONAL,581,Novo Nordisk A/S,INDUSTRY,"Diabetes Mellitus, Type 2",Semaglutide,no,2019-10-28,2021-07-28,semaglutide,semaglutide,semaglutide,no
NCT06977438,GLP-1 Plus Lifestyle for Overall Wellness: Find Your Way Forward,PHASE4,NOT_YET_RECRUITING,INTERVENTIONAL,1020,University of Minnesota,OTHER,"Obesity, Childhood",Semaglutide,no,2026-10-01,2031-01-31,semaglutide,semaglutide,semaglutide,no
NCT06820047,Sleeve Gastrectomy vs. Lifestyle & Medications: Impact on BMI Trajectory and Target Attainment in a Matched Cohort Study,NA,COMPLETED,OBSERVATIONAL,190,University of Roma La Sapienza,OTHER,Obesity and Obesity-related Medical Conditions,Laparoscopic sleeve gastrectomy|Obesity pharmacotherapy,no,2022-05-01,2023-07-01,semaglutide,semaglutide,semaglutide,no
NCT04017832,A Research Study Comparing a New Medicine Oral Semaglutide to Sitagliptin in People With Type 2 Diabetes,PHASE3,COMPLETED,INTERVENTIONAL,1441,Novo Nordisk A/S,INDUSTRY,"Diabetes Mellitus, Type 2",Oral semaglutide|Sitagliptin|Placebo (oral semaglutide)|Placebo (sitagliptin),yes,2019-07-29,2021-10-27,semaglutide,semaglutide,semaglutide,no
NCT07204249,Glutide for Ending Methamphetamine,PHASE2,RECRUITING,INTERVENTIONAL,162,San Francisco Department of Public Health,OTHER_GOV,Methamphetamine-dependence,Semaglutide|Placebo,no,2026-02-26,2030-02-15,semaglutide,semaglutide,semaglutide,no
NCT06608433,Glucagon-like Peptide-1 Receptor Agnoists for the Assessment of Adrenal Function,NA,COMPLETED,INTERVENTIONAL,22,"University Hospital, Basel, Switzerland",OTHER,Healthy Volunteer Study|HPA|Cortisol Deficiency|Adrenal Insufficiency,semaglutide|Placebo,no,2025-01-16,2025-10-31,semaglutide,semaglutide,semaglutide,no
NCT03574584,A Research Study of NNC0165-1562 and Semaglutide in People Who Are Overweight or Obese,PHASE1,COMPLETED,INTERVENTIONAL,37,Novo Nordisk A/S,INDUSTRY,Metabolism and Nutrition Disorders|Overweight or Obesity,NNC0165-1562|Semaglutide|Placebo (NNC0165-1562),no,2018-06-18,2019-07-27,semaglutide,semaglutide,semaglutide,no
NCT07779343,OBESIAL: A Prospective Interventional Real-world Study of a Multidisciplinary Obesity Management Programme,NA,RECRUITING,INTERVENTIONAL,300,"University of Health Sciences, Algeria",OTHER,Obesity Difficult Airway Airway Management|Obesity Adult Onset|Obesity and Cardiovascular Risk|Obesity Type 2 Diabetes Mellitus,Semaglutide (Wegovy) weekly injection|Behavioral Treatment|Weight loss,no,2026-01-22,2028-01-23,semaglutide,semaglutide,semaglutide,no
NCT03919929,Treating PCOS With Semaglutide vs Active Lifestyle Intervention,PHASE2|PHASE3,COMPLETED,INTERVENTIONAL,60,"University of Colorado, Denver",OTHER,PCOS|Adolescent Obesity|NAFLD,Semaglutide 3mg and 7mg [Rybelsus]|Weight loss diet,yes,2019-05-03,2023-10-03,semaglutide,semaglutide,semaglutide,no
NCT04143945,"A Study Comparing the Injection Site Pain Experience After the Injection of Semaglutide B and Semaglutide D With 2 Different Injection Pens, a Compound for the Treatment of Type 2 Diabetes and Obesity",PHASE2,COMPLETED,INTERVENTIONAL,104,Novo Nordisk A/S,INDUSTRY,"Healthy Volunteers Diabetes Mellitus, Type 2|Healthy Volunteers Overweight|Healthy Volunteers Obesity",Semaglutide (administered by DV3396 pen)|Semaglutide (administered by PDS290 pen),yes,2019-10-28,2020-01-04,semaglutide,semaglutide,semaglutide,no
NCT02845219,A Trial Investigating the Influence of Oral Semaglutide on Pharmacokinetics of Ethinylestradiol and Levonorgestrel in an Oral Contraceptive Combination Drug in Healthy Postmenopausal Females,PHASE1,COMPLETED,INTERVENTIONAL,25,Novo Nordisk A/S,INDUSTRY,"Diabetes|Diabetes Mellitus, Type 2",semaglutide|SNAC|Microgynon®,no,2016-07,2016-12,semaglutide,semaglutide,semaglutide,no
NCT06234111,Semaglutide and Physical Activity for Obesity and Multimorbidity,NA,ACTIVE_NOT_RECRUITING,OBSERVATIONAL,35,Hvidovre University Hospital,OTHER,Obesity Morbid|Multimorbidity|Obesity,"Semaglutide 2.4 mg, total diet replacement, behavioural intervention",no,2024-02-20,2026-10,semaglutide,semaglutide,semaglutide,no
NCT05322200,The POST-ACS Study,PHASE4,UNKNOWN,INTERVENTIONAL,140,Swansea Bay University Health Board,OTHER,Diabetes Mellitus|Acute Coronary Syndrome|Coronary Artery Disease,"A computerized tomography (CT) coronary angiogram|Vicorder (Skidmore medical, UK)|Blood tests for inflammation and oxidative stress markers",no,2022-08-31,2024-04-28,semaglutide,semaglutide,semaglutide,no
NCT07309094,"Clinical, Morphometric and Biochemical Effects on Adiposopathy Associated With the Use of GLP-1RA in CKD",NA,RECRUITING,OBSERVATIONAL,250,Cardenal Herrera University,OTHER,"Chronic Kidney Disease stage3|Chronic Kidney Disease stage4|Chronic Kidney Disease Stage 1|Chronic Kidney Disease Stage 2|Obesity|Diabetes Mellitus, Type 2",GLP-1 receptor agonist|SGLT2 inhibitor|Tirzepatide|Other drugs,no,2023-09-15,2027-07-31,dulaglutide;tirzepatide;liraglutide;semaglutide,dulaglutide,dulaglutide,yes
NCT07505303,MIST (Metabolic Intervention With Semaglutide and THR-β Therapy) Trial,PHASE2,ACTIVE_NOT_RECRUITING,INTERVENTIONAL,151,Eccogene,INDUSTRY,Adult Obesity|Weight Management,ECC4703|Placebo|Semaglutide,no,2026-03-23,2026-10-15,semaglutide,semaglutide,semaglutide,no
NCT04259801,"First Research Study to Look at How Two Medicines, NNC0480-0389 and Semaglutide, Work Together in Healthy People, in People With High Body Weight and in People With Diabetes",PHASE1,COMPLETED,INTERVENTIONAL,152,Novo Nordisk A/S,INDUSTRY,"Healthy Volunteers|Overweight|Obesity|Diabetes Mellitus, Type 2",NNC0480-0389|Semaglutide|Placebo (NNC0480-0389)|Placebo (semaglutide),no,2020-02-17,2022-03-16,semaglutide,semaglutide,semaglutide,no
NCT06132477,Impact GLP-1 Agonists Following Bariatric,PHASE4,RECRUITING,INTERVENTIONAL,150,University of Missouri-Columbia,OTHER,Morbid Obesity|Metabolic Syndrome|Diabetes Mellitus|Hypertension|Obstructive Sleep Apnea of Adult,GLP-1 receptor agonist,no,2024-02-01,2028-07,semaglutide,semaglutide,semaglutide,no
NCT01686945,"Investigation on Safety, Tolerability, Pharmacokinetics and Pharmacodynamics of Multiple Doses of a Long-acting GLP-1 Analogue in Healthy Male Subjects and Male Subjects With Type 2 Diabetes",PHASE1,COMPLETED,INTERVENTIONAL,107,Novo Nordisk A/S,INDUSTRY,"Diabetes|Diabetes Mellitus, Type 2|Healthy",semaglutide|semaglutide|semaglutide|placebo|placebo,no,2012-09-19,2013-04-08,semaglutide,semaglutide,semaglutide,no
NCT06323174,A Research Study to See How Much CagriSema Lowers Blood Sugar and Body Weight Compared to Placebo in People With Type 2 Diabetes Treated With Diet and Exercise,PHASE3,COMPLETED,INTERVENTIONAL,189,Novo Nordisk A/S,INDUSTRY,Type 2 Diabetes,Cagrilintide|Semaglutide|Placebo,no,2024-03-19,2025-10-01,cagrisema;semaglutide,cagrilintide+semaglutide,cagrisema,yes
NCT06987669,Gastric Emptying in Healthy Volunteers and GLP-1 Agonist Users,NA,NOT_YET_RECRUITING,OBSERVATIONAL,155,Clinica Alemana de Santiago,OTHER,Diabetes Type 2|Obesity and Overweight,Gastric Ultrasound,no,2025-05-17,2026-12-31,semaglutide,semaglutide,semaglutide,no
NCT07229170,Changes in Taste and Eating Habits Associated With GLP-1 Agonists in Weight Loss Patients,NA,RECRUITING,OBSERVATIONAL,150,San Raffaele Telematic University,OTHER,Obesity & Overweight|Taste Alterations|Weight Loss|Eating Behavior Changes,,no,2025-12-01,2027-01-01,tirzepatide;semaglutide,tirzepatide,tirzepatide,yes
NCT07325500,Incretin Microdosing for Cardiometabolic Health in People With HIV,PHASE2,RECRUITING,INTERVENTIONAL,30,"The University of Texas Health Science Center, Houston",OTHER,Weight Gain,Dose escalation to 2 mg semaglutide weekly then semaglutide microdosing at 0.5 mg weekly|Dose escalation to 2 mg semaglutide weekly then no semaglutide,no,2026-02-12,2028-05-31,semaglutide,semaglutide,semaglutide,no
NCT04822181,Research Study on Whether Semaglutide Works in People With Non-alcoholic Steatohepatitis (NASH),PHASE3,ACTIVE_NOT_RECRUITING,INTERVENTIONAL,1205,Novo Nordisk A/S,INDUSTRY,Non-alcoholic Steatohepatitis,Semaglutide|Placebo,no,2021-04-01,2029-04-25,semaglutide,semaglutide,semaglutide,no
NCT05227196,A Research Study Looking at the Comparability of 2 Different Forms of Oral Semaglutide in Healthy People,PHASE1,COMPLETED,INTERVENTIONAL,546,Novo Nordisk A/S,INDUSTRY,Healthy Volunteers|Type 2 Diabetes,Semaglutide D Dose 1|Semaglutide D Dose 2|Semaglutide D Dose 3|Semaglutide Dose 4|Semaglutide Dose 5|Semaglutide Dose 6,no,2022-02-04,2023-06-28,semaglutide,semaglutide,semaglutide,no
NCT04228354,A Research Study Looking at the Comparability (Bioequivalence) of Two Versions of Semaglutide,PHASE1,COMPLETED,INTERVENTIONAL,28,Novo Nordisk A/S,INDUSTRY,Healthy Volunteers|Overweight|Obesity,Semaglutide,no,2020-01-29,2020-06-01,semaglutide,semaglutide,semaglutide,no
NCT06361823,Exploratory Study on the Efficacy and Safety of Semaglutide for Idiopathic Intracranial Hypertension Treatment,PHASE3,UNKNOWN,INTERVENTIONAL,74,Capital Medical University,OTHER,Idiopathic Intracranial Hypertension,Semaglutide|Low calorie diet,no,2024-05-01,2024-12-01,semaglutide,semaglutide,semaglutide,no
NCT07090343,Semaglutide in Patients Undergoing Transcatether Aortic Valve Replacement,PHASE3,NOT_YET_RECRUITING,INTERVENTIONAL,826,Leiden University Medical Center,OTHER,Aortic Stenosis|Heart Failure,Wegovy ®|Placebo,no,2026-04-01,2030-09-01,semaglutide,semaglutide,semaglutide,no
NCT06065540,"A Research Study to See How Well CagriSema Compared to Semaglutide, Cagrilintide and Placebo Lowers Blood Sugar and Body Weight in People With Type 2 Diabetes Treated With Metformin With or Without an SGLT2 Inhibitor",PHASE3,COMPLETED,INTERVENTIONAL,2734,Novo Nordisk A/S,INDUSTRY,Type 2 Diabetes Mellitus,Cagrilintide|Semaglutide|Placebo cagrilintide|Placebo semaglutide,no,2023-09-27,2025-11-19,cagrisema;semaglutide,cagrilintide+semaglutide,cagrisema,yes
NCT06825793,Semaglutide's Weight Loss Effects in Obesity,NA,NOT_YET_RECRUITING,INTERVENTIONAL,56,Beijing Chao Yang Hospital,OTHER,Obesity,Semaglutide Subcutaneous Injection,no,2025-02-20,2026-12-31,semaglutide,semaglutide,semaglutide,no
NCT06894784,A Clinical Trial to Evaluate The Effects of Semaglutide and Empagliflozin Combined to Automated Insulin Delivery on Diabetes Control in Adults Living With Type 1 Diabetes,PHASE3,RECRUITING,INTERVENTIONAL,36,McGill University Health Centre/Research Institute of the McGill University Health Centre,OTHER,Diabetes Type 1,Intervention Period 1: Semaglutide + Empagliflozin|Intervention Period 2: Semaglutide + Empagliflozin Placebo|Intervention Period 3: Semaglutide Placebo + Empagliflozin|Intervention Period 4: Semaglutide Placebo + Empagliflozin Placebo,no,2025-04,2027-01,semaglutide,semaglutide,semaglutide,no
NCT05498610,A Research Study of How the Medicine NNC0480-0389 Taken With Semaglutide Works in the Body of Healthy Chinese Men,PHASE1,COMPLETED,INTERVENTIONAL,24,Novo Nordisk A/S,INDUSTRY,"Diabetes Mellitus, Type 2",NNC0480 0389|Semaglutide,no,2022-08-11,2022-10-12,semaglutide,semaglutide,semaglutide,no
NCT02877355,Investigation of the Effect of Upper Gastrointestinal Disease on the Pharmacokinetics of Oral Semaglutide in Subjects With Type 2 Diabetes.,PHASE1,COMPLETED,INTERVENTIONAL,55,Novo Nordisk A/S,INDUSTRY,"Diabetes|Diabetes Mellitus, Type 2",semaglutide,no,2016-08-22,2017-11-24,semaglutide,semaglutide,semaglutide,no
NCT03876015,"A Research Study Looking at How Semaglutide Works in People With Type 2 Diabetes in United Kingdom, as Part of Local Clinical Practice (SURE UK)",NA,COMPLETED,OBSERVATIONAL,215,Novo Nordisk A/S,INDUSTRY,"Diabetes Mellitus, Type 2",Semaglutide,no,2019-05-01,2020-08-12,semaglutide,semaglutide,semaglutide,no
NCT05890976,Research Study Looking at How Well Semaglutide Tablets Taken Once Daily Work in Chinese Adults Who Are Above a Healthy Weight Range (OASIS 3),PHASE3,COMPLETED,INTERVENTIONAL,200,Novo Nordisk A/S,INDUSTRY,Overweight|Obesity,Semaglutide|Semaglutide Placebo,no,2023-05-30,2025-01-16,semaglutide,semaglutide,semaglutide,no
NCT07190144,Coronary Flow Reserve Changes After Semaglutide Treatment,NA,COMPLETED,OBSERVATIONAL,122,Ekrem Bilal Karaayvaz,OTHER,The Study Focused on the Vascular Effects of Semaglutide in Both Diabetic and Non-diabetic Patients|Obesity &Amp; Overweight,,no,2025-01-07,2025-08-01,semaglutide,semaglutide,semaglutide,no
NCT05230589,"A Research Study Looking at How Oral Semaglutide Works in People With Type 2 Diabetes in Saudi Arabia, as Part of Local Clinical Practice",NA,COMPLETED,OBSERVATIONAL,194,Novo Nordisk A/S,INDUSTRY,"Diabetes Mellitus, Type 2",Oral semaglutide,no,2022-04-25,2023-03-13,semaglutide,semaglutide,semaglutide,no
NCT03015220,Safety and Efficacy of Oral Semaglutide Versus Dulaglutide Both in Combination With One OAD (Oral Antidiabetic Drug) in Japanese Subjects With Type 2 Diabetes,PHASE3,COMPLETED,INTERVENTIONAL,458,Novo Nordisk A/S,INDUSTRY,"Diabetes|Diabetes Mellitus, Type 2",Semaglutide|Dulaglutide,yes,2017-01-10,2018-07-12,dulaglutide;semaglutide,dulaglutide,dulaglutide,yes
NCT06154486,Evaluation of Gastric Content of Volunteers Fasting and Using Semaglutide: an Observational and Cross-sectional Study,NA,COMPLETED,OBSERVATIONAL,30,Hospital Israelita Albert Einstein,OTHER,"Pneumonia, Aspiration|Anesthesia",semaglutide use,no,2023-06-19,2023-06-19,semaglutide,semaglutide,semaglutide,no
NCT06041217,A Research Study to See How Well Semaglutide Helps People Who Have a Body Weight Above the Healthy Weight Range,PHASE3,COMPLETED,INTERVENTIONAL,242,Novo Nordisk A/S,INDUSTRY,Overweight|Obesity,Semaglutide|Placebo,yes,2023-09-15,2025-04-02,semaglutide,semaglutide,semaglutide,no
NCT07178145,Epicardial Adipose Tissue Composition and Heart Failure With Preserved Ejection Fraction,PHASE4,RECRUITING,INTERVENTIONAL,192,University of Virginia,OTHER,Heart Failure Preserved Ejection Fraction|Epicardial Adipose Tissue,GLP-1RA,no,2025-11-20,2029-09,semaglutide,semaglutide,semaglutide,no
NCT07107334,A Study to Estimate Early Clinical Efficacy Signals of GLP-1 Agonist Administration in Conjunction With Levonorgestrel Intrauterine Device in Obese Patients With Endometrioid Intraepithelial Neoplasia,PHASE2,RECRUITING,INTERVENTIONAL,20,University of Florida,OTHER,Endometrioid Endometrial Adenocarcinoma,Glucagon-like peptide 1 receptor agonist,no,2026-04-07,2028-11,orforglipron;tirzepatide;liraglutide;semaglutide,orforglipron,orforglipron,yes
NCT05689372,Regulatory Post Marketing Surveillance (rPMS) Study of Ozempic (Semaglutide) to Evaluate Safety and Effectiveness in Patients With Type 2 Diabetes Mellitus in Routine Clinical Practice in Korea,NA,ENROLLING_BY_INVITATION,OBSERVATIONAL,600,Novo Nordisk A/S,INDUSTRY,"Diabetes Mellitus, Type 2",Semaglutide,no,2026-02-02,2026-11-30,semaglutide,semaglutide,semaglutide,no
NCT03466567,A Trial Investigating the Effect of Probenecid and Ciclosporin on the Concentrations of SNAC in Healthy Subjects,PHASE1,COMPLETED,INTERVENTIONAL,21,Novo Nordisk A/S,INDUSTRY,"Diabetes|Diabetes Mellitus, Type 2",Semaglutide|Probenecid|Ciclosporin,no,2018-03-15,2018-07-10,semaglutide,semaglutide,semaglutide,no
NCT06975111,Focusing on the Menopausal Transition to Improve Mid-Life Women's Health,PHASE2|PHASE3,RECRUITING,INTERVENTIONAL,200,"University of Colorado, Denver",OTHER,Menopause|Menopause Hot Flashes|Menopause Related Conditions|Cardiovascular,Metformin|semaglutide|Anti-hypertensives|Lipid Lowering Medication|Life style intervention|Fezolinetant|Hormonal therapy,no,2026-03-01,2029-10-31,semaglutide,semaglutide,semaglutide,no
NCT03457012,"A Research Study Looking at How Semaglutide Works in People With Type 2 Diabetes in Canada, as Part of Local Clinical Practice",NA,COMPLETED,OBSERVATIONAL,462,Novo Nordisk A/S,INDUSTRY,"Diabetes Mellitus, Type 2",Semaglutide,no,2018-03-29,2019-12-19,semaglutide,semaglutide,semaglutide,no
NCT04865744,The Effect of Semaglutide on Pituitary Function,PHASE4,COMPLETED,INTERVENTIONAL,10,University of Tartu,OTHER,Healthy,Semaglutide 7 MG Oral Tablet|Placebo|Semaglutide 14 MG Oral Tablet,no,2021-05-19,2021-09-23,semaglutide,semaglutide,semaglutide,no
NCT07619495,Injectable Semaglutide vs Dulaglutide in Individuals at Cardiovascular Risk,NA,COMPLETED,OBSERVATIONAL,120000,Brigham and Women's Hospital,OTHER,Type 2 Diabetes Mellitus|Obesity|Overweight,Semaglutide|Dulaglutide,no,2026-01-20,2026-06-01,dulaglutide;semaglutide,dulaglutide,dulaglutide,yes
NCT06057077,Semaglutide GLP1 Agonists With Degludec Basal-bolus Insulin in Early Type 1 Diabetes to Basal-bolus,PHASE1|PHASE2,UNKNOWN,INTERVENTIONAL,120,"Ministry of Health, Saudi Arabia",OTHER_GOV,Type 1 Diabetes,Semaglutide weekly injection,no,2024-01-01,2024-12-31,semaglutide,semaglutide,semaglutide,no
NCT07251556,GLP-1 Receptor Agonists in Non-diabetic Patients With Psoriatic Arthritis,PHASE4,NOT_YET_RECRUITING,INTERVENTIONAL,40,Chinese University of Hong Kong,OTHER,Psoriasis Arthritis,Semaglutide 0.5 mg|Semaglutide 1.0 mg|Semaglutide 0.25 mg|No intervention,no,2025-12-01,2027-01-01,semaglutide,semaglutide,semaglutide,no
NCT06797869,A Research Study to Investigate the Effects of CagriSema Compared to Placebo in People With Type 2 Diabetes and Painful Diabetic Peripheral Neuropathy,PHASE2,ACTIVE_NOT_RECRUITING,INTERVENTIONAL,142,Novo Nordisk A/S,INDUSTRY,"Diabetes Mellitus, Type 2|Diabetic Peripheral Neuropathy",CagriSema (Cagrilintide B and Semaglutide I)|Placebo matched to CagriSema (Cagrilintide B and Semaglutide I),no,2025-01-29,2026-08-21,cagrisema;semaglutide,cagrilintide+semaglutide,cagrisema,yes
NCT05925959,Preoperative Weight Loss for Open Abdominal Wall Reconstruction,NA,RECRUITING,INTERVENTIONAL,258,Benjamin T. Miller,OTHER,Abdominal Wall Hernia,Preoperative Weight Management Program,no,2023-06-19,2027-06-01,liraglutide;semaglutide,liraglutide,liraglutide,yes
NCT06613854,Effect of Early Combination Antihyperglycemic Treatment on Metabolic Control in Individuals With Type 2 Diabetes,PHASE4,RECRUITING,INTERVENTIONAL,90,University Medical Centre Ljubljana,OTHER,Type 2 Diabetes Mellitus (T2DM),Oral semaglutide|Empagliflozin 10 mg,no,2024-10-01,2027-09,semaglutide,semaglutide,semaglutide,no
NCT07249554,Combination Therapy for Alcohol Use Disorder,PHASE2,NOT_YET_RECRUITING,INTERVENTIONAL,45,Johns Hopkins University,OTHER,Alcohol Use Disorder,Placebo|Glucagon-Like Peptide-1 Agonist (GLP-1)|Naltrexone (oral tablets),no,2026-09,2028-07,semaglutide,semaglutide,semaglutide,no
NCT07361874,IMPACT-MACS: Adrenalectomy vs Semaglutide for Metabolic Outcomes in Mild Autonomous Cortisol Secretion,NA,RECRUITING,INTERVENTIONAL,75,University of Texas Southwestern Medical Center,OTHER,Mild Autonomous Cortisol Secretion (MACS)|Autonomous Cortisol Secretion (ACS)|Subclinical Cushing's|Mild Autonomous Cortisol Excess,Intervention 1: Adrenalectomy|Intervention 2: Semaglutide,no,2026-03-05,2030-05-31,semaglutide,semaglutide,semaglutide,no
NCT02461589,Dose-finding of Semaglutide Administered Subcutaneously Once Daily Versus Placebo and Liraglutide in Subjects With Type 2 Diabetes,PHASE2,COMPLETED,INTERVENTIONAL,706,Novo Nordisk A/S,INDUSTRY,"Diabetes|Diabetes Mellitus, Type 2",semaglutide|liraglutide|placebo,yes,2015-09-21,2016-10-13,liraglutide;semaglutide,liraglutide,liraglutide,yes
NCT03929679,"A Research Study Looking at How Semaglutide Works in People With Type 2 Diabetes in The Netherlands, as Part of Local Clinical Practice (SURE NETHERLANDS)",NA,COMPLETED,OBSERVATIONAL,218,Novo Nordisk A/S,INDUSTRY,"Diabetes Mellitus, Type 2",semaglutide,no,2019-05-28,2020-11-24,semaglutide,semaglutide,semaglutide,no
NCT07417618,INcreTin-based thERapies for Cardiovascular Event PrevenTion in Patients With and Without ASCVD (INTERCEPT-ASCVD),NA,COMPLETED,OBSERVATIONAL,60000,Brigham and Women's Hospital,OTHER,Type 2 Diabetes|Overweight|ASCVD,Dulaglutide|Semaglutide|Tirzepatide|Sitagliptin,no,2026-01-27,2026-06-19,dulaglutide;tirzepatide;semaglutide,dulaglutide,dulaglutide,yes
NCT05443568,"A Research Study Looking at How Oral Semaglutide Works in People With Type 2 Diabetes in Israel, as Part of Local Clinical Practice",NA,COMPLETED,OBSERVATIONAL,155,Novo Nordisk A/S,INDUSTRY,"Diabetes Mellitus, Type 2",Oral semaglutide,no,2023-03-09,2024-11-16,semaglutide,semaglutide,semaglutide,no
NCT05819853,Role of Semaglutide in Restoring Ovulation in Youth and Adults With Polycystic Ovary Syndrome,PHASE3,RECRUITING,INTERVENTIONAL,80,"University of Colorado, Denver",OTHER,PCOS (Polycystic Ovary Syndrome) of Bilateral Ovaries|Obese,Semaglutide Injectable Product (Wegovy and/or Ozempic),no,2023-11-03,2028-02-01,semaglutide,semaglutide,semaglutide,no
NCT07280403,Effect of a Low-carbohydrate Diet on Weight Loss in People Using the Injectable GLP-1 Agonist Semaglutide for Weight Loss,NA,COMPLETED,INTERVENTIONAL,60,INQUIS Clinical Research,INDUSTRY,Weight Loss,Low Carbohydrate|Low Fat,no,2024-09-12,2025-10-14,semaglutide,semaglutide,semaglutide,no
NCT06982859,A Study to Evaluate the Effect of Retatrutide on Insulin Secretion and Insulin Sensitivity in Adult Participants With Type 2 Diabetes Mellitus,PHASE1,ACTIVE_NOT_RECRUITING,INTERVENTIONAL,95,Eli Lilly and Company,INDUSTRY,Diabetes Mellitus|Insulin Sensitivity,Retatrutide|Semaglutide|Placebo,no,2025-06-02,2026-12,retatrutide;semaglutide,retatrutide,retatrutide,yes
NCT07223983,Semaglutide (SEMA) for Alcohol Use Disorder (AUD) After Metabolic and Bariatric Surgery (MBS),PHASE1,RECRUITING,INTERVENTIONAL,10,Yale University,OTHER,Alcohol Use Disorder|Weight Loss|Bariatric Surgery Patients,Semaglutide 1.0 mg,no,2026-03-06,2026-10-31,semaglutide,semaglutide,semaglutide,no
NCT07743983,A Study of BGM0504 in Early T2DM With Obesity,PHASE3,RECRUITING,INTERVENTIONAL,372,"BrightGene Bio-Medical Technology Co., Ltd.",INDUSTRY,Type 2 Diabetes (T2DM),BGM0504|semaglutide,no,2026-08-30,2028-09-30,semaglutide,semaglutide,semaglutide,no
NCT07720466,Salivary Function and Dental Changes During GLP-1 Therapy,NA,NOT_YET_RECRUITING,OBSERVATIONAL,40,Bilecik Seyh Edebali Universitesi,OTHER,Obesity|Dental Erosion|Saliva Collection|Saliva Altered,Unstimulated Whole Saliva Collection|Salivary Analysis|Oral Examination and BEWE Assessment|Standardized Intraoral Photography,no,2026-08-17,2026-10-21,tirzepatide;semaglutide,tirzepatide,tirzepatide,yes
NCT06267092,A Study of How CagriSema Works on Appetite in People With Excess Body Weight,PHASE1,COMPLETED,INTERVENTIONAL,164,Novo Nordisk A/S,INDUSTRY,Overweight|Obesity,No treatment given|Cagrilintide and Semaglutide|Placebo,no,2024-02-15,2025-04-07,cagrisema;semaglutide,cagrilintide+semaglutide,cagrisema,yes
NCT06659744,Emulation of the SUSTAIN6 Diabetes Trial Using Healthcare Claims,NA,COMPLETED,OBSERVATIONAL,158310,Brigham and Women's Hospital,OTHER,"Diabetes Mellitus, Type 2",New use of semaglutide injection|New initiation of sitagliptin,no,2024-10-24,2025-03-06,semaglutide,semaglutide,semaglutide,no
NCT07797036,Postpartum Semaglutide to Reduce Cardiometabolic Risk After Gestational Diabetes,PHASE2|PHASE3,NOT_YET_RECRUITING,INTERVENTIONAL,226,"University of Massachusetts, Worcester",OTHER,Gestational Diabetes Mellitus (GDM)|Metabolic Syndrome,Semaglutide (Wegovy) weekly injection,no,2027-09-01,2030-09-01,semaglutide,semaglutide,semaglutide,no
NCT02249871,Investigating the Influence of Omeprazole on the Pharmacokinetics of Oral Semaglutide in Healthy Subjects,PHASE1,COMPLETED,INTERVENTIONAL,54,Novo Nordisk A/S,INDUSTRY,Diabetes|Healthy,semaglutide|Omeprazole,no,2014-09-24,2015-04-01,semaglutide,semaglutide,semaglutide,no
NCT07586150,Personalized Pharmaco-Lifestyle Interventions for Severe Mental Illnesses (LIFETRAIN),NA,NOT_YET_RECRUITING,INTERVENTIONAL,140,Ludwig-Maximilians - University of Munich,OTHER,Severe Mental Illness|Depression / Major Depressive Disorder|Bipolar Disorder (BD)|Schizophrenia,Semaglutide (SEMA)|Exercise module|Anti-inflammatory diet module|Sleep intervention module|Social prescribing module|Closed-loop transcranial alternating current stimulation (CL-tACS)|Structured lifestyle psychoeducation|Sham CL-tACS,no,2028-10,2030-07,semaglutide,semaglutide,semaglutide,no
NCT06289504,A Study on How CagriSema Affects Levels of Atorvastatin and Warfarin in the Blood of Participants With Excess Body Weight,PHASE1,COMPLETED,INTERVENTIONAL,34,Novo Nordisk A/S,INDUSTRY,Obesity,Cagrilintide|Semaglutide|Atorvastatin|Warfarin,no,2024-02-27,2024-10-16,cagrisema;semaglutide,cagrilintide+semaglutide,cagrisema,yes
NCT06344247,Comparison of the Efficacy and Safety of SGLT2i and GLP-1 Receptor Agonists in Obese Patients With Kidney Disease,NA,UNKNOWN,INTERVENTIONAL,48,RenJi Hospital,OTHER,Obesity|Chronic Kidney Diseases,RAS inhibitors：Losartan®️/Valsartan®️|dapagliflozin：Forxiga®️|simagliptin：Forxiga®️,no,2023-09-01,2025-09-01,semaglutide,semaglutide,semaglutide,no
NCT07058155,Optimizing Portal Hypertension With TIPS and Interval Metabolic Surgery for Advanced Liver Disease,PHASE4,RECRUITING,INTERVENTIONAL,70,The Cleveland Clinic,OTHER,Liver Cirrhoses|Portal Hypertension Related to Cirrhosis|Severe Obesity|TIPS,Transjugular Intrahepatic Portosystemic Shunt (TIPS)|Sleeve Gastrectomy|Anti-Obesity Pharmacotherapy (Class Effect)|Lifestyle Counseling - Diet & Physical-Activity Program,no,2025-12-17,2029-02-01,tirzepatide;semaglutide,tirzepatide,tirzepatide,yes
NCT07444073,Assessing Biological Aging in a Real-World Medical Weight Loss Program Using the LinAge2 Clinical Clock,NA,NOT_YET_RECRUITING,OBSERVATIONAL,440,National University of Singapore,OTHER,Aging|Obesity & Overweight,Not applicable. This is an observational study.,no,2026-06-01,2026-12-31,tirzepatide;semaglutide,tirzepatide,tirzepatide,yes
NCT06579105,"Efficacy, Safety, and Tolerability of Once Daily Oral Administration of AZD5004 Versus Placebo for 26 Weeks in Adults With Type 2 Diabetes Mellitus.",PHASE2,COMPLETED,INTERVENTIONAL,406,AstraZeneca,INDUSTRY,"Diabetes Mellitus, Type 2",Placebo (placebo matching AZD5004 film-coated tablet)|AZD5004|Semaglutide,no,2024-10-08,2025-12-19,semaglutide,semaglutide,semaglutide,no
NCT04074161,Research Study to Investigate How Well Semaglutide Works Compared to Liraglutide in People Living With Overweight or Obesity,PHASE3,COMPLETED,INTERVENTIONAL,338,Novo Nordisk A/S,INDUSTRY,Overweight|Obesity,Semaglutide|Placebo (semaglutide)|Liraglutide|Placebo (liraglutide),yes,2019-09-11,2021-03-27,liraglutide;semaglutide,liraglutide,liraglutide,yes
NCT04447859,16-week Flexible vs. 8-week Semaglutide Titration,PHASE3,UNKNOWN,INTERVENTIONAL,100,Tel-Aviv Sourasky Medical Center,OTHER_GOV,Diabetes type2,Semaglutide|label recommended titration,no,2020-02-23,2022-05-10,semaglutide,semaglutide,semaglutide,no
NCT06083675,Research Study to Compare Semaglutide Tablets With Empagliflozin or Metformin Tablets in People With Type 2 Diabetes,PHASE3,WITHDRAWN,INTERVENTIONAL,0,Novo Nordisk A/S,INDUSTRY,"Diabetes Mellitus, Type 2",Semaglutide|Empagliflozin|Metformin,no,2024-01-26,2025-01-24,semaglutide,semaglutide,semaglutide,no
NCT07430059,"Safety, Tolerability and Pharmacokinetics of a Subcutaneous Semaglutide Implant",PHASE1,NOT_YET_RECRUITING,INTERVENTIONAL,20,"Vivani Medical, Inc",INDUSTRY,Obesity & Overweight,Semaglutide Implant (NPM-139)|Semaglutide (Wegovy) weekly injection,no,2026-07,2026-12,semaglutide,semaglutide,semaglutide,no
NCT07171723,Studying the Influence of LEAP2 on Integrated Endocrine Control of Eating During Semaglutide Treatment,PHASE1|PHASE2,RECRUITING,INTERVENTIONAL,24,"University Hospital, Gentofte, Copenhagen",OTHER,Obesity &Amp; Overweight,Liver-Expressed Antimicrobial Peptide 2 (LEAP2)|Placebo (saline),no,2025-09-01,2025-12-14,semaglutide,semaglutide,semaglutide,no
NCT04263415,"The Effects of Semaglutide on Taste, Tongue Tissue Transcriptome, Gastric Emptying and Central Neural Response in Women With PCOS and Obesity",PHASE4,COMPLETED,INTERVENTIONAL,30,University Medical Centre Ljubljana,OTHER,"PCOS|Semaglutide|Taste, Altered|Tongue Tissue Transcriptome|Gastric Emptying|Central Neural Response",Semaglutide|Placebo,no,2019-11-02,2020-05-08,semaglutide,semaglutide,semaglutide,no
NCT06292065,Gastric Ultrasound To Assess Gastric Contents In Patients On Semaglutide Therapy,NA,COMPLETED,INTERVENTIONAL,88,Nils Vlaeminck,OTHER,Gastroparesis,Point-of-care gastric ultrasound,no,2024-04-16,2025-05-31,semaglutide,semaglutide,semaglutide,no
NCT06263595,Semaglutide and Preoperative Residual Gastric Volumes,NA,COMPLETED,OBSERVATIONAL,94,University of Calgary,OTHER,Pulmonary Aspiration,gastric antral sonography,no,2024-05-31,2025-05-16,semaglutide,semaglutide,semaglutide,no
NCT07317115,Side-to-Side Duodeno-ileostomy Versus Semaglutide in Adults With Obesity and Type 2 Diabetes,NA,RECRUITING,INTERVENTIONAL,20,"GT Metabolic Solutions, Inc.",INDUSTRY,Obesity (Disorder)|Obesity & Overweight|Type 2 Diabetes (T2DM),Magnet System|Semaglutide,no,2026-03-18,2027-06,semaglutide,semaglutide,semaglutide,no
NCT05751720,Effect on Non-Alcoholic Fatty Liver Disease in Patients With Type 2 Diabetes Mellitus With Gastric Inhibitory Polypeptide/Glucagon Like Peptide-1 Analogue,PHASE1|PHASE2,UNKNOWN,INTERVENTIONAL,30,Dr Adnan Agha,OTHER,Non-Alcoholic Fatty Liver Disease|Non-alcoholic Steatohepatitis|Type 2 Diabetes|Liver Fat,GIP/GLP-1a,no,2023-10-01,2024-10,tirzepatide;semaglutide,tirzepatide,tirzepatide,yes
NCT06924697,Effect of Glucagon-like Peptide-1 (GLP-1) Receptor Agonist Stimulation on Smoking Consumption in Type 2 Diabetes Patients,NA,ENROLLING_BY_INVITATION,INTERVENTIONAL,46,Shanghai East Hospital,OTHER,"Diabetes Mellitus, Type 2|Nicotine Dependence, Cigarettes",Application of GLP-1RAs drugs|DPP-4i group,no,2025-06-21,2026-01-11,semaglutide,semaglutide,semaglutide,no
NCT03596450,Long Term Comparative Effectiveness of Once Weekly Semaglutide Versus Standard of Care in a Real World Adult US Population With Type 2 Diabetes - a Randomized Pragmatic Trial,PHASE4,COMPLETED,INTERVENTIONAL,1278,Novo Nordisk A/S,INDUSTRY,"Diabetes Mellitus, Type 2",Semaglutide|Standard of care,yes,2018-07-13,2022-06-09,semaglutide,semaglutide,semaglutide,no
NCT06269120,"SEMA-CardioDiab HUNGARY: A Research Study to Understand the Effects of Oral Semaglutide on Blood Sugar Levels, Weight, and Cardiovascular Risk in People With Type 2 Diabetes Patients in Hungary",NA,COMPLETED,OBSERVATIONAL,243,Novo Nordisk A/S,INDUSTRY,Type 2 Diabetes,Oral Semaglutide,no,2024-09-30,2026-05-05,semaglutide,semaglutide,semaglutide,no
NCT07430332,GLP-1 RA for Stage 1 Type 1 Diabetes,PHASE2,NOT_YET_RECRUITING,INTERVENTIONAL,15,"Children's Hospital Medical Center, Cincinnati",OTHER,"Stage 1 Diabetes Mellitus, Type 1",Semaglutide|Placebo,no,2027-09-01,2029-06-01,semaglutide,semaglutide,semaglutide,no
NCT07221214,GLP-1 Receptor Agonists to Decrease Ethanol and CVD Risk in HIV,PHASE2,RECRUITING,INTERVENTIONAL,200,Vanderbilt University Medical Center,OTHER,HIV|Alcohol|Smoking Cigarette|Cardiovascular Disease Prevention,Semaglutide (Rybelsus®)|Placebo,no,2026-04-17,2029-10-31,semaglutide,semaglutide,semaglutide,no
NCT07446998,"Proof-of-Concept Study Evaluating Total Body Weight, Physical Function & Safety of Enobosarm in Patients Treated With GLP-1 Receptor Agonist, for Weight Loss",PHASE2,ACTIVE_NOT_RECRUITING,INTERVENTIONAL,239,Veru Inc.,INDUSTRY,Obesity & Overweight|Mobility Disability|HOMA-IR,Enobosarm|Semaglutide (Wegovy) weekly injection,no,2026-03-26,2027-10,semaglutide,semaglutide,semaglutide,no
NCT03548987,Research Study Investigating How Well Semaglutide Works in People Suffering From Overweight or Obesity,PHASE3,COMPLETED,INTERVENTIONAL,902,Novo Nordisk A/S,INDUSTRY,Metabolism and Nutrition Disorder|Obesity,Semaglutide|Placebo,yes,2018-06-04,2020-02-22,semaglutide,semaglutide,semaglutide,no
NCT06015893,Semaglutide Therapy for Alcohol Reduction (STAR),PHASE2,ACTIVE_NOT_RECRUITING,INTERVENTIONAL,63,National Institute on Drug Abuse (NIDA),NIH,Addiction|Alcohol Use Disorder,Take Control|Semaglutide,no,2023-10-17,2027-03-31,semaglutide,semaglutide,semaglutide,no
NCT07057310,Aging Well: Targeting Obesity With GLP-1 Agonists to Enhance Physical and Vascular Health in Postmenopausal Women,PHASE4,ENROLLING_BY_INVITATION,INTERVENTIONAL,30,Mayo Clinic,OTHER,Obesity|Menopause,semaglutide or tirzepatide|Lifestyle modification intervention,no,2025-05-01,2026-12-31,tirzepatide;semaglutide,tirzepatide,tirzepatide,yes
NCT07101939,"A Study of the Effect of (S)-Pindolol Benzoate (ACM-001.1) on Lean Body Mass (LBM) in Obese Patents During (PROACT 1), and Post-semaglutide Therapy (PROACT 2)",PHASE2,RECRUITING,INTERVENTIONAL,120,Actimed Therapeutics Ltd,INDUSTRY,Obesity|Muscle Loss,(S)-pindolol benzoate|Semaglutide|Placebo to (S)-pindolol benzoate,no,2025-06-23,2027-03,semaglutide,semaglutide,semaglutide,no
NCT07619508,Tirzepatide vs Semaglutide in Individuals at Cardiovascular Risk But Without Diabetes.,NA,COMPLETED,OBSERVATIONAL,100000,Brigham and Women's Hospital,OTHER,Obesity|Overweight,Tirzepatide|Semaglutide,no,2026-02-10,2026-06-01,tirzepatide;semaglutide,tirzepatide,tirzepatide,yes
NCT02014259,"Pharmacokinetics, Safety and Tolerability of Oral Semaglutide in Subjects With Various Degrees of Impaired Renal Function",PHASE1,COMPLETED,INTERVENTIONAL,71,Novo Nordisk A/S,INDUSTRY,"Diabetes|Diabetes Mellitus, Type 2|Healthy",semaglutide,no,2013-12-11,2014-10-24,semaglutide,semaglutide,semaglutide,no
NCT02692716,A Trial Investigating the Cardiovascular Safety of Oral Semaglutide in Subjects With Type 2 Diabetes,PHASE3,COMPLETED,INTERVENTIONAL,3183,Novo Nordisk A/S,INDUSTRY,"Diabetes|Diabetes Mellitus, Type 2",semaglutide|placebo,yes,2017-01-17,2018-09-25,semaglutide,semaglutide,semaglutide,no
NCT03574597,Semaglutide Effects on Heart Disease and Stroke in Patients With Overweight or Obesity,PHASE3,COMPLETED,INTERVENTIONAL,17604,Novo Nordisk A/S,INDUSTRY,Overweight|Obesity,Semaglutide|Placebo (semaglutide),yes,2018-10-24,2023-06-21,semaglutide,semaglutide,semaglutide,no
NCT06913023,Semaglutide for the Prevention Of Post-Transplant Diabetes Mellitus,PHASE2|PHASE3,NOT_YET_RECRUITING,INTERVENTIONAL,74,"University Health Network, Toronto",OTHER,Kidney Transplant Recipient,Semaglutide 3 MG [Rybelsus]|Semaglutide 7 MG [Rybelsus]|Semaglutide 14 MG [Rybelsus]|Placebo Oral Tablet,no,2026-01-05,2027-11-30,semaglutide,semaglutide,semaglutide,no
NCT07282613,A Research Study to See How Much CagriSema Lowers Blood Sugar and Body Weight Compared to Placebo in Children and Adolescents With Type 2 Diabetes,PHASE3,NOT_YET_RECRUITING,INTERVENTIONAL,80,Novo Nordisk A/S,INDUSTRY,"Diabetes Mellitus, Type 2",CagriSema (Cagrilintide B and Semaglutide I)|Placebo matched to CagriSema (Cagrilintide B and Semaglutide I),no,2026-08-04,2029-09-07,cagrisema;semaglutide,cagrilintide+semaglutide,cagrisema,yes
NCT04383197,Exercise and GLP-1 RA on Insulin Secretion,NA,UNKNOWN,INTERVENTIONAL,30,University of Copenhagen,OTHER,Type 2 Diabetes,Endurance exercise training|Semaglutide,no,2019-12-10,2021-08,semaglutide,semaglutide,semaglutide,no
NCT06323161,A Research Study to See How Much CagriSema Lowers Blood Sugar and Body Weight Compared to Placebo in People With Type 2 Diabetes Treated With Once-daily Basal Insulin With or Without Metformin,PHASE3,COMPLETED,INTERVENTIONAL,274,Novo Nordisk A/S,INDUSTRY,Type 2 Diabetes,Cagrilintide|Semaglutide|Placebo,no,2024-03-26,2025-09-09,cagrisema;semaglutide,cagrilintide+semaglutide,cagrisema,yes
NCT04938388,Comparison of Oral Semaglutide w/ Placebo- Treatment for Latino Adults w/T2 Diabetes Receiving Enhanced Lifestyle Care,PHASE4,TERMINATED,INTERVENTIONAL,12,Sansum Diabetes Research Institute,OTHER,"Diabetes Mellitus, Type 2|Glucose Metabolism Disorders (Including Diabetes Mellitus)",Semaglutide Pill|Fresh organic vegetables,no,2022-01-29,2023-02-16,semaglutide,semaglutide,semaglutide,no
NCT07081178,A Non-interventional Study Investigating Semaglutide in Combination With Lifestyle-based Modifications for the Management of Obesity in Real-World Clinical Practice in Germany (WeGo Real Germany).,NA,TERMINATED,OBSERVATIONAL,100,Novo Nordisk A/S,INDUSTRY,Obesity,Semaglutide,no,2025-08-08,2025-12-18,semaglutide,semaglutide,semaglutide,no
NCT05857085,Novel Therapeutics and Endothelial Dysfunction in T1DM Patients,PHASE4,COMPLETED,INTERVENTIONAL,90,General and Teaching Hospital Celje,OTHER,"Endothelial Dysfunction|Diabetes Mellitus, Type 1|Biomarkers|Endothelial Progenitor Cells|SGLT 2 Inhibitors|Incretins|Glucose Excursions|FMD|FPF|Arterial Stiffness",Semaglutide Pen Injector [Ozempic]|Empagliflozin 10 MG,no,2021-12-15,2022-03-10,semaglutide,semaglutide,semaglutide,no
NCT07740291,Tirzepatide Impact Assessment Study,NA,RECRUITING,INTERVENTIONAL,27,Texas Tech University,OTHER,Obesity & Overweight|Cardiometabolic Health Indicators|Addiction|Eating Disorders|Mental Health,GLP-1 Receptor Agonist Therapy|Structured Lifestyle Intervention,no,2025-01-02,2026-11-23,tirzepatide;semaglutide,tirzepatide,tirzepatide,yes
NCT07547878,Rapid and Simultaneous Initiation of Four Guideline-Directed CKD Therapies (RAPID-CKD),PHASE4,NOT_YET_RECRUITING,INTERVENTIONAL,64,Baylor Research Institute,OTHER,Chronic Kidney Disease|Type 2 Diabetes,Finerenone|Semaglutide|Lotensin|Capoten|Enalapril|Monopril|Lisinopril|Univasc|Aceon|Accupril|Altace|Mavik|Edarbi|Atacand|Avapro|Cozaar|Benicar|Micardis|Diovan|Invokana|Farxiga|Jardiance|Ertugliflozin|Brenzavvy|Sotagliflozin,no,2026-04-30,2029-03-31,semaglutide,semaglutide,semaglutide,no
NCT04559815,"A Research Study Looking at How Oral Semaglutide Works in People With Type 2 Diabetes in Canada, as Part of Local Clinical Practice",NA,COMPLETED,OBSERVATIONAL,194,Novo Nordisk A/S,INDUSTRY,"Diabetes Mellitus, Type 2",Oral Semaglutide,no,2020-10-21,2022-09-14,semaglutide,semaglutide,semaglutide,no
NCT04152915,A Research Study Looking at Similarity Between Once-weekly Semaglutide Versions for Different Injection Pens,PHASE1,COMPLETED,INTERVENTIONAL,68,Novo Nordisk A/S,INDUSTRY,"Healthy Volunteers|Diabetes Mellitus, Type 2",Semaglutide,no,2019-11-25,2020-05-25,semaglutide,semaglutide,semaglutide,no
NCT06269107,"A Research Study to See How Well New Weekly Medicine IcoSema, Which is a Combination of Insulin Icodec and Semaglutide, Controls Blood Sugar Levels in People With Type 2 Diabetes (T2D), Compared to Daily Insulin Glargine (COMBINE 4)",PHASE3,COMPLETED,INTERVENTIONAL,485,Novo Nordisk A/S,INDUSTRY,Type 2 Diabetes,IcoSema|Insulin glargine,no,2024-02-15,2025-05-27,semaglutide,semaglutide,semaglutide,no
NCT06717698,A Research Study Comparing How Well Different Doses of the Medicine NNC0519-0130 Can Reduce Kidney Damage in People Living With Chronic Kidney Disease,PHASE2,RECRUITING,INTERVENTIONAL,465,Novo Nordisk A/S,INDUSTRY,Chronic Kidney Disease,NNC0519-0130|Placebo|Semaglutide,no,2024-12-02,2026-09-01,NNC0519-0130;semaglutide,amycretin,NNC0519-0130,yes
NCT07030621,Efficacy of Semaglutide in Improving Neurological Outcomes After Endovascular Thrombectomy for Acute Ischemic Stroke: A Randomized Double-Blind Controlled Trial,PHASE3,NOT_YET_RECRUITING,INTERVENTIONAL,436,RenJi Hospital,OTHER,Acute Ischemic Stroke,Semaglutide 0.5 mg|Normal Saline,no,2025-07-01,2027-07-31,semaglutide,semaglutide,semaglutide,no
NCT05816057,A Study of the Efficacy and Safety of Semaglutide Injection in the Treatment of Type 2 Diabetes Mellitus,PHASE3,COMPLETED,INTERVENTIONAL,476,"Hangzhou Jiuyuan Gene Engineering Co. Ltd.,",INDUSTRY,"Diabetes Mellitus, Type 2",semaglutide injection,no,2022-07-25,2023-07-25,semaglutide,semaglutide,semaglutide,no
NCT04175665,Real-world Health Outcomes in Canadian Patients Using Semaglutide,NA,COMPLETED,OBSERVATIONAL,1133,LMC Diabetes & Endocrinology Ltd.,OTHER,Type 2 Diabetes,Semaglutide,no,2020-01-06,2020-02-09,semaglutide,semaglutide,semaglutide,no
NCT04624672,Treatment of GLP-1 for Diabetic Bariatric Patients,PHASE4,TERMINATED,INTERVENTIONAL,3,Geisinger Clinic,OTHER,"Diabetes Mellitus, Type 2",Semaglutide (1 Mg Dose)|Placebo,yes,2021-08-25,2022-07-18,semaglutide,semaglutide,semaglutide,no
NCT07040592,Off-Label Medications for Alcohol Use Disorder Among Patients With HIV: Pilot Study 3 Semaglutide,PHASE2,RECRUITING,INTERVENTIONAL,30,Yale University,OTHER,Alcohol Use Disorder (AUD)|HIV,semaglutide,no,2026-01-15,2027-06-30,semaglutide,semaglutide,semaglutide,no
NCT07184086,A Study to See How Metabolism is Influenced by Weight Loss Due to Intervention With Cagrilintide and Semaglutide Compared to Diet,PHASE1,RECRUITING,INTERVENTIONAL,80,Novo Nordisk A/S,INDUSTRY,Obesity,CagriSema (Cagrilintide B + semaglutide I)|Low Energy Diet,no,2025-09-26,2027-10-12,cagrisema;semaglutide,cagrilintide+semaglutide,cagrisema,yes
NCT06131437,A Research Study to See How Well CagriSema Compared to Tirzepatide Helps People With Obesity Lose Weight,PHASE3,COMPLETED,INTERVENTIONAL,809,Novo Nordisk A/S,INDUSTRY,Obesity,Cagrilintide|Semaglutide|Tirzepatide,no,2023-11-27,2025-12-08,cagrisema;tirzepatide;semaglutide,cagrilintide+semaglutide,cagrisema,yes
NCT06581120,GLP_1 RA Ultrasound Study,NA,ENROLLING_BY_INVITATION,OBSERVATIONAL,100,"Children's Hospital Medical Center, Cincinnati",OTHER,Glucagon Like Peptide-1 (GLP-1|Delayed Gastric Emptying|Risk of Aspiration|Diabetes|Morbid Obesity,Glucagon-Like Peptide-1 receptor agonists|Point of Care Gastric Ultrasound,no,2024-07-08,2026-07,dulaglutide;liraglutide;semaglutide,dulaglutide,dulaglutide,yes
NCT00813020,A Clinical Trial Investigating the Comparison of Three Different Concentrations of NN9535 in Healthy Male Subjects,PHASE1,COMPLETED,INTERVENTIONAL,44,Novo Nordisk A/S,INDUSTRY,"Diabetes|Diabetes Mellitus, Type 2",semaglutide|semaglutide|semaglutide,no,2009-01,2009-04,semaglutide,semaglutide,semaglutide,no
NCT06339086,Efficacy and Safety of Semaglutide Injection in Subjects With Type 2 Diabetes,PHASE3,UNKNOWN,INTERVENTIONAL,478,"Chengdu Brilliant Pharmaceutical Co., Ltd.",INDUSTRY,Type 2 Diabetes Mellitus,Semaglutide Injection|Semaglutide Injection(Ozempic®)|Metformin,no,2024-04,2025-08-30,semaglutide,semaglutide,semaglutide,no
NCT02970942,Investigation of Efficacy and Safety of Three Dose Levels of Subcutaneous Semaglutide Once Daily Versus Placebo in Subjects With Non-alcoholic Steatohepatitis.,PHASE2,COMPLETED,INTERVENTIONAL,320,Novo Nordisk A/S,INDUSTRY,Hepatobiliary Disorders|Non-alcoholic Steatohepatitis,Semaglutide|Placebo,yes,2016-11-30,2020-02-13,semaglutide,semaglutide,semaglutide,no
NCT05780905,Effects of Semaglutide on Intracranial Blood Flow and Brain-Barrier Permeability in Type-2 Diabetes,PHASE4,RECRUITING,INTERVENTIONAL,50,University of Washington,OTHER,"Diabetes Mellitus, Type 2|Stroke (CVA) or Transient Ischemic Attack",Semaglutide Auto-Injector|Placebo,no,2024-01-11,2026-03-31,semaglutide,semaglutide,semaglutide,no
NCT04109547,A Research Study Comparing a New Medicine Oral Semaglutide to Placebo in People With Type 2 Diabetes,PHASE3,COMPLETED,INTERVENTIONAL,521,Novo Nordisk A/S,INDUSTRY,"Diabetes Mellitus, Type 2",Oral semaglutide|Placebo,yes,2019-10-01,2021-09-23,semaglutide,semaglutide,semaglutide,no
NCT06351748,Real-world Study of CHina Ozempic cLinicAl pRactice in Patients With Type 2 Diabetes (SCHOLAR),NA,COMPLETED,OBSERVATIONAL,34238,Novo Nordisk A/S,INDUSTRY,"Diabetes Mellitus, Type 2",Semaglutide,no,2024-01-02,2024-03-29,semaglutide,semaglutide,semaglutide,no
NCT07141914,A Master Protocol for Semaglutide Effects on Cardiovascular and Obesity-related Outcomes in People With Overweight or Obesity in the Real World,NA,COMPLETED,OBSERVATIONAL,285327,Novo Nordisk A/S,INDUSTRY,Overweight|Obesity|Heart Failure (HF)|Atherosclerotic Cardiovascular Disease (ASCVD)|Primary Prevention,No treatment given|No treatment given,no,2025-08-29,2025-12-19,semaglutide,semaglutide,semaglutide,no
NCT07272343,The Impact of Semaglutide Compared to Energy Restriction on Type 2 Diabetes,PHASE4,RECRUITING,INTERVENTIONAL,100,Second Affiliated Hospital of Nanchang University,OTHER,Type 2 Diabetes Mellitus (T2DM)|Semaglutide|Caloric Restriction,semaglutide|caloric restriction,no,2023-02-10,2026-06-30,semaglutide,semaglutide,semaglutide,no
NCT07558863,Effect of GLP-1RA on Cardiac Autonomic Neuropathy in Type 2 Diabetes,PHASE4,RECRUITING,INTERVENTIONAL,60,The First Affiliated Hospital with Nanjing Medical University,OTHER,Type 2 Diabetes|Diabetes With Diabetic Autonomic Neuropathy (Diagnosis),GLP-1 Receptor Agonists,no,2026-04-01,2028-03-30,semaglutide,semaglutide,semaglutide,no
NCT05646199,Semaglutide vs Metformin in Polycystic Ovary Syndrome (PCOS),PHASE2|PHASE3,UNKNOWN,INTERVENTIONAL,60,University of Hull,OTHER,Polycystic Ovary Syndrome,Metformin|Semaglutide Injectable Product,no,2025-03-01,2025-09-30,semaglutide,semaglutide,semaglutide,no
NCT07200622,Oral Semaglutide in Patients With Alzheimer's Disease,PHASE2,NOT_YET_RECRUITING,INTERVENTIONAL,60,Imperial College London,OTHER,Alzheimer Disease,Semaglutide (Rybelsus®)|Placebo,no,2025-09-25,2027-12-31,semaglutide,semaglutide,semaglutide,no
NCT06446531,"Prevention of Progression of Prediabetes, Obesity and CV Risk",PHASE1,RECRUITING,INTERVENTIONAL,64,The University of Texas Health Science Center at San Antonio,OTHER,"Pre-Diabetes|Weight, Body|Cardiovascular Diseases",Placebo|Rybelsus Tablet|Jardiance 25Mg Tablet|Metformin|Actos,no,2024-09-11,2027-07,semaglutide,semaglutide,semaglutide,no
NCT07325435,Beta Cell Function in Type 2 Diabetes: Differential Effects of SGLT2 Inhibitors and GLIP-Receptor Agonists,PHASE4,ACTIVE_NOT_RECRUITING,INTERVENTIONAL,60,MaryAnn Banerji,OTHER,Type 2 Diabetes (T2DM),SGLT-2 inhibitor|GLP1-RA,no,2024-12-21,2027-12-31,dulaglutide;liraglutide;semaglutide,dulaglutide,dulaglutide,yes
NCT05356104,GLP-1 Analogue in Preventing Progression of Small Vessel Disease (GAPP-SVD),PHASE2,RECRUITING,INTERVENTIONAL,110,Chinese University of Hong Kong,OTHER,Cerebral Small Vessel Disease,GLP-1 receptor agonist,no,2022-05-25,2027-05,semaglutide,semaglutide,semaglutide,no
NCT07523633,Effect of Semaglutide on Cannabis Use in Adults With Cannabis Use Disorder,PHASE2,RECRUITING,INTERVENTIONAL,100,"Anders Fink-Jensen, MD, DMSci",OTHER,Cannabis Use Disorder|Cannabis Use Disorders|Cannabis Abuse|Cannabis Dependence|Cannabis Addiction,semaglutide|Placebo,no,2026-04-30,2028-04-30,semaglutide,semaglutide,semaglutide,no
NCT05013229,"A Research Study to See How Well the New Weekly Medicine IcoSema, Which is a Combination of Insulin Icodec and Semaglutide, Controls Blood Sugar Level in People With Type 2 Diabetes Compared to Insulin Glargine Taken Daily With Insulin Aspart (COMBINE 3)",PHASE3,COMPLETED,INTERVENTIONAL,679,Novo Nordisk A/S,INDUSTRY,"Diabetes Mellitus, Type 2",IcoSema|Insulin glargine|insulin aspart,no,2021-11-30,2023-11-14,semaglutide,semaglutide,semaglutide,no
NCT06449235,Real-World Evaluation of Omarigliptin for Type 2 Diabetes Meliitus in Bangladesh,PHASE4,UNKNOWN,INTERVENTIONAL,938,"Bangladesh Institute of Research and Rehabilitation in Diabetes, Endocrine and Metabolic Disorders",OTHER,Type2diabetes,Omarigliptin|Sulphonylureas|Metformin|Other DPP4-i|Thiazolidinediones|Alpha-Glucosidase Inhibitor|Glucagon-Like Peptide-1|Receptor Agonists (GLP1RA)|SGLT2 inhibitors,no,2024-09,2025-04,dulaglutide;liraglutide;semaglutide,dulaglutide,dulaglutide,yes
NCT06426446,Monitoring Patients With Severe Obesity Treated With Wegovy® Using Connected Device: Real-world Data,NA,UNKNOWN,INTERVENTIONAL,80,Assistance Publique - Hôpitaux de Paris,OTHER,Obesity,Withings Body Comp Pro,no,2024-06-01,2025-06-01,semaglutide,semaglutide,semaglutide,no
NCT07213466,Individualized Pharmacological Approach to Obesity in Patients With Bipolar Disorder,PHASE4,RECRUITING,INTERVENTIONAL,100,Mayo Clinic,OTHER,Bipolar I Disorder|Bipolar II Disorder|Schizo Affective Disorder|Obesity|Weight Loss|GLP - 1,Group Therapy Program|semaglutide|Phentermine-Topiramate|naltrexone and bupropion (combination),no,2026-01-19,2028-02-01,semaglutide,semaglutide,semaglutide,no
NCT07770152,Semaglutide in Youth With Autism Spectrum Disorder,PHASE4,NOT_YET_RECRUITING,INTERVENTIONAL,42,"Children's Hospital Medical Center, Cincinnati",OTHER,Autism Spectrum Disorder|Obesity,Glucagon-like peptide-1 receptor agonist：Semaglutide|Lifestyle Management (LSM) Counseling,no,2026-09-01,2028-09-01,semaglutide,semaglutide,semaglutide,no
NCT07139548,A Study of RAY1225 Versus Semaglutide as Add-on Therapy to Oral Antidiabetic Drugs in Participants With Type 2 Diabetes,PHASE3,NOT_YET_RECRUITING,INTERVENTIONAL,600,"Guangdong Raynovent Biotech Co., Ltd",INDUSTRY,T2DM,RAY1225|Semaglutide,no,2025-08-31,2026-12-01,semaglutide,semaglutide,semaglutide,no
NCT06354101,"The Purpose of This Registry Study is to Learn More About Metabolic Health: Approximately 15,000 Participants Who Are Overweight or Have Obesity With or Without Metabolic Diseases Are Expected to Participate in This Registry Study.",NA,WITHDRAWN,OBSERVATIONAL,0,CorEvitas,NETWORK,Metabolic Health,Tirzepatide|Semaglutide,no,2023-07-01,2023-07-01,tirzepatide;semaglutide,tirzepatide,tirzepatide,yes
NCT06082063,Multifactorial Intervention to Reduce Cardiovascular Disease in Type 1 Diabetes,PHASE3,RECRUITING,INTERVENTIONAL,2000,Steno Diabetes Center Copenhagen,OTHER,Cardiovascular Diseases|Heart Failure|Type 1 Diabetes|Kidney Failure,Aspirin tablet|Semaglutide|Sotagliflozin|Finerenone,no,2024-07-01,2029-07-01,semaglutide,semaglutide,semaglutide,no
NCT05129891,A Research Study Looking at New Protein-based Tablets in Healthy Male Participants,PHASE1,COMPLETED,INTERVENTIONAL,384,Novo Nordisk A/S,INDUSTRY,Healthy Volunteers|High Blood Cholesterol Levels|Type 2 Diabetes,Semaglutide D|Semaglutide G|Semaglutide H|Semaglutide I|NNC0385-0434 B|NNC0385-0434 C|NNC0385-0434 D|NNC0385-0434 E,no,2021-11-03,2023-02-26,semaglutide,semaglutide,semaglutide,no
NCT07695454,Imaging in Semaglutide Study,NA,NOT_YET_RECRUITING,OBSERVATIONAL,10,The Cleveland Clinic,OTHER,Type 2 Diabetes|BMI Greater Than 30,31P-MRS and MRI,no,2026-07-15,2026-12-30,semaglutide,semaglutide,semaglutide,no
NCT07563699,"Safety, Tolerability and Efficacy of Semaglutide Depot in Subjects With Type-2 Diabetes Mellitus",PHASE1|PHASE2,RECRUITING,INTERVENTIONAL,24,Mapi Pharma Ltd.,INDUSTRY,Diabete Type 2,SG Depot 2 mg|SG Depot 4 mg|SG Depot 6 mg|SG Depot 8 mg,no,2026-08-09,2028-05,semaglutide,semaglutide,semaglutide,no
NCT05892432,Clinical Trial of Rybelsus (Semaglutide) Among Adults With Alcohol Use Disorder (AUD),PHASE2,COMPLETED,INTERVENTIONAL,50,"University of Colorado, Denver",OTHER,Alcohol Use Disorder,Semaglutide 3 MG [Rybelsus]|Semaglutide 7 MG [Rybelsus]|Placebo,no,2024-01-11,2025-11-04,semaglutide,semaglutide,semaglutide,no
NCT03951753,A Study of Tirzepatide in Participants With Type 2 Diabetes Mellitus (T2DM),PHASE1,COMPLETED,INTERVENTIONAL,117,Eli Lilly and Company,INDUSTRY,"Diabetes Mellitus, Type 2",Tirzepatide|Semaglutide|Placebo,yes,2019-06-28,2021-04-08,tirzepatide;semaglutide,tirzepatide,tirzepatide,yes
NCT07642635,Glucagon-Like Peptide-1 Receptor Agonists to Attenuate Metabolic Risk in Individuals With Duchenne Muscular Dystrophy,PHASE1|PHASE2,NOT_YET_RECRUITING,INTERVENTIONAL,30,Vanderbilt University Medical Center,OTHER,Duchenne Muscular Dystrophy (DMD),Semaglutide (Rybelsus®)|Placebo,no,2026-09-01,2030-09,semaglutide,semaglutide,semaglutide,no
NCT02172313,Effect of Food on the Pharmacokinetics of Oral Semaglutide in Healthy Subjects,PHASE1,COMPLETED,INTERVENTIONAL,78,Novo Nordisk A/S,INDUSTRY,Diabetes|Healthy,semaglutide,no,2014-06,2014-10,semaglutide,semaglutide,semaglutide,no
NCT04109508,A Research Study Comparing Active Drug in the Blood in Healthy Participants Following Dosing of the Current and a New Formulation (C) Semaglutide Tablets,PHASE1,COMPLETED,INTERVENTIONAL,278,Novo Nordisk A/S,INDUSTRY,Healthy Volunteers|Type 2 Diabetes,Oral semaglutide,no,2019-10-02,2020-12-24,semaglutide,semaglutide,semaglutide,no
NCT07770282,Efficacy and Safety of Semaglutide Versus Placebo on Cardiometabolic Profile in Patients With Schizophrenia With Metabolic Syndrome,PHASE3,NOT_YET_RECRUITING,INTERVENTIONAL,600,"All India Institute of Medical Sciences, Bhubaneswar",OTHER,Schizophrenia Disorder|Metabolic Syndrome|Antipsychotic-induced Weight Gain|Cardiovascular Risk|Insulin Resistance,Semaglutide + TAU|Placebo + TAU,no,2026-12-01,2030-07-30,semaglutide,semaglutide,semaglutide,no
NCT05147896,Semaglutide Anti-Atherosclerotic Mechanisms of Action Study in Type 2 Diabetes Patients,NA,UNKNOWN,INTERVENTIONAL,100,University Medical Centre Ljubljana,OTHER,"Diabetes Mellitus, Type 2|Atherosclerosis",Semaglutide Oral Tablet,no,2022-05-01,2023-05-01,semaglutide,semaglutide,semaglutide,no
NCT07732738,Bariatric Surgery Combined With GLP-1RA: A Multicenter Study.,NA,RECRUITING,INTERVENTIONAL,400,China-Japan Friendship Hospital,OTHER,Obesity,BS-GLP1RA group|BS group,no,2025-01-01,2027-12-30,semaglutide,semaglutide,semaglutide,no
NCT01866748,"Investigation on Safety, Tolerability and Pharmacokinetics of Single and Multiple Doses of a Long-acting GLP-1 Analogue (Semaglutide) in an Oral Formulation in Healthy Male Subjects",PHASE1,COMPLETED,INTERVENTIONAL,170,Novo Nordisk A/S,INDUSTRY,"Diabetes|Diabetes Mellitus, Type 2|Healthy",semaglutide|semaglutide|placebo|placebo,no,2013-05,2014-04,semaglutide,semaglutide,semaglutide,no
NCT06604624,Semaglutide in Treatment of Obesity,PHASE3,COMPLETED,INTERVENTIONAL,462,"CSPC Baike (Shandong) Biopharmaceutical Co., Ltd.",INDUSTRY,Weight Management,HD1916|semaglutide,no,2024-09-20,2025-08-27,semaglutide,semaglutide,semaglutide,no
NCT06640972,Effects of RDX-002 on Postprandial Triglycerides in Patients Discontinuing GLP-1 Agonists,PHASE2,COMPLETED,INTERVENTIONAL,68,Response Pharmaceuticals,INDUSTRY,"Triglycerides|Weight Gain Trajectory|Cholesterol, Elevated",RDX-002|Placebo,yes,2024-09-27,2025-01-04,tirzepatide;semaglutide,tirzepatide,tirzepatide,yes
NCT06986993,Impact of Semaglutide on Tobacco Use and Related Health Behaviors,PHASE4,RECRUITING,INTERVENTIONAL,40,University of Oklahoma,OTHER,Tobacco Use,Semaglutide|Placebo,no,2024-07-01,2028-05-30,semaglutide,semaglutide,semaglutide,no
NCT04788511,Research Study to Investigate How Well Semaglutide Works in People Living With Heart Failure and Obesity,PHASE3,COMPLETED,INTERVENTIONAL,529,Novo Nordisk A/S,INDUSTRY,Obesity,Semaglutide|Placebo (semaglutide),yes,2021-03-16,2023-04-18,semaglutide,semaglutide,semaglutide,no
NCT05751226,A Study in People With Overweight or Obesity to Test How Well Different Doses of BI 1820237 Are Tolerated When Given Alone or in Combination With Either Semaglutide or BI 456906,PHASE1,COMPLETED,INTERVENTIONAL,88,Boehringer Ingelheim,INDUSTRY,Healthy|Obesity,BI 1820237|semaglutide|Placebo|BI 456906,no,2023-04-11,2024-08-01,semaglutide,semaglutide,semaglutide,no
NCT02648204,Efficacy and Safety of Semaglutide Versus Dulaglutide as add-on to Metformin in Subjects With Type 2 Diabetes.,PHASE3,COMPLETED,INTERVENTIONAL,1201,Novo Nordisk A/S,INDUSTRY,"Diabetes|Diabetes Mellitus, Type 2",semaglutide|Dulaglutide,yes,2016-01-06,2017-04-10,dulaglutide;semaglutide,dulaglutide,dulaglutide,yes
NCT07314684,GLP1-RAs Effects on Inflammatory and Endothelial Biomarkers in T2DM,PHASE4,RECRUITING,INTERVENTIONAL,80,Federico II University,OTHER,T2DM (Type 2 Diabetes Mellitus),semaglutide|Standard Treatment (Guideline-Based),no,2025-09-08,2027-03-08,semaglutide,semaglutide,semaglutide,no
NCT04601740,"A Research Study Looking at How Oral Semaglutide Works in People With Type 2 Diabetes in The Netherlands, as Part of Local Clinical Practice",NA,COMPLETED,OBSERVATIONAL,145,Novo Nordisk A/S,INDUSTRY,"Diabetes Mellitus, Type 2",Oral Semaglutide,no,2020-11-17,2022-12-19,semaglutide,semaglutide,semaglutide,no
NCT07760532,Comparing Facial Aging Between Identical Twins With 3D Imaging,NA,NOT_YET_RECRUITING,OBSERVATIONAL,200,"Ponsky Facial Aesthetics And Plastic Surgery, Llc",INDUSTRY,Facial Skin Aging|Facial Volume Loss|Wrinkle Appearance,GLP-1 Receptor Agonists,no,2026-08-08,2026-09,tirzepatide;semaglutide,tirzepatide,tirzepatide,yes
NCT03611322,A Trial to Compare Blood Concentration Levels of Semaglutide Following Subcutaneous Injections of Semaglutide 1 mg by 2 Different Devices (the DV3372 Device and by the PDS290 Semaglutide Pen-injector),PHASE1,COMPLETED,INTERVENTIONAL,54,Novo Nordisk A/S,INDUSTRY,"Diabetes Mellitus, Type 2","Semaglutide, 0.25 mg|Semaglutide, 0.5 mg|Semaglutide, 1.0 mg|DV3372|PDS290 pen-injector",no,2018-08-08,2019-01-07,semaglutide,semaglutide,semaglutide,no
NCT07092605,"Effectiveness of Microdosed GLP-1 in Improving Health, Quality of Life, and Longevity Measures",EARLY_PHASE1,ENROLLING_BY_INVITATION,INTERVENTIONAL,150,AgelessRx,INDUSTRY,Longevity|Quality of Life|Mood|Inflammation|Immune Health|Pain Management|Weight Management|Alertness,GLP-1|Placebo,no,2024-11-01,2025-11-01,semaglutide,semaglutide,semaglutide,no
NCT06989177,Probiotic Intervention on Body Weight,NA,RECRUITING,INTERVENTIONAL,140,Chinese Academy of Sciences,OTHER_GOV,Obesity|Homeostasis|Weight Loss|Probiotic Intervention,General lifestyle and nutritional education|Energy-restricted nutritional and lifestyle intervention|Placebo|Probiotic|semaglutide,no,2025-06-10,2026-12-30,semaglutide,semaglutide,semaglutide,no
NCT03552757,Research Study Investigating How Well Semaglutide Works in People With Type 2 Diabetes Suffering From Overweight or Obesity,PHASE3,COMPLETED,INTERVENTIONAL,1210,Novo Nordisk A/S,INDUSTRY,Obesity|Overweight,Semaglutide 1.0 mg|Semaglutide 2.4 mg|Placebo I (Semaglutide)|Placebo II (Semaglutide),yes,2018-06-04,2020-03-24,semaglutide,semaglutide,semaglutide,no
NCT05788965,Semaglutide in CFRD,PHASE2|PHASE3,COMPLETED,INTERVENTIONAL,8,University of Minnesota,OTHER,Cystic Fibrosis|Cystic Fibrosis-related Diabetes,Semaglutide,yes,2023-10-16,2024-12-23,semaglutide,semaglutide,semaglutide,no
NCT05486065,A Research Study to Look Into How Well Semaglutide Medicine Works at Different Doses in People With Type 2 Diabetes and Overweight,PHASE2,COMPLETED,INTERVENTIONAL,245,Novo Nordisk A/S,INDUSTRY,"Diabetes Mellitus, Type 2",Semaglutide|Placebo,yes,2022-08-08,2023-10-12,semaglutide,semaglutide,semaglutide,no
NCT07135245,Improved Treatment and Monitoring of Alzheimer's Disease,PHASE2,NOT_YET_RECRUITING,INTERVENTIONAL,180,Rune Skovgaard Rasmussen,OTHER,Alzheimer Disease (AD),Semaglutide (Rybelsus®) combined with other interventions|Placebo|Semaglutide (Rybelsus®),no,2026-01-01,2030-09-30,semaglutide,semaglutide,semaglutide,no
NCT05822830,A Study of Tirzepatide (LY3298176) in Participants With Obesity or Overweight With Weight Related Comorbidities,PHASE3,COMPLETED,INTERVENTIONAL,751,Eli Lilly and Company,INDUSTRY,Obesity|Overweight,Tirzepatide|Semaglutide,yes,2023-04-21,2024-11-13,tirzepatide;semaglutide,tirzepatide,tirzepatide,yes
NCT06648031,"Comparison of the Safety, Efficacy and Pharmacokinetics of DehydraTECH -CBD and DehydraTECH-GLP1 Agonists Alone or in Combination, in Overweight or Obese, Pre- and Type 2 Diabetic Participants",PHASE1,COMPLETED,INTERVENTIONAL,148,Lexaria Bioscience Corp.,INDUSTRY,Type2diabetes,Arm 1 - DehydraTECH-CBD alone|Arm 2 - DehydraTECH-semaglutide alone|Arm 3 - DehydraTECH-CBD in combination with DehydraTECH-semaglutide|Arm 4 - Rybelsus medication (semaglutide) alone|Arm 5- Tirzepatide,no,2024-12-04,2025-07-31,tirzepatide;semaglutide,tirzepatide,tirzepatide,yes
NCT03631186,"A Research Study Looking at How Semaglutide Works in People With Type 2 Diabetes in Switzerland, as Part of Local Clinical Practice (SURE SWITZERLAND)",NA,COMPLETED,OBSERVATIONAL,215,Novo Nordisk A/S,INDUSTRY,"Diabetes Mellitus, Type 2",Semaglutide,no,2018-09-12,2019-12-18,semaglutide,semaglutide,semaglutide,no
NCT05702931,Semaglutide Treatment for Hyperglycaemia After Renal Transplantation,PHASE4,RECRUITING,INTERVENTIONAL,104,"Rigshospitalet, Denmark",OTHER,Hyperglycemia|Renal Transplant Complication Primary Non-Function|Diabetes,Semaglutide 14 MG [Rybelsus]|Placebo,no,2024-09-19,2027-12,semaglutide,semaglutide,semaglutide,no
NCT07727473,Preoperative Semaglutide Prior to Radical Prostatectomy,EARLY_PHASE1,NOT_YET_RECRUITING,INTERVENTIONAL,20,Banner Health,OTHER,Prostate Cancer,Semaglutide 2.4 mg,no,2026-07,2028-05,semaglutide,semaglutide,semaglutide,no
NCT06764056,Characterization and Management of Metabolic Dysfunction-Associated Fatty Liver Disease (MAFLD),NA,NOT_YET_RECRUITING,INTERVENTIONAL,120,"Institut universitaire de cardiologie et de pneumologie de Québec, University Laval",OTHER,Metabolic Associated Fatty Liver Disease|Metabolic Associated-dysfunction Steatohepatitis (MASH)|Obesity,semaglutide|Diet,no,2025-01,2026-05,semaglutide,semaglutide,semaglutide,no
NCT06333080,The Effect of Adherence to Oral Semaglutide on Glycaemic Control in People With Type 2 Diabetes Treated With Metformin,NA,TERMINATED,OBSERVATIONAL,1,Aalborg University Hospital,OTHER,"Diabetes Mellitus, Type 2",,no,2023-11-01,2025-07-29,semaglutide,semaglutide,semaglutide,no
NCT04032197,A Research Study of How Semaglutide Works in People With Disease Affecting the Heart and/or Blood Vessels and Type 2 Diabetes,PHASE1,COMPLETED,INTERVENTIONAL,101,Novo Nordisk A/S,INDUSTRY,"Diabetes Mellitus, Type 2",Semaglutide|Placebo (semaglutide),no,2019-08-12,2022-12-16,semaglutide,semaglutide,semaglutide,no
NCT04779697,"GLP-1 Analogue Effects on Food Cues, Stress, Motivation for Highly Palatable Foods, and Weight",PHASE1,COMPLETED,INTERVENTIONAL,96,Yale University,OTHER,Obesity,GLP-1 analogue - semaglutide|Placebo,yes,2021-02-01,2024-11-19,semaglutide,semaglutide,semaglutide,no
NCT07599046,Fecal Microbiota Transplantation (FMT) Combined With Calorie-Restricted Diet and Semaglutide in Patients With Obesity and Type 2 Diabetes,NA,NOT_YET_RECRUITING,INTERVENTIONAL,20,"Eighth Affiliated Hospital, Sun Yat-sen University",OTHER,Obesity Type 2 Diabetes Mellitus,Fecal microbiota transplantation (FMT)|Semaglutide (1 Mg Dose)|Calorie-restricted diet,no,2026-04-30,2027-01-30,semaglutide,semaglutide,semaglutide,no
NCT03693430,Two-year Research Study Investigating How Well Semaglutide Works in People Suffering From Overweight or Obesity,PHASE3,COMPLETED,INTERVENTIONAL,304,Novo Nordisk A/S,INDUSTRY,Overweight|Obesity,Semaglutide|Placebo (Semaglutide),yes,2018-10-05,2021-01-29,semaglutide,semaglutide,semaglutide,no
NCT02863328,Efficacy and Safety of Oral Semaglutide Versus Empagliflozin in Subjects With Type 2 Diabetes Mellitus,PHASE3,COMPLETED,INTERVENTIONAL,822,Novo Nordisk A/S,INDUSTRY,"Diabetes|Diabetes Mellitus, Type 2",semaglutide|empagliflozin,yes,2016-08-10,2017-08-01,semaglutide,semaglutide,semaglutide,no
NCT07272837,Impact of Semaglutide (Ozempic/Wegovy®) on Heart and Muscle Mass,NA,RECRUITING,OBSERVATIONAL,50,University of Alberta,OTHER,Type 2 Diabetes|Obesity|Semaglutide|GLP-1|Diabetes,,no,2026-05-15,2027-12-31,semaglutide,semaglutide,semaglutide,no
NCT07227948,Repurposing Semaglutide for the Treatment of Cocaine Use Disorder,PHASE2,RECRUITING,INTERVENTIONAL,75,"The University of Texas Health Science Center, Houston",OTHER,Cocaine Use Disorder,Semaglutide|Placebo|cognitive behavioral therapy (CBT).,no,2026-01-15,2029-01-28,semaglutide,semaglutide,semaglutide,no
NCT04865770,"A Research Study to Find Out How Semaglutide Works in the Kidneys Compared to Placebo, in People With Type 2 Diabetes and Chronic Kidney Disease (the REMODEL Trial)",PHASE3,COMPLETED,INTERVENTIONAL,106,Novo Nordisk A/S,INDUSTRY,"Diabetes Mellitus, Type 2|Chronic Kidney Disease",Semaglutide|Placebo (Semaglutide),yes,2021-04-28,2024-11-21,semaglutide,semaglutide,semaglutide,no
NCT02022254,Influence of Semaglutide on Pharmacokinetics and Pharmacodynamics of Warfarin and Pharmacokinetics of Metformin in Healthy Subjects,PHASE1,COMPLETED,INTERVENTIONAL,24,Novo Nordisk A/S,INDUSTRY,"Diabetes|Diabetes Mellitus, Type 2|Healthy",semaglutide|placebo|metformin|warfarin,no,2013-12-17,2014-08-28,semaglutide,semaglutide,semaglutide,no
NCT07218354,Cessation or Reduction of Alcohol Consumption in Veterans: A Randomized Controlled Trial for Alcohol Use Disorder (CRAVE),PHASE3,RECRUITING,INTERVENTIONAL,622,VA Office of Research and Development,FED,Alcohol Use Disorder,Semaglutide|Placebo,no,2026-07-28,2029-03-31,semaglutide,semaglutide,semaglutide,no
NCT02207374,A Trial Comparing the Safety and Efficacy of Semaglutide Once Weekly in Monotherapy or in Combination With One OAD in Japanese Subjects With Type 2 Diabetes,PHASE3,COMPLETED,INTERVENTIONAL,601,Novo Nordisk A/S,INDUSTRY,"Diabetes|Diabetes Mellitus, Type 2",semaglutide|DPP-4 inhibitor,yes,2014-08-04,2016-02-27,semaglutide,semaglutide,semaglutide,no
NCT06400615,Study That Tests AD109 in Patients Taking GLP-1 Drugs,PHASE2,COMPLETED,INTERVENTIONAL,40,Apnimed,INDUSTRY,OSA,AD109,no,2024-05-20,2024-12-26,tirzepatide;liraglutide;semaglutide,tirzepatide,tirzepatide,yes
NCT01511393,An Active Surveillance Program for Cases of Medullary Thyroid Carcinoma (MTC),NA,ENROLLING_BY_INVITATION,OBSERVATIONAL,6750,Novo Nordisk A/S,INDUSTRY,"Diabetes|Diabetes Mellitus, Type 2|Medullary Thyroid Carcinoma|Weight Management",No treatment given,no,2012-01,2039-12,dulaglutide;liraglutide;semaglutide,dulaglutide,dulaglutide,yes
NCT01272973,"Investigation on Safety, Tolerability, Pharmacokinetics and Pharmacodynamics of NN9924 in Healthy Male Subjects",PHASE1,COMPLETED,INTERVENTIONAL,96,Novo Nordisk A/S,INDUSTRY,"Diabetes|Diabetes Mellitus, Type 2|Healthy",semaglutide|placebo|semaglutide,no,2011-01,2011-07,semaglutide,semaglutide,semaglutide,no
NCT06634927,"Pharmacokinetic Similarity, Safety, and Immunogenicity of Semaglutide Injection and Ozempic ® Injection in Healthy Subjects.",PHASE1,COMPLETED,INTERVENTIONAL,68,"Hangzhou Zhongmei Huadong Pharmaceutical Co., Ltd.",INDUSTRY,Type 2 Diabetes,Ozempic®|HDG1901,no,2024-09-22,2024-11-14,semaglutide,semaglutide,semaglutide,no
NCT07772960,"Semaglutide Dose Effects on Metabolic and Stress Hormone, Craving and Alcohol Use Outcomes",PHASE1,NOT_YET_RECRUITING,INTERVENTIONAL,90,Yale University,OTHER,Alcohol Use Disorder (AUD)|Obesity (BMI Equal to or >30),Placebo|Semaglutide 1.0 mg|Semaglutide 2.0 mg,no,2026-10-01,2031-10-31,semaglutide,semaglutide,semaglutide,no
NCT04990024,The Effect of Different Diets on Arterial Stiffness in Obese Patients on Semaglutide,NA,UNKNOWN,INTERVENTIONAL,60,American University of Beirut Medical Center,OTHER,Obesity|Weight Loss,Dietary Intervention Med Diet|Dietary Intervention HP/LC Diet,no,2021-07-01,2025-09-15,semaglutide,semaglutide,semaglutide,no
NCT07297589,Epicardial Cardiac Fat-CT (EPIC-CT),PHASE3,RECRUITING,INTERVENTIONAL,136,Instituto Mexicano del Seguro Social,OTHER_GOV,STEMI - ST Elevation Myocardial Infarction|Epicardial Fat,Dapagliflozin 10 MG Oral Tablet|Semaglutide (Rybelsus®),no,2025-12-30,2027-01,semaglutide,semaglutide,semaglutide,no
NCT03811574,STEP 6: Research Study Investigating How Well Semaglutide Works in People Living With Overweight or Obesity,PHASE3,COMPLETED,INTERVENTIONAL,401,Novo Nordisk A/S,INDUSTRY,Overweight|Obesity,Semaglutide|Placebo (semaglutide),yes,2019-01-21,2020-11-20,semaglutide,semaglutide,semaglutide,no
NCT05897372,Feasibility of Aggressive Albuminuria Reduction in Biopsy-Proven Diabetic Nephropathy - a Pilot Study,PHASE2,TERMINATED,INTERVENTIONAL,1,Iain Bressendorff,OTHER,Diabetic Kidney Disease,"ACEi / ARB, SGLT2i, finerenone, semaglutide, pentoxifylline, hydrochlorthiazide, baricitinib",no,2023-08-01,2024-09-23,semaglutide,semaglutide,semaglutide,no
NCT04596631,A Research Study to Compare a New Medicine Oral Semaglutide to a Dummy Medicine in Children and Teenagers With Type 2 Diabetes,PHASE3,COMPLETED,INTERVENTIONAL,132,Novo Nordisk A/S,INDUSTRY,"Diabetes Mellitus, Type 2",Oral semaglutide|Placebo (semaglutide),yes,2020-11-02,2025-04-29,semaglutide,semaglutide,semaglutide,no
NCT07581145,Effect of Semaglutide on Healing of Foot Ulcers in Type 2 Diabetes Patients,PHASE3,RECRUITING,INTERVENTIONAL,52,Ole Lander Svendsen,OTHER,Foot Ulcer Due to Type 2 Diabetes Mellitus,"Semaglutide, 1.34 mg/mL|Placebo",no,2026-04-24,2028-12,semaglutide,semaglutide,semaglutide,no
NCT04979130,Comparing Semaglutide Versus Placebo on Intestinal Barrier Function in Type 2 Diabetes Mellitus (SIB),PHASE4,COMPLETED,INTERVENTIONAL,69,"University of Colorado, Denver",OTHER,Type 2 Diabetes|Chronic Inflammation|Intestinal Permeability,Semaglutide|Placebo,no,2022-01-01,2024-10-16,semaglutide,semaglutide,semaglutide,no
NCT07091500,Glucagon-like Peptide 1 (GLP-1) Receptor Agonist Therapy and Exercise Training in People With Obesity,NA,RECRUITING,INTERVENTIONAL,40,Washington University School of Medicine,OTHER,Obesity|Skeletal Muscle|Brain Connectivity,Exercise training|Semaglutide|Therapy Cessation,no,2025-08-11,2028-08-01,semaglutide,semaglutide,semaglutide,no
NCT04777409,A Research Study Investigating Semaglutide in People With Early Alzheimer's Disease (EVOKE Plus),PHASE3,COMPLETED,INTERVENTIONAL,1840,Novo Nordisk A/S,INDUSTRY,Early Alzheimer´s Disease,Semaglutide|Placebo (semaglutide),no,2021-05-18,2025-09-15,semaglutide,semaglutide,semaglutide,no
NCT07564414,A Research Study to Look at How Two Different Doses of CagriSema and One Dose of Semaglutide Help People Living With Obesity With or Without Type 2 Diabetes Lose Weight,PHASE3,RECRUITING,INTERVENTIONAL,2500,Novo Nordisk A/S,INDUSTRY,Obesity|Type 2 Diabetes,Cagrisema|Semaglutide,no,2026-05-21,2028-02-23,cagrisema;semaglutide,cagrilintide+semaglutide,cagrisema,yes
NCT07720414,Effects of GLP-1 RAs on Human Lactation Outcomes,NA,RECRUITING,OBSERVATIONAL,18,"University of Colorado, Denver",OTHER,Lactation|Weight Loss,Injected GLP-1 Receptor Agonists and Dual Agonists,no,2026-07,2028-06,tirzepatide;semaglutide,tirzepatide,tirzepatide,yes
NCT07424430,Real-world Canadian Retrospective Study Evaluating Longitudinal Semaglutide Use on Cardio-Kidney-Metabolic Outcomes,NA,NOT_YET_RECRUITING,OBSERVATIONAL,400,LMC Diabetes & Endocrinology Ltd.,OTHER,Diabetes (DM)|Type 2 Diabetes|Obesity (Disorder),Semaglutide (SEMA),no,2026-03,2026-04,semaglutide,semaglutide,semaglutide,no
NCT06060392,Effect of Oral Semaglutide on Liver Fat and Body Composition in Liver Transplant Recipients With Diabetes Mellitus,NA,RECRUITING,INTERVENTIONAL,50,"Medanta, The Medicity, India",OTHER,Liver Transplant; Complications|Diabete Mellitus,Semaglutide Pill,no,2023-10-30,2025-09-02,semaglutide,semaglutide,semaglutide,no
NCT05990374,Therapeutic Effects and Effects on Body Fat of GLP-1 Receptor Agonists in Patients With Type 2 Diabetes for 1-4 Years,NA,UNKNOWN,INTERVENTIONAL,100,"Nanjing First Hospital, Nanjing Medical University",OTHER,Diabetes,"Duragtide, Semaglutide, losenatide, tirzepatide, ebenatide, etc",no,2023-08-01,2024-01-01,dulaglutide;tirzepatide;semaglutide,dulaglutide,dulaglutide,yes
NCT06801015,Effects of Long-Acting GLP-1 (Glucagon-like Peptide-1) or Dual Incretin (GLP-1 and GIP [Glucose-dependent Insulinotropic Peptide]) Modulation on Gastric Motor Functions,PHASE4,ACTIVE_NOT_RECRUITING,INTERVENTIONAL,30,Mayo Clinic,OTHER,Obesity,Semaglutide|Tirzepatide|Placebo,no,2025-10-01,2028-01-31,tirzepatide;semaglutide,tirzepatide,tirzepatide,yes
NCT05564117,Research Study Looking at How Well Semaglutide Tablets Taken Once Daily Work in People Who Have a Body Weight Above the Healthy Range,PHASE3,COMPLETED,INTERVENTIONAL,307,Novo Nordisk A/S,INDUSTRY,Overweight|Obesity,Semaglutide|Placebo semaglutide,yes,2022-10-11,2024-04-18,semaglutide,semaglutide,semaglutide,no
NCT06411210,Obesity Complicating Type 1 Diabetes: GLP-1 Analogue Anti-obesity Treatment,PHASE2,RECRUITING,INTERVENTIONAL,54,Yale University,OTHER,Diabetes type1|Obesity,Semaglutide Pen Injector|Placebo,no,2024-07-16,2028-04-30,semaglutide,semaglutide,semaglutide,no
NCT04537624,"A Research Study Looking at How Oral Semaglutide Works in People With Type 2 Diabetes in Switzerland, as Part of Local Clinical Practice",NA,COMPLETED,OBSERVATIONAL,194,Novo Nordisk A/S,INDUSTRY,"Diabetes Mellitus, Type 2",Oral Semaglutide,no,2020-08-24,2023-01-11,semaglutide,semaglutide,semaglutide,no
NCT06897475,A Study of LY3457263 Compared With Placebo in Participants With Type 2 Diabetes on a Stable Dose of Semaglutide or Tirzepatide,PHASE2,RECRUITING,INTERVENTIONAL,240,Eli Lilly and Company,INDUSTRY,Type 2 Diabetes,LY3457263|Placebo,no,2025-03-28,2026-12,tirzepatide;semaglutide,tirzepatide,tirzepatide,yes
NCT02079870,"Trial Investigating the Effect of Semaglutide on Energy Intake, Appetite Sensations, Postprandial Glucose and Triglyceride Metabolism and Gastric Emptying in Obese Subjects Compared With Placebo",PHASE1,COMPLETED,INTERVENTIONAL,30,Novo Nordisk A/S,INDUSTRY,Diabetes|Metabolism and Nutrition Disorder|Obesity,semaglutide|placebo,no,2014-03-06,2015-01-07,semaglutide,semaglutide,semaglutide,no
NCT04067999,"A Research Study Looking at How Semaglutide Works in People With Type 2 Diabetes in Spain, as Part of Local Clinical Practice",NA,COMPLETED,OBSERVATIONAL,230,Novo Nordisk A/S,INDUSTRY,"Diabetes Mellitus, Type 2",Semaglutide,no,2019-08-05,2021-07-19,semaglutide,semaglutide,semaglutide,no
NCT05136287,"SEMAGLUTIDE VERSUS GLP-1 RECEPTOR AGONISTS. EFFECTIVENESS , SAFETY AND QUALITY OF LIFE IN PATIENTS WITH DIABETES MELLITUS 2. OBSERVATIONAL, PROSPECTIVE AND MULTICENTER STUDY. SEVERAL STUDY.",NA,COMPLETED,OBSERVATIONAL,140,Jose Seijas Amigo,OTHER,"Weight Loss|Diabetes Mellitus, Type 2|Quality of Life|Safety Issues",GLP-1 receptor agonist,no,2022-02-01,2023-11-15,dulaglutide;liraglutide;semaglutide,dulaglutide,dulaglutide,yes
NCT05153564,A Research Study Looking Into the Effect of Semaglutide and NNC0480 0389 on Blood Levels of a Birth Control Pill in Woman After Menopause,PHASE1,COMPLETED,INTERVENTIONAL,27,Novo Nordisk A/S,INDUSTRY,"Diabetes Mellitus, Type 2",Semaglutide 1.34 mg/mL|Semaglutide 3.0 mg/mL|NNC0480-0389 10 mg/mL|NNC0480-0389 30 mg/mL|Microgynon®,no,2021-12-13,2022-08-13,semaglutide,semaglutide,semaglutide,no
NCT05144984,A Research Study Looking at How Well a Combination of the Medicines Semaglutide and NNC0480-0389 Works in People With Type 2 Diabetes,PHASE2,COMPLETED,INTERVENTIONAL,500,Novo Nordisk A/S,INDUSTRY,"Diabetes Mellitus, Type 2",NNC0480-0389|Semaglutide|Placebo (NNC080-0389)|Placebo (semaglutide),yes,2021-11-29,2023-02-13,semaglutide,semaglutide,semaglutide,no
NCT05950516,Efficacy and Safety of Semaglutide Ingection in Subjects With Type 2 Diabetes,PHASE3,UNKNOWN,INTERVENTIONAL,478,"Qilu Pharmaceutical Co., Ltd.",INDUSTRY,Type 2 Diabetes,Semaglutide|Semaglutide Pen Injector [Ozempic],no,2023-07-10,2024-11-24,semaglutide,semaglutide,semaglutide,no
NCT07787936,GLP-1/GIP Receptor Agonists in Obesity-Related HFpEF: The GLIDE-HF Registry,NA,NOT_YET_RECRUITING,OBSERVATIONAL,150,Miedziowe Centrum Zdrowia SA,OTHER,Heart Failure With Preserved Ejection Fraction|Obesity|Diastolic Heart Failure|Pulmonary Hypertension|Iron Deficiency,GLP-1 / GIP receptor agonist,no,2027-01-01,2031-01-01,dulaglutide;tirzepatide;liraglutide;semaglutide,dulaglutide,dulaglutide,yes
NCT07673900,Semaglutide Delivered Epi-Intradermally by Microarray Patch (VX-201) Versus Subcutaneous Administration in Healthy Overweight and Obese Participants,PHASE1,RECRUITING,INTERVENTIONAL,62,"Terrestrial Bio, Inc.",INDUSTRY,Overweight and/or Obesity,VX-201|semaglutide SC,no,2026-06-15,2027-02-10,semaglutide,semaglutide,semaglutide,no
NCT07011667,A Research Study to Look at How Well CagriSema Helps People Living With Obesity Lose Weight and Maintain Weight Loss in the Long-term,PHASE3,ACTIVE_NOT_RECRUITING,INTERVENTIONAL,609,Novo Nordisk A/S,INDUSTRY,Obesity,CagriSema (Cagrilintide B and Semaglutide I)|Placebo matched to CagriSema (Cagrilintide B and Semaglutide I),no,2025-06-03,2027-03-01,cagrisema;semaglutide,cagrilintide+semaglutide,cagrisema,yes
NCT06461377,The Ameliorative Effects of GLP-1RA on Diabetic Cardiac Autonomatic Neuropathy,PHASE4,RECRUITING,INTERVENTIONAL,50,The First Affiliated Hospital with Nanjing Medical University,OTHER,Type 2 Diabetes|Diabetes With Diabetic Autonomic Neuropathy (Diagnosis),Glucagon-like peptide-1 receptor agonist：Semaglutide,no,2024-06-13,2026-12-31,semaglutide,semaglutide,semaglutide,no
NCT03357380,A Study on How Semaglutide Works on Early Stages of Scar Tissue in the Liver Assessed by Pictures of the Liver,PHASE1,COMPLETED,INTERVENTIONAL,67,Novo Nordisk A/S,INDUSTRY,Hepatobiliary Disorders|Non-alcoholic Fatty Liver Disease,Semaglutide|Placebo,no,2017-11-28,2020-03-20,semaglutide,semaglutide,semaglutide,no
NCT07456774,A Two-armed Real-world Study of Ozempic (OW Semaglutide) to Evaluate Its Adherence and Persistence Compared With Other Anti-diabetic Drugs Among Adult T2DM Patients in China,NA,ENROLLING_BY_INVITATION,OBSERVATIONAL,100000,Novo Nordisk A/S,INDUSTRY,Type 2 Diabetes,,no,2026-02-13,2026-08-31,semaglutide,semaglutide,semaglutide,no
NCT06827002,Effect of Aqueous Extracts of Cissus Quadrangularis and Dichrostachys Glomerata on GLP-1 Concentration and DPP-4 Activity in Overweight and Obese Adults,PHASE1|PHASE2,ACTIVE_NOT_RECRUITING,INTERVENTIONAL,248,University of Yaounde 1,OTHER,Obesity and Overweight|Appetite Regulation,Dichrostachys glomerata|Cissus quadrangularia|Dextrin|Semaglutide (Rybelsus®),no,2023-03-29,2026-02-23,semaglutide,semaglutide,semaglutide,no
NCT05046873,A Research Study Looking Into Blood Levels of Semaglutide and NNC0480-0389 When Given in the Same Injection or in Two Separate Injections in Healthy People,PHASE1,COMPLETED,INTERVENTIONAL,16,Novo Nordisk A/S,INDUSTRY,"Diabetes Mellitus, Type 2",Co-formulation NNC0480 0389+Semaglutide A 10/1 mg/mL|semaglutide 1.34 mg/mL (placebo)|Semaglutide 1.34 mg/mL|NNC0480-0389 A 10 mg/mL,no,2021-09-06,2022-01-05,semaglutide,semaglutide,semaglutide,no
NCT06914102,Emulation of the STEP-HFpEF DM Heart Failure Trial in Healthcare Claims Data,NA,COMPLETED,OBSERVATIONAL,58387,Brigham and Women's Hospital,OTHER,"Diabetes Mellitus, Type 2|HFpEF - Heart Failure With Preserved Ejection Fraction",Semaglutide|Placebo,no,2025-01-14,2025-06-01,semaglutide,semaglutide,semaglutide,no
NCT07627191,"GLP-1 RA Plus SOC Treatment in First-line, Metastatic Pancreatic, Colorectal, or Hepatocellular Cancer",EARLY_PHASE1,NOT_YET_RECRUITING,INTERVENTIONAL,30,University of Arizona,OTHER,Pancreatic Cancer|Colorectal Cancer|Hepatocellular Carcinoma,GLP1-RA (semaglutide),no,2026-07-10,2028-06-30,semaglutide,semaglutide,semaglutide,no
NCT05119179,Pharmacogenetics of the Response to GLP-1 in Mexican-Americans With Prediabetes,PHASE4,RECRUITING,INTERVENTIONAL,300,"The University of Texas Health Science Center, Houston",OTHER,PreDiabetes,Semaglutide,no,2021-11-22,2026-10-31,semaglutide,semaglutide,semaglutide,no
NCT07156591,Impact of Neuropathy on the Risk of Semaglutide-Induced Gastric Retention,NA,NOT_YET_RECRUITING,OBSERVATIONAL,460,Fudan University,OTHER,Gastric Retention,Esophagogastroduodenoscopy,no,2025-09-15,2028-09-15,semaglutide,semaglutide,semaglutide,no
NCT06396416,Obesity Management for Kidney TRANSPLANTation: OK-TRANSPLANT 2,PHASE4,RECRUITING,INTERVENTIONAL,60,"Western University, Canada",OTHER,Obesity|Chronic Kidney Disease,Semaglutide|Virtual Weight Management Coaching,no,2024-09-26,2026-09-30,semaglutide,semaglutide,semaglutide,no
NCT04261933,"A Research Study Looking at How Semaglutide Works in People With Type 2 Diabetes in Germany, as Part of Local Clinical Practice (SURE GERMANY)",NA,COMPLETED,OBSERVATIONAL,789,Novo Nordisk A/S,INDUSTRY,"Diabetes Mellitus, Type 2",semaglutide,no,2020-02-13,2021-05-25,semaglutide,semaglutide,semaglutide,no
NCT06856291,Response to Semaglutide in Non-diabetic Obese Patients With Varying Degrees of Insulin Resistance,NA,RECRUITING,OBSERVATIONAL,40,ETH Zurich,OTHER,Obesity and Obesity-related Medical Conditions|Obesity and Overweight|Insulin Sensitivity/Resistance|Semaglutide,,no,2025-03-15,2026-08-31,semaglutide,semaglutide,semaglutide,no
NCT04878393,"A Research Study Looking at How Oral Semaglutide Works in People With Type 2 Diabetes in Japan, as Part of Local Clinical Practice",NA,COMPLETED,OBSERVATIONAL,650,Novo Nordisk A/S,INDUSTRY,"Diabetes Mellitus, Type 2",Oral semaglutide,no,2021-04-30,2023-02-09,semaglutide,semaglutide,semaglutide,no
NCT06934655,Early Reinitiation of Semaglutide Post-Sleeve Gastrectomy in Youth,PHASE3,RECRUITING,INTERVENTIONAL,150,Children's Hospital Los Angeles,OTHER,Pediatric Obesity|Metabolic and Bariatric Surgery|Semaglutide,Semaglutide 2.4 mg,no,2026-09-01,2030-11-01,semaglutide,semaglutide,semaglutide,no
NCT05630586,Acute Subcutaneous SemaglutidE in Acute Ischemic sTroke,PHASE2,RECRUITING,INTERVENTIONAL,380,Aarhus University Hospital,OTHER,Acute Ischemic Stroke,Semaglutide|Standard care,no,2023-04-12,2025-09,semaglutide,semaglutide,semaglutide,no
NCT05303857,Analyse the Effect of Semaglutide on Vascular Structure and Function in Patients With Early Type 2 Diabetes,PHASE4,COMPLETED,INTERVENTIONAL,107,University of Erlangen-Nürnberg Medical School,OTHER,"Diabetes Mellitus, Type 2",Semaglutide Pen Injector|Placebo,no,2022-03-03,2023-12-15,semaglutide,semaglutide,semaglutide,no
NCT07042672,"Behavioral Therapy and GLP-1 Analogue Effects on Binge Eating, Weight, and Coping in Obesity",NA,RECRUITING,OBSERVATIONAL,80,Haukeland University Hospital,OTHER,Binge Eating Disorder Associated With Obesity|Binge Eating Disorder|Eating Disorder Binge|Eating Disorders|GLP-1|CBT|Obesity &Amp; Overweight,GLP-1|CBTe Group Therapy,no,2025-07-01,2027-11-05,tirzepatide;liraglutide;semaglutide,tirzepatide,tirzepatide,yes
NCT07027969,Metabolic Surgery for Atrial Fibrillation Elimination,PHASE4,NOT_YET_RECRUITING,INTERVENTIONAL,100,Ali Aminian,OTHER,Atrial Fibrillation|Obesity and Obesity-related Medical Conditions,Roux-en-Y Gastric Bypass or Sleeve Gastrectomy|Anti-Obesity Medication (AOM) treatment,no,2026-11-01,2029-12-31,dulaglutide;tirzepatide;liraglutide;semaglutide,dulaglutide,dulaglutide,yes
NCT03842202,A Research Study to Look at How Semaglutide Affects Gastric Emptying in People With Obesity,PHASE1,COMPLETED,INTERVENTIONAL,72,Novo Nordisk A/S,INDUSTRY,Overweight|Obesity,Semaglutide|Placebo,no,2019-02-15,2019-11-04,semaglutide,semaglutide,semaglutide,no
NCT04251156,Research Study of How Well Semaglutide Works in People Living With Overweight or Obesity.,PHASE3,COMPLETED,INTERVENTIONAL,375,Novo Nordisk A/S,INDUSTRY,"Overweight|Obesity|Diabetes Mellitus, Type 2",Semaglutide|Placebo (semaglutide),yes,2020-12-08,2022-08-23,semaglutide,semaglutide,semaglutide,no
NCT07302802,Efficacy of Semaglutide s.c. Once-weekly on Weight Loss and Management in Adolescents With Monogenic Obesity in Clinical Practice,NA,RECRUITING,OBSERVATIONAL,70,Prof. Dr. Martin Wabitsch,OTHER,Monogenic Obesity,Semaglutide (administered by PDS290 pen-injector),no,2025-12-01,2028-06,semaglutide,semaglutide,semaglutide,no
NCT07213323,Probiotic Intervention for Digestive Health in Obese Patients Initiating GLP-RA Treatment,NA,RECRUITING,INTERVENTIONAL,50,Hospices Civils de Lyon,OTHER,Obesity &Amp; Overweight|Digestive Disorders,Probiotics (Natural product)|Placebo,no,2026-08-05,2027-12-05,tirzepatide;semaglutide,tirzepatide,tirzepatide,yes
NCT06716307,A Research Study to Compare Blood Levels of Cagrilintide and Semaglutide After Single Doses of Different Versions of Injectable CagriSema in Adults With Overweight or Obesity,PHASE1,COMPLETED,INTERVENTIONAL,18,Novo Nordisk A/S,INDUSTRY,Obesity,CagriSema (cagrilintide B and semaglutide I)|CagriSema A,no,2024-12-02,2025-03-28,cagrisema;semaglutide,cagrilintide+semaglutide,cagrisema,yes
NCT07276763,Impact of Discontinuing GLP-1 Receptor Agonists for Two Weeks Prior to Upper Endoscopy on the Risk of Gastric Retention,NA,NOT_YET_RECRUITING,OBSERVATIONAL,16509,Fudan University,OTHER,Gastric Retention,No Intervention: Observational Cohort,no,2025-12-10,2025-12-15,dulaglutide;semaglutide,dulaglutide,dulaglutide,yes
NCT03086330,Efficacy and Safety of Semaglutide Once-weekly Versus Placebo as add-on to SGLT-2i in Subjects With Type 2 Diabetes Mellitus,PHASE3,COMPLETED,INTERVENTIONAL,302,Novo Nordisk A/S,INDUSTRY,"Diabetes|Diabetes Mellitus, Type 2",Semaglutide|Placebo,yes,2017-03-15,2018-07-04,semaglutide,semaglutide,semaglutide,no
NCT06541509,Mechanisms of Semaglutide Therapy in Heart Failure Patients,PHASE1|PHASE2,UNKNOWN,INTERVENTIONAL,10,University Medical Centre Ljubljana,OTHER,Heart Failure|Obesity,Semaglutide,no,2024-07-10,2025-07-10,semaglutide,semaglutide,semaglutide,no
NCT06387199,Alleviating Carbohydrate Counting for Patients with Type-1 Diabetes Using a Closed Loop System with Weekly Subcutaneous Semaglutide,PHASE2|PHASE3,RECRUITING,INTERVENTIONAL,26,McGill University Health Centre/Research Institute of the McGill University Health Centre,OTHER,Type 1 Diabetes|Diabetes Mellitus,Semaglutide with 4 meal strategies|Placebo with 4 meal strategies,no,2024-12-01,2027-01,semaglutide,semaglutide,semaglutide,no
NCT07169136,Effects of Glucagon-like Peptide-1 (GLP-1) Agonist in Neuro-reproductive Function in Obese Adolescent Females With Polycystic Ovary Syndrome (PCOS),NA,RECRUITING,OBSERVATIONAL,20,Nemours Children's Clinic,OTHER,Polycystic Ovarian Syndrome in Adolescent Females|Obesity (Disorder),GLP-1 Receptor Agonists,no,2025-09-11,2026-12,semaglutide,semaglutide,semaglutide,no
NCT06557811,Effect of Oral Semaglutide on Epicardial and Pericoronary Adipose Tissues in Type 2 Diabetes After Myocardial Infarction,PHASE4,UNKNOWN,INTERVENTIONAL,88,University of Sao Paulo General Hospital,OTHER,Diabetic Patients|Acute Myocardial Infarction,Semaglutide,no,2024-09-01,2024-09-01,semaglutide,semaglutide,semaglutide,no
NCT06221696,Preventing Weight Regain Post-Semaglutide Treatment With Active Fiber Supplement (Soloways),NA,COMPLETED,INTERVENTIONAL,160,S.LAB (SOLOWAYS),OTHER,Overweight and Obesity,Active Fiber Supplement Group|Placebo Group,no,2023-06-12,2023-11-23,semaglutide,semaglutide,semaglutide,no
NCT03600480,A Research Study of How NNC0174-0833 Taken With Semaglutide Works in People Who Are Overweight or Obese,PHASE1,COMPLETED,INTERVENTIONAL,96,Novo Nordisk A/S,INDUSTRY,Obesity|Overweight,NNC0174-0833|Semaglutide|Placebo (NNC0174-0833),no,2018-07-25,2020-06-12,semaglutide,semaglutide,semaglutide,no
NCT07570810,"Efficacy, Safety, and Tolerability of CS0159 Combined With Semaglutide in MAFLD Patients With Obesity and T2DM",NA,NOT_YET_RECRUITING,INTERVENTIONAL,30,Shanghai Jiao Tong University School of Medicine,OTHER,Type 2 Diabetes|Obesity|Non-alcoholic Fatty Liver Disease,CS0159|CS0159 placebo|Semaglutide,no,2026-06-01,2026-11-30,semaglutide,semaglutide,semaglutide,no
NCT07284979,Efficacy and Safety of Ribupatide Administered Once Weekly Compared With Semaglutide and Placebo in Participants Living With Obesity Who Do Not Have Diabetes,PHASE3,RECRUITING,INTERVENTIONAL,1200,Kailera,INDUSTRY,Obesity,Ribupatide|Semaglutide|Placebo,no,2025-12-30,2028-03,semaglutide,semaglutide,semaglutide,no
NCT07275697,Waiting on Atrial Fibrillation Intervention Therapy (WAIT) Study,PHASE4,RECRUITING,INTERVENTIONAL,200,Emma Svennberg,OTHER,Atrial Fibrillation (AF)|Obesity & Overweight,Semaglutide 2.4 mg|Standard medical treatment,no,2026-03-23,2028-12-30,semaglutide,semaglutide,semaglutide,no
NCT04174755,Semaglutide's Efficacy in Achieving Weight Loss for Those With HIV,NA,RECRUITING,INTERVENTIONAL,80,University College Dublin,OTHER,Obesity|HIV-1-infection,Semaglutide Injectable Product|Standard of care,no,2022-06-22,2027-01,semaglutide,semaglutide,semaglutide,no
NCT07662213,"A Study to Find Out if the Study Drug Elecoglipron Helps Adults With Type 2 Diabetes Mellitus by Comparing it With Semaglutide, a Medicine Already Used to Treat Type 2 Diabetes Mellitus",PHASE3,RECRUITING,INTERVENTIONAL,1200,AstraZeneca,INDUSTRY,Type 2 Diabetes Mellitus,Elecoglipron|Semaglutide,no,2026-07-06,2028-05-23,semaglutide,semaglutide,semaglutide,no
NCT05073835,Semaglutide 2.4 mg in Patients With Poor Weight-loss,PHASE3,ACTIVE_NOT_RECRUITING,INTERVENTIONAL,70,"University College, London",OTHER,Obesity|Diabetes|Metabolic Syndrome,Semaglutide 3 mg|Placebo,no,2022-11-01,2025-03,semaglutide,semaglutide,semaglutide,no
NCT07207148,People With Multiple Sclerosis Treated With Ocrelizumab and GLP-1 Agonists,NA,RECRUITING,OBSERVATIONAL,100,Northwestern University,OTHER,Multiple Sclerosis,GLP-1|Ocrelizumab (US),no,2025-11-15,2028-04-01,semaglutide,semaglutide,semaglutide,no
NCT04707469,Research Study to Compare Three Doses of Semaglutide Tablets Taken Once Daily in People With Type 2 Diabetes,PHASE3,COMPLETED,INTERVENTIONAL,1606,Novo Nordisk A/S,INDUSTRY,"Diabetes Mellitus, Type 2",Oral semaglutide,yes,2021-01-15,2023-03-07,semaglutide,semaglutide,semaglutide,no
NCT05586802,Sex Steroids Balance for Metabolic and Reproductive Health in Klinefelter Syndrome,PHASE3,RECRUITING,INTERVENTIONAL,150,Georgios Papadakis,OTHER,Klinefelter Syndrome,Anastrozole|Semaglutide|human chorionic gonadotropin|Testosterone gel,no,2023-03-21,2027-04-30,semaglutide,semaglutide,semaglutide,no
NCT05577728,Prediction of the SEPRA Diabetes Trial in Healthcare Claims Data,NA,COMPLETED,OBSERVATIONAL,2316,Brigham and Women's Hospital,OTHER,"Diabetes Mellitus, Type 2","New use of semaglutide injection|New initiation of ""standard of care"" (SGL2i, 2nd generation SU, DPP-4i and GLP-1 RA except for semaglutide inj or oral)",no,2021-07-01,2022-10-31,semaglutide,semaglutide,semaglutide,no
NCT07374328,Triple Hypoglycemic Regimens In Patients With Newly Diagnosed Type 2 Diabetes Mellitus,PHASE1|PHASE2,RECRUITING,INTERVENTIONAL,240,Second Affiliated Hospital of Guangzhou Medical University,OTHER,Type 2 Diabetes,Semaglutide (1 Mg Dose)|Sitagliptin (DPP4 inhibitor),no,2025-06-01,2026-05-31,semaglutide,semaglutide,semaglutide,no
NCT02453711,Investigation of Safety and Efficacy of Once-daily Semaglutide in Obese Subjects Without Diabetes Mellitus,PHASE2,COMPLETED,INTERVENTIONAL,957,Novo Nordisk A/S,INDUSTRY,Metabolism and Nutrition Disorder|Obesity,semaglutide|liraglutide|placebo,yes,2015-10-01,2017-03-30,liraglutide;semaglutide,liraglutide,liraglutide,yes
NCT06497049,"Open Randomized Study of Comparative Pharmacokinetics and Biosimilarity of GP40221 (GEROPHARM LLC, Russia) and Ozempic®.",PHASE1,COMPLETED,INTERVENTIONAL,120,Geropharm,INDUSTRY,Pharmacokinetics|Safety Issues|Bioequivalence,GP40221|ozempic,no,2023-06-30,2024-05-05,semaglutide,semaglutide,semaglutide,no
NCT05938712,"The Efficacy, Mechanism & Safety of Sodium Glucose Co-Transporter-2 Inhibitor & Glucagon-Like Peptide 1 Receptor Agonist Combination Therapy in Kidney Transplant Recipients",PHASE2,RECRUITING,INTERVENTIONAL,20,"University Health Network, Toronto",OTHER,Kidney Transplant Recipients,"Dapagliflozin 10 MG|Semaglutide, 1.0 mg/mL",no,2023-10-24,2027-10-01,semaglutide,semaglutide,semaglutide,no
NCT04126603,Impact of Semaglutide on CD34+ EPC and Fat Derived MSC,PHASE4,COMPLETED,INTERVENTIONAL,10,Sabyasachi Sen,OTHER,"Diabetes Mellitus, Type 2",Semaglutide|Placebos,yes,2019-08-01,2023-10-25,semaglutide,semaglutide,semaglutide,no
NCT05305794,"Effect of Weekly GLP1 Agonist Treatment in ""Double Diabetes""",PHASE3,RECRUITING,INTERVENTIONAL,76,Centre Hospitalier Universitaire Dijon,OTHER,Double Diabetes,Insulin + semaglutide treatment|Usual insulin treatment|Biological check-up,no,2022-07-12,2028-08,semaglutide,semaglutide,semaglutide,no
NCT04007107,"A Study Comparing the Injection Site Pain Experience After the Injection of 2 Different Solutions of Semaglutide With 2 Different Injection Pens, a Compound for the Treatment of Type 2 Diabetes and Obesity",PHASE2,COMPLETED,INTERVENTIONAL,103,Novo Nordisk A/S,INDUSTRY,"Healthy Volunteers Diabetes Mellitus, Type 2|Healthy Volunteers Overweight|Healthy Volunteers Obesity",Semaglutide (administered by DV3396 pen)|Semaglutide (administered by PDS290 pen),yes,2019-06-27,2019-07-28,semaglutide,semaglutide,semaglutide,no
NCT06027567,"The Effect of an Anti-obesity Drug, Semaglutide, as Treatment in New-onset Idiopathic Intracranial Hypertension (IIH) Compared to Standard Weight Management (Dietician) With Regards to Change in Weight and Intracranial Pressure",PHASE4,COMPLETED,INTERVENTIONAL,38,Rigmor Højland Jensen,OTHER,Idiopathic Intracranial Hypertension|Intracranial Pressure|Obesity|Pseudotumor Cerebri Syndrome|Papilledema|Weight Loss,Semaglutide|Very Low Calorie Diet|Dietician counselling,no,2022-09-02,2025-01-28,semaglutide,semaglutide,semaglutide,no
NCT06534411,"A Research Study to See How Much CagriSema Lowers Blood Sugar and Body Weight Compared to Tirzepatide in People With Type 2 Diabetes Treated With Metformin, SGLT2 Inhibitor or Both",PHASE3,COMPLETED,INTERVENTIONAL,1023,Novo Nordisk A/S,INDUSTRY,"Diabetes Mellitus, Type 2",Cagrilintide|Semaglutide|Tirzepatide,no,2024-11-05,2026-06-02,cagrisema;tirzepatide;semaglutide,cagrilintide+semaglutide,cagrisema,yes
NCT06739044,Efficacy and Safety of Semaglutide Injection vs Ozempic® in Patients With Type 2 Diabetes,PHASE3,COMPLETED,INTERVENTIONAL,494,"Hangzhou Zhongmei Huadong Pharmaceutical Co., Ltd.",INDUSTRY,Type 2 Diabetes,Ozempic®|HDG1901,no,2023-09-20,2024-10-11,semaglutide,semaglutide,semaglutide,no
NCT04537637,"A Research Study Looking at How Oral Semaglutide Works in People With Type 2 Diabetes in Denmark, as Part of Local Clinical Practice",NA,COMPLETED,OBSERVATIONAL,99,Novo Nordisk A/S,INDUSTRY,"Diabetes Mellitus, Type 2",Oral Semaglutide,no,2020-08-28,2023-05-08,semaglutide,semaglutide,semaglutide,no
NCT07745504,A Research Study to Compare Two Different Versions of Injectable Cagrilintide and Placebo in People With Excess Body Weight,PHASE3,RECRUITING,INTERVENTIONAL,285,Novo Nordisk A/S,INDUSTRY,Overweight|Obesity,Cagrilintide|Placebo cagrilintide|Placebo semaglutide,no,2026-08-04,2027-05-18,semaglutide,semaglutide,semaglutide,no
NCT05616052,Comparison of Body Weight Change Through Different Smeglutide Administration Methods,PHASE4,UNKNOWN,INTERVENTIONAL,80,Huashan Hospital,OTHER,"Weight Change, Body",Semaglutide,no,2022-12-01,2023-12-01,semaglutide,semaglutide,semaglutide,no
NCT05920889,Glucagon-like Peptide 1 Receptor Agonist in Acute Large Vessel Occlusion Stroke Treated by Reperfusion Therapies,PHASE2,COMPLETED,INTERVENTIONAL,140,Chinese University of Hong Kong,OTHER,"Stroke|Stroke, Acute|Stroke, Ischemic|Brain Diseases",Semaglutide,no,2023-08-01,2024-10-25,semaglutide,semaglutide,semaglutide,no
NCT07628985,BALANCE-DM2 Study of Bofanglutide in Adults With Type 2 Diabetes,PHASE3,NOT_YET_RECRUITING,INTERVENTIONAL,374,Carnot Laboratories,INDUSTRY,Type 2 Diabetes Mellitus (T2DM),Bofanglutide|Semaglutide,no,2026-09,2027-10,semaglutide,semaglutide,semaglutide,no
NCT05071417,Effect Of Semaglutide In Coronary Atheroma Plaque,PHASE3,UNKNOWN,INTERVENTIONAL,120,Fundación Instituto de Estudios de Ciencias de la Salud de Castilla y León,OTHER,"Atheroscleroses, Coronary",Semaglutide,no,2021-11,2024-12,semaglutide,semaglutide,semaglutide,no
NCT06577090,Study to Evaluate the Effect on Obesity of QW Nimacimab and QW Nimacimab Co-administered With Semaglutide vs Placebo,PHASE2,ACTIVE_NOT_RECRUITING,INTERVENTIONAL,136,"Skye Bioscience, Inc.",INDUSTRY,Obesity,Nimacimab injection|Nimacimab placebo injection|semaglutide injection|Nimacimab 300 mg injection,no,2024-08-22,2026-11-20,semaglutide,semaglutide,semaglutide,no
NCT07610174,"Effects of Dapagliflozin, Semaglutide, and Their Combination in Heart Failure Patients With Prosthetic Heart Valves",PHASE2,COMPLETED,INTERVENTIONAL,160,Kafrelsheikh University,OTHER,Heart Failure|Heart Valve Prosthesis,semaglutide|Dapagliflozin (10mg Tab),no,2025-06-02,2026-04-29,semaglutide,semaglutide,semaglutide,no
NCT05442450,Efficacy of Oral Semaglutide in Overweight or Obesity,PHASE4,UNKNOWN,INTERVENTIONAL,116,"Asian Institute of Gastroenterology, India",OTHER,Obesity|Weight Loss,oral semaglutide,no,2022-07-10,2023-06-30,semaglutide,semaglutide,semaglutide,no
NCT04016974,A Research Study of How Oral Semaglutide Tablets Work in Healthy People Who Are Chinese,PHASE1,COMPLETED,INTERVENTIONAL,32,Novo Nordisk A/S,INDUSTRY,"Healthy Volunteers|Diabetes Mellitus, Type 2",Oral semaglutide|Placebo,no,2019-10-08,2021-01-23,semaglutide,semaglutide,semaglutide,no
NCT03789578,A Research Study to Look at How Insulin 287 and Semaglutide Work in the Body of People With Type 2 Diabetes When Taken Alone or Together,PHASE1,COMPLETED,INTERVENTIONAL,30,Novo Nordisk A/S,INDUSTRY,"Diabetes Mellitus, Type 2",NNC0148-0287sema|Semaglutide|NNC0148-0287,no,2019-01-17,2019-10-10,semaglutide,semaglutide,semaglutide,no
NCT07597018,A Research Study to Compare Blood Levels of Cagrilintide After Multiple Doses of Different Versions of Cagrilintide in Adults With Overweight or Obesity,PHASE1,RECRUITING,INTERVENTIONAL,234,Novo Nordisk A/S,INDUSTRY,Obesity|Overweight,Cagrilintide D|Cagrilintide B and placebo semaglutide I,no,2026-05-18,2027-05-28,semaglutide,semaglutide,semaglutide,no
NCT06803888,Bariatric Surgery vs. Semaglutide vs. Tirzepatide,PHASE4,ACTIVE_NOT_RECRUITING,INTERVENTIONAL,140,Ali Aminian,OTHER,Obesity and Obesity-related Medical Conditions,Bariatric Surgery|Semaglutide|Tirzepatide,no,2025-01-29,2027-07-01,tirzepatide;semaglutide,tirzepatide,tirzepatide,yes
NCT02849080,Efficacy and Safety of Oral Semaglutide Using a Flexible Dose Adjustment Based on Clinical Evaluation Versus Sitagliptin in Subjects With Type 2 Diabetes Mellitus.,PHASE3,COMPLETED,INTERVENTIONAL,504,Novo Nordisk A/S,INDUSTRY,"Diabetes|Diabetes Mellitus, Type 2",semaglutide|sitagliptin,yes,2016-09-20,2018-02-28,semaglutide,semaglutide,semaglutide,no
NCT05714683,Regulatory Post Marketing Surveillance (rPMS) Study of Rybelsus (Oral Semaglutide) to Evaluate Safety and Effectiveness in Patients With Type 2 Diabetes Mellitus in Routine Clinical Practice in Korea,NA,NOT_YET_RECRUITING,OBSERVATIONAL,600,Novo Nordisk A/S,INDUSTRY,"Diabetes Mellitus, Type 2",Semaglutide,no,2025-12-31,2026-10-30,semaglutide,semaglutide,semaglutide,no
NCT06807970,Optimization of Obesity for Total Knee Replacement With Glucagon-like Peptide-1 Receptor Agonist,EARLY_PHASE1,ACTIVE_NOT_RECRUITING,INTERVENTIONAL,54,The University of Hong Kong,OTHER,Osteoarthritis (OA) of the Knee,Glucagon-like peptide-1 receptor agonists (GLP 1 RA)|Control (Standard treatment),no,2025-09-01,2027-07-01,semaglutide,semaglutide,semaglutide,no
NCT07041983,24-h Energy Expenditure and Anti-obesity Medication,NA,ENROLLING_BY_INVITATION,OBSERVATIONAL,30,University of Pisa,OTHER,Obesity,anti obesity medication,no,2025-07-01,2026-06-01,tirzepatide;semaglutide,tirzepatide,tirzepatide,yes
NCT07466017,A Study of CS060380 Tablets in Patients With MASH and Obesity,PHASE2,ACTIVE_NOT_RECRUITING,INTERVENTIONAL,130,"Cascade Pharmaceuticals, Inc",OTHER,Metabolic Dysfunction-associated Steatohepatitis (MASH)|Obesity,semaglutide|CS060380|Placebo,no,2026-04-02,2027-04-30,semaglutide,semaglutide,semaglutide,no
NCT06745284,A Study to Test Whether Survodutide Improves How the Body Uses Energy and Breaks Down Fat in People With Obesity,PHASE1,ACTIVE_NOT_RECRUITING,INTERVENTIONAL,64,Boehringer Ingelheim,INDUSTRY,Obesity,Survodutide|Semaglutide,no,2025-03-26,2027-01-08,survodutide;semaglutide,survodutide,survodutide,yes
NCT03985384,Semaglutide Treatment On Coronary Progression,PHASE4,COMPLETED,INTERVENTIONAL,140,Lundquist Institute for Biomedical Innovation at Harbor-UCLA Medical Center,OTHER,Type 2 Diabetes|Coronary Artery Disease,Semaglutide 2 MG/1.5 ML Subcutaneous Solution|Placebo,no,2019-04-30,2022-12-27,semaglutide,semaglutide,semaglutide,no
NCT07096063,Comparative Effectiveness of Tirzepatide and Semaglutide in Individuals at Cardiovascular Risk,NA,COMPLETED,OBSERVATIONAL,887132,Brigham and Women's Hospital,OTHER,Type 2 Diabetes|Overweight|Cardiovascular (CV) Risk,Tirzepatide|Dulaglutide|Semaglutide|Sitagliptin,no,2024-10-01,2025-07-15,dulaglutide;tirzepatide;semaglutide,dulaglutide,dulaglutide,yes
NCT07769047,Semaglutide and Structured Lifestyle Support to Improve Heart and Blood Vessel Health in Postmenopausal Obese Breast Cancer Survivors Taking Aromatase Inhibitors,PHASE4,NOT_YET_RECRUITING,INTERVENTIONAL,50,Mayo Clinic,OTHER,Anatomic Stage I Breast Cancer AJCC v8|Anatomic Stage II Breast Cancer AJCC v8|Anatomic Stage III Breast Cancer AJCC v8,Biospecimen Collection|Dual X-ray Absorptiometry|Functional Assessment|Lifestyle Counseling|Semaglutide,no,2026-09-01,2031-07-30,semaglutide,semaglutide,semaglutide,no
NCT05597202,Does the Hematopoietic Stem Cell Govern Residual Inflammatory Cardiovascular Risk in Type 2 Diabetes,PHASE4,UNKNOWN,INTERVENTIONAL,22,Academisch Medisch Centrum - Universiteit van Amsterdam (AMC-UvA),OTHER,Type 2 Diabetes,"Semaglutide, 2.0 mg/mL",no,2023-01-01,2024-03,semaglutide,semaglutide,semaglutide,no
NCT06779929,Comparative Study of Tirzepatide Versus Dulaglutide (SURPASS CVOT) or Semaglutide on Major Cardiovascular Events in Participants With Type 2 Diabetes,NA,COMPLETED,OBSERVATIONAL,70000,Brigham and Women's Hospital,OTHER,Type 2 Diabetes,Tirzepatide|Dulaglutide|Semaglutide,no,2024-11-01,2025-12-01,dulaglutide;tirzepatide;semaglutide,dulaglutide,dulaglutide,yes
NCT07677865,GLP-1 Receptor Agonists and Alzheimer's Disease: A Multi-National Target Trial Emulation,NA,COMPLETED,OBSERVATIONAL,213891,West China Hospital,OTHER,Alzheimer Disease|Diabetes Mellitus Type 2|Obesity & Overweight,GLP-1 Receptor Agonists|DPP-4 Inhibitors,no,2007-01-01,2024-12-31,tirzepatide;liraglutide;semaglutide,tirzepatide,tirzepatide,yes
NCT06207877,"A Research Study to Look at How CagriSema Influences Food Intake, Appetite and Emptying of the Stomach in People With Excess Body Weight",PHASE1,COMPLETED,INTERVENTIONAL,62,Novo Nordisk A/S,INDUSTRY,Obesity,Cagrilintide|Semaglutide|Placebo,no,2024-02-23,2024-10-16,cagrisema;semaglutide,cagrilintide+semaglutide,cagrisema,yes
NCT04971785,"Study of Semaglutide, and Cilofexor/Firsocostat, Alone and in Combination, in Adults With Cirrhosis Due to Nonalcoholic Steatohepatitis (NASH)",PHASE2,COMPLETED,INTERVENTIONAL,457,Gilead Sciences,INDUSTRY,Nonalcoholic Steatohepatitis,Semaglutide (SEMA)|Cilofexor (CILO)/Firsocostat (FIR)|PTM SEMA|PTM CILO/FIR,yes,2021-08-09,2024-11-12,semaglutide,semaglutide,semaglutide,no
NCT06497595,Lifestyle Intervention to Reduce the Risk of Sarcopenia in Adults With Diabetes & Obesity Treated With Semaglutide,NA,RECRUITING,INTERVENTIONAL,60,Sheba Medical Center,OTHER_GOV,Type 2 Diabetes Mellitus in Obese,Wegovy (2.4 Mg Dose) + exercise & nutrition|Wegovy (2.4 Mg Dose) + usual care,no,2025-05-11,2027-09-30,semaglutide,semaglutide,semaglutide,no
NCT06778967,A Phase III Clinical Study to Evaluate the Efficacy and Safety of GZR18 Injection in Adult Type 2 Diabetes Mellitus,PHASE3,ACTIVE_NOT_RECRUITING,INTERVENTIONAL,1100,Gan & Lee Pharmaceuticals.,INDUSTRY,Type 2 Diabetes Mellitus (T2DM),GZR18|semaglutide,no,2025-02-13,2026-12-11,semaglutide,semaglutide,semaglutide,no
NCT06792422,A Study Investigating Oral Semaglutide in People with Open-Angle Glaucoma,PHASE4,RECRUITING,INTERVENTIONAL,126,"Glostrup University Hospital, Copenhagen",OTHER,Primary Open Angle Glaucoma (POAG)|Open-Angle Glaucoma|Glaucoma,Oral semaglutide|Placebo,no,2025-01,2028-08,semaglutide,semaglutide,semaglutide,no
NCT06005012,Semaglutide Treatment in the Real-world for Fibrosis Due to NAFLD in Obesity and T2DM,PHASE2,ACTIVE_NOT_RECRUITING,INTERVENTIONAL,120,"University of California, San Diego",OTHER,"Fibrosis, Liver|Type 2 Diabetes Mellitus in Obese|Non-Alcoholic Fatty Liver Disease",Semaglutide|Placebo,no,2023-07-25,2026-12-31,semaglutide,semaglutide,semaglutide,no
NCT02773381,"A Trial Investigating the Effect of Oral Semaglutide Compared With Placebo on Postprandial Glucose and Triglyceride Metabolism, Energy Intake, Appetite Sensations and Gastric Emptying in Subjects With Type 2 Diabetes",PHASE1,COMPLETED,INTERVENTIONAL,15,Novo Nordisk A/S,INDUSTRY,"Diabetes|Diabetes Mellitus, Type 2",semaglutide|placebo,no,2016-06-02,2018-10-19,semaglutide,semaglutide,semaglutide,no
NCT05520775,Semaglutide for Alcohol Use Disorder,PHASE2,COMPLETED,INTERVENTIONAL,48,"University of North Carolina, Chapel Hill",OTHER,Alcohol Use Disorder|Cigarette Smoking,Semaglutide|Sham/placebo,yes,2022-09-02,2024-04-12,semaglutide,semaglutide,semaglutide,no
NCT06852391,JOULE - Metabolic Adaptation to Weight Loss in Response to a Behavioural Lifestyle Program With or Without Semaglutide in Adolescents With Obesity,PHASE4,RECRUITING,INTERVENTIONAL,74,McMaster University,OTHER,Obesity (Disorder),Semaglutide Pen Injector|Behavioural Lifestyle Program (BLP),no,2025-06-18,2027-12-31,semaglutide,semaglutide,semaglutide,no
NCT07281196,Semaglutide Effects on Sleep Apnea in Patients With Type 2 Diabetes/Obesity and Comorbid Obstructive Sleep Apnea,NA,COMPLETED,OBSERVATIONAL,15,Shanghai Fengxian District Central Hospital,OTHER,Sleep Apnea Syndrome (OSAS),Semaglutide Subcutaneous Injection,no,2025-01-01,2025-12-31,semaglutide,semaglutide,semaglutide,no
NCT06533527,Holding vs. Continuing Incretin-based Therapies Before Upper Endoscopy,PHASE4,COMPLETED,INTERVENTIONAL,69,The Cleveland Clinic,OTHER,"Diabetes Mellitus, Type 2|Obesity|Gastroparesis",GLP-1 medication,yes,2024-07-31,2025-05-20,dulaglutide;tirzepatide;liraglutide;semaglutide,dulaglutide,dulaglutide,yes
NCT02064348,A Thorough QTc Evaluation of the Effect of Semaglutide on Cardiac Repolarisation in Healthy Subjects,PHASE1,COMPLETED,INTERVENTIONAL,168,Novo Nordisk A/S,INDUSTRY,Diabetes|Healthy,semaglutide|placebo|moxifloxacin,no,2014-02-26,2015-04-23,semaglutide,semaglutide,semaglutide,no
NCT04560998,A Research Study to Compare a Medicine Called Semaglutide Against Placebo in People With Peripheral Arterial Disease and Type 2 Diabetes,PHASE3,COMPLETED,INTERVENTIONAL,792,Novo Nordisk A/S,INDUSTRY,"Diabetes Mellitus, Type 2|Peripheral Arterial Disease",Semaglutide|Placebo (semaglutide),yes,2020-10-01,2024-06-05,semaglutide,semaglutide,semaglutide,no
NCT05067621,Semaglutide Effects in Obese Youth With Prediabetes/New Onset Type 2 Diabetes and Metabolic Dysfunction-Associated Steatotic Liver Disease,PHASE2,ACTIVE_NOT_RECRUITING,INTERVENTIONAL,60,Yale University,OTHER,"Type 2 Diabetes Mellitus|Impaired Glucose Tolerance|Non-Alcoholic Fatty Liver Disease|Obesity, Childhood",Semaglutide Pen Injector|Placebo,no,2023-07-17,2026-12,semaglutide,semaglutide,semaglutide,no
NCT06380426,A Multicenter Pharmacoepidemiological Cohort on Real Life Use of Semaglutide in Adolescents or Adults With Monogenic Obesity,NA,RECRUITING,OBSERVATIONAL,175,Assistance Publique - Hôpitaux de Paris,OTHER,Monogenic Obesity,,no,2024-09-19,2027-04-30,semaglutide,semaglutide,semaglutide,no
NCT06363487,Semaglutide and Cognition in Healthy Volunteers,NA,COMPLETED,INTERVENTIONAL,70,University of Oxford,OTHER,Cognitive Change,"Semaglutide, 0.5 mg/mL|Placebo, 0.9% NaCl 1.5mL",no,2024-06-06,2024-12-11,semaglutide,semaglutide,semaglutide,no
NCT04513704,A Clinical Trial Comparing Semaglutide in Healthy People Who Eat and Take the Medicine at Different Times,PHASE1,COMPLETED,INTERVENTIONAL,156,Novo Nordisk A/S,INDUSTRY,Healthy Volunteers Type 2 Diabetes,Oral Semaglutide,no,2020-08-28,2021-04-20,semaglutide,semaglutide,semaglutide,no
NCT05548647,"Semaglutide Treatment, Appetite, and Eating Behavior: Long-term Effects",PHASE4,COMPLETED,INTERVENTIONAL,120,University of Pennsylvania,OTHER,Obesity,Behavioral Treatment|Placebo|Semaglutide 2.4 MG/0.75 ML Subcutaneous Solution [WEGOVY],yes,2022-07-26,2025-05-12,semaglutide,semaglutide,semaglutide,no
NCT06468748,The Effects of Semaglutide on Body Composition and Performance in Military Personnel,PHASE4,WITHDRAWN,INTERVENTIONAL,0,United States Army Research Institute of Environmental Medicine,FED,Obesity,Semaglutide,no,2024-08-01,2025-03-27,semaglutide,semaglutide,semaglutide,no
NCT06754163,Evaluating the Effect of the STEP@STAH Semaglutide Protocol on the Physical Health Measures of Atypical Antipsychotic-Treated Patients,PHASE4,ACTIVE_NOT_RECRUITING,INTERVENTIONAL,20,St Andrew's Healthcare,OTHER,Obesity and Obesity-related Medical Conditions|Psychiatric Disorders,Semaglutide in combination with a healthy lifestyle intervention (diet and exercise),no,2025-01-01,2027-07-31,semaglutide,semaglutide,semaglutide,no
NCT04777396,A Research Study Investigating Semaglutide in People With Early Alzheimer's Disease (EVOKE),PHASE3,COMPLETED,INTERVENTIONAL,1840,Novo Nordisk A/S,INDUSTRY,Early Alzheimer's Disease,Semagludtide|Placebo (semaglutide),no,2021-05-18,2025-09-16,semaglutide,semaglutide,semaglutide,no
NCT00851773,"Safety, Tolerability, and Profile of Action of Drug in the Body of NN9535 in Healthy Male Japanese and Caucasian Subjects",PHASE1,COMPLETED,INTERVENTIONAL,84,Novo Nordisk A/S,INDUSTRY,Diabetes|Healthy,semaglutide|semaglutide|semaglutide|semaglutide|semaglutide|placebo|placebo|placebo|placebo|placebo,no,2009-02,2009-10,semaglutide,semaglutide,semaglutide,no
NCT05503927,A Study to Evaluate the Safety of Exposure to Wegovy During Pregnancy,NA,ENROLLING_BY_INVITATION,OBSERVATIONAL,2701,Novo Nordisk A/S,INDUSTRY,Pregnancy|Obesity|Overweight,No Intervention,no,2020-02-01,2027-08-15,semaglutide,semaglutide,semaglutide,no
NCT05784402,A Research Study to Compare How Much Semaglutide is Found in the Blood With Different Tablets of Oral Semaglutide in Healthy Participants,PHASE1,COMPLETED,INTERVENTIONAL,264,Novo Nordisk A/S,INDUSTRY,Healthy Participants,Semaglutide J|Semaglutide C,no,2023-03-16,2024-02-23,semaglutide,semaglutide,semaglutide,no
NCT06222437,Semaglutide and Polycystic Ovarian Syndrome: an Emerging Treatment Strategy,PHASE1,WITHDRAWN,INTERVENTIONAL,0,Methodist Health System,OTHER,Polycystic Ovary Syndrome,Semaglutide,no,2026-02,2026-02,semaglutide,semaglutide,semaglutide,no
NCT07754045,Evaluating the Efficacy and Safety of LUM-201 Plus Semaglutide Versus Semaglutide Plus Placebo in Older Obese Adults,PHASE2,NOT_YET_RECRUITING,INTERVENTIONAL,202,Lumos Pharma,INDUSTRY,Obesity & Overweight,LUM-201|Placebo|Semagludtide,no,2027-02-15,2028-02-15,semaglutide,semaglutide,semaglutide,no
NCT00696657,A Randomised Controlled Clinical Trial in Type 2 Diabetes Comparing Semaglutide to Placebo and Liraglutide,PHASE2,COMPLETED,INTERVENTIONAL,415,Novo Nordisk A/S,INDUSTRY,"Diabetes|Diabetes Mellitus, Type 2",semaglutide|semaglutide|semaglutide|semaglutide|semaglutide|semaglutide|placebo|placebo|placebo|placebo|placebo|liraglutide|liraglutide,yes,2008-06-03,2009-02-05,liraglutide;semaglutide,liraglutide,liraglutide,yes
NCT07668765,GLP-1 Receptor Agonists and Early Proctologic Effects in Morbid Obesity,NA,NOT_YET_RECRUITING,OBSERVATIONAL,100,Gazi University,OTHER,Morbid Obesity|Anorectal Diseases|Drug-Related Side Effects and Adverse Reactions|Constipation|Diarrhea,GLP-1 receptor agonist therapy,no,2026-08,2027-04,tirzepatide;semaglutide,tirzepatide,tirzepatide,yes
NCT07216651,WeDosify Real World Evidence (RWE) Study: Personalized Semaglutide Dosing in U.S. Adults,NA,COMPLETED,OBSERVATIONAL,20,Closed Loop Medicine,INDUSTRY,Obesity & Overweight,,no,2025-09-23,2026-02-27,semaglutide,semaglutide,semaglutide,no
NCT06804603,A Study to Measure the Effects of Using Tradipitant on Nausea and Vomiting After GLP-1R Agonist Use,PHASE2,COMPLETED,INTERVENTIONAL,124,Vanda Pharmaceuticals,INDUSTRY,Obesity,Tradipitant|Placebo,no,2025-02-25,2025-10-06,semaglutide,semaglutide,semaglutide,no
NCT06069622,Role of Caveolin 1 (CAV-1) Deficiency in Response to Glucagon-like Peptide 1 (GLP-1) Receptor Agonist Treatment,NA,RECRUITING,OBSERVATIONAL,30,Brigham and Women's Hospital,OTHER,Overweight and Obesity,24-hour ambulatory blood pressure|Liberal salt diet,no,2023-11-01,2026-10-01,semaglutide,semaglutide,semaglutide,no
NCT05492305,Glucagon-like Peptide 1 (GLP1) Receptor Agonists and Mental Health,NA,UNKNOWN,OBSERVATIONAL,20,King's College London,OTHER,Diabetes Mellitus|Obesity|Mental Health Issue,GLP-1 receptor agonist,no,2022-09,2023-06,dulaglutide;liraglutide;semaglutide,dulaglutide,dulaglutide,yes
NCT06908694,Investigation of GLP1-Receptor Agonists in Men With Prostate Cancer Taking Androgen Deprivation Therapy,PHASE4,RECRUITING,INTERVENTIONAL,20,Hamilton Health Sciences Corporation,OTHER,Prostate Cancer,Semaglutide Pen Injector,no,2025-07-02,2026-07-31,semaglutide,semaglutide,semaglutide,no
NCT06374875,Fibrosis Lessens After Metabolic Surgery,PHASE4,RECRUITING,INTERVENTIONAL,120,The Cleveland Clinic,OTHER,Metabolic Dysfunction-associated Steatotic Liver Disease (MASLD)|Non-Alcoholic Fatty Liver Disease|Metabolic Dysfunction-Associated Steatohepatitis (MASH)|Liver Fibrosis|Obesity,Metabolic surgery|Incretin-Based Therapy,no,2024-07-11,2029-05-31,tirzepatide;liraglutide;semaglutide,tirzepatide,tirzepatide,yes
NCT05819138,Type 1 Diabetes Impacts of Semaglutide on Cardiovascular Outcomes,PHASE3,RECRUITING,INTERVENTIONAL,60,"University of Colorado, Denver",OTHER,"Diabetes Mellitus, Type 1",Semaglutide Pen Injector|Placebo,no,2023-06-21,2027-10-01,semaglutide,semaglutide,semaglutide,no
NCT07767175,A First-in-human Research Study on How NNC0721-8060 Works in People Living With Overweight or Obesity,PHASE1,RECRUITING,INTERVENTIONAL,142,Novo Nordisk A/S,INDUSTRY,Overweight|Obesity,NNC0721-8060|Semaglutide|Placebo,no,2026-08-12,2027-09-23,semaglutide,semaglutide,semaglutide,no
NCT06896981,Semaglutide in Women With Polycystic Ovary Syndrome and Obesity,PHASE2|PHASE3,RECRUITING,INTERVENTIONAL,30,"Bangabandhu Sheikh Mujib Medical University, Dhaka, Bangladesh",OTHER,Polycystic Ovary Syndrome (PCOS) Women|Obesity,Metformin with Semaglutide,no,2025-02-01,2025-10-31,semaglutide,semaglutide,semaglutide,no
NCT05606471,Glucagon-like Peptide-1 Agonism With Very Low Calorie Diets,PHASE4,UNKNOWN,INTERVENTIONAL,45,University of Nottingham,OTHER,Type 2 Diabetes Mellitus in Obese,Semaglutide Pen Injector [Ozempic]|Very-low Calorie Diet,no,2021-09-15,2023-07-28,semaglutide,semaglutide,semaglutide,no
NCT07728383,A Proof-of-Concept Study to Evaluate Topical-Lingual Semaglutide in Adults With Obesity,PHASE4,RECRUITING,INTERVENTIONAL,40,"Gila Therapeutics, Inc.",INDUSTRY,Obesity & Overweight,Semaglutide 6 mg liquid emulsion formulation|Wegovy® (semaglutide) Tablet|Placebo liquid emulsion formulation,no,2026-06-17,2027-05,semaglutide,semaglutide,semaglutide,no
NCT07382388,A Real-World Study on the Impact of Weight Loss on Treatment Efficacy in Overweight/Obese Patients With Plaque Psoriasis,NA,NOT_YET_RECRUITING,OBSERVATIONAL,70,Peking University Third Hospital,OTHER,Psoriasis,Weight loss and psoriasis treatment|psoriasis treatment,no,2026-01-28,2027-12-31,tirzepatide;semaglutide,tirzepatide,tirzepatide,yes
NCT05035082,A Research Study Comparing RYBELSUS® to Other Blood Sugar Lowering Tablets in People Living in America With Type 2 Diabetes (REALYSE),PHASE4,COMPLETED,INTERVENTIONAL,1018,Novo Nordisk A/S,INDUSTRY,"Diabetes Mellitus, Type 2",semaglutide|oral glucose-lowering medications (commercially available),yes,2021-09-01,2025-06-18,semaglutide,semaglutide,semaglutide,no
NCT07195994,A Clinical Trial to Examine the Efficacy and Safety of an Investigational Product With and Without Use of Semaglutide on Glycemic Response in Adults With Prediabetes or Type 2 Diabetes,NA,RECRUITING,INTERVENTIONAL,90,QuickSilver Scientific,INDUSTRY,Prediabetes / Type 2 Diabetes,AMPK Charge+®|AMPK Charge+® with semaglutide,no,2026-02-05,2026-09,semaglutide,semaglutide,semaglutide,no
NCT07389941,Semaglutide PrIor to CathEeter Ablation in Patients With Atrial Fibrillation,PHASE4,NOT_YET_RECRUITING,INTERVENTIONAL,240,University of Luebeck,OTHER,Atrial Fibrillation (AF),Semaglutide (SEMA),no,2026-10,2029-04,semaglutide,semaglutide,semaglutide,no
NCT05726227,A Research Study on How Well Semaglutide Helps Children and Teenagers With Excess Body Weight Lose Weight,PHASE3,ACTIVE_NOT_RECRUITING,INTERVENTIONAL,210,Novo Nordisk A/S,INDUSTRY,Obesity,Semaglutide|Placebo,no,2023-07-07,2025-10-15,semaglutide,semaglutide,semaglutide,no
NCT07295223,Effect of Glp-1 and Antidiabetic sgLT2 Agents for myoCardial infarcTion and Ultrasensitive Inflammatory Surveillance (GALACTUS Trial),PHASE3,RECRUITING,INTERVENTIONAL,44,Instituto Mexicano del Seguro Social,OTHER_GOV,Acute Myocardial Infarction With ST Elevation,Dapagliflozin 10 MG Oral Tablet|Semaglutide (Rybelsus®),no,2025-12-30,2026-08,semaglutide,semaglutide,semaglutide,no
NCT03598621,A Research Study to Look at Similarity Between Semaglutide Versions in Different Injection Tools,PHASE1,COMPLETED,INTERVENTIONAL,68,Novo Nordisk A/S,INDUSTRY,"Diabetes Mellitus, Type 2","Semaglutide, 0.5 mg/mL|Semaglutide, 1.0 mg/mL|Semaglutide, 1.34 mg/mL|Semaglutide, 2.0 mg/mL|DV3372, 0.5 mg/mL|DV3372, 1.0 mg/mL|PDS290|NovoPen®4",no,2018-07-23,2019-01-17,semaglutide,semaglutide,semaglutide,no
NCT04972721,SELECT-LIFE: A Research Study Looking at Long-term Effects of Semaglutide in People Who Took Part in the SELECT Cardiovascular Outcomes Trial,NA,COMPLETED,OBSERVATIONAL,3439,Novo Nordisk A/S,INDUSTRY,Overweight|Obesity,No treatment given,no,2023-09-01,2025-08-25,semaglutide,semaglutide,semaglutide,no
NCT06575738,Physiologic Response to Bariatric Surgery and the Impact of Adjunct Semaglutide in Adolescents,PHASE1,RECRUITING,INTERVENTIONAL,40,"University of Colorado, Denver",OTHER,Obesity|Adolescent Obesity|Body-Weight Trajectory|Weight Loss Trajectory|Bariatric Surgery|Anti-obesity Agents,Injectable semaglutide or injectable tirzepatide|Standard postoperative care,no,2024-10-11,2027-09-01,tirzepatide;semaglutide,tirzepatide,tirzepatide,yes
NCT06050577,The Effect of Oral Semaglutide on Bone Turnover in Patients With T2D: a Randomized Placebo-controlled Clinical Trial,PHASE2,ACTIVE_NOT_RECRUITING,INTERVENTIONAL,64,Odense University Hospital,OTHER,Type 2 Diabetes|Osteopenia,oral Semaglutide/Rybelsus|Placebo,no,2024-06-07,2026-01-15,semaglutide,semaglutide,semaglutide,no
NCT07096739,Tolerance of a High Protein Nutrition Shake in Individuals on GLP-1,NA,COMPLETED,INTERVENTIONAL,20,Kate Farms Inc,INDUSTRY,GLP-1 Concentration,High protein shake,no,2025-08-01,2025-09-19,semaglutide,semaglutide,semaglutide,no
NCT07651319,Interleukine-2 (IL-2) Plus Semaglutide in Alzheimer's Disease,PHASE1|PHASE2,RECRUITING,INTERVENTIONAL,30,The Methodist Hospital Research Institute,OTHER,Alzheimer Dementia (AD),IL-2 (Aldesleukin)|Semaglutide Plus IL-2|Placebo,no,2026-07,2029-06,semaglutide,semaglutide,semaglutide,no
NCT03819153,A Research Study to See How Semaglutide Works Compared to Placebo in People With Type 2 Diabetes and Chronic Kidney Disease,PHASE3,COMPLETED,INTERVENTIONAL,3533,Novo Nordisk A/S,INDUSTRY,"Diabetes Mellitus, Type 2",Semaglutide|Placebo (semaglutide),yes,2019-06-17,2024-01-09,semaglutide,semaglutide,semaglutide,no
NCT06475586,Effect of Semaglutide on the Psoriatic Lesions in Patients With Type 2 Diabetes Mellitus,PHASE4,COMPLETED,INTERVENTIONAL,30,University of Banja Luka,OTHER,Psoriasis Vulgaris|Diabetes Type 2,Semaglutide,no,2023-05-03,2024-03-01,semaglutide,semaglutide,semaglutide,no
NCT07415954,A Research Study Comparing How Well Different Doses of the Medicine NNC0662-0419 Lower Blood Sugar in People With Type 2 Diabetes,PHASE2,RECRUITING,INTERVENTIONAL,270,Novo Nordisk A/S,INDUSTRY,"Diabetes Mellitus, Type 2",NNC0662-0419|Semaglutide|Placebo,no,2026-04-17,2027-09-03,semaglutide,semaglutide,semaglutide,no
NCT04153929,A Study to Test Whether Different Doses of BI 456906 Are Effective in Treating Adults With Type 2 Diabetes.,PHASE2,COMPLETED,INTERVENTIONAL,413,Boehringer Ingelheim,INDUSTRY,"Diabetes Mellitus, Type 2",BI 456906|Placebo|Semaglutide,yes,2020-04-30,2021-10-08,semaglutide,semaglutide,semaglutide,no
NCT07021937,Brain Plasticity and GLP-1 Receptor Agonist Treatment for Obesity,PHASE3,NOT_YET_RECRUITING,INTERVENTIONAL,120,"University of Colorado, Denver",OTHER,Obesity/Therapy,Semaglutide 1.7mg subcutaneous|Placebo,no,2026-06-15,2031-04-30,semaglutide,semaglutide,semaglutide,no
NCT05569772,Semaglutide for the Treatment of Glucose Intolerance in Women With Prior Gestational Diabetes,PHASE3,RECRUITING,INTERVENTIONAL,252,Universitaire Ziekenhuizen KU Leuven,OTHER,Glucose Intolerance After a Recent History of Gestational Diabetes,Semaglutide Pen Injector|Semaglutide placebo,no,2023-09-14,2029-06,semaglutide,semaglutide,semaglutide,no
NCT07017270,Glucagon-like-peptide-1 Receptor Agonists in Patients Receiving Maintenance Dialysis,PHASE4,RECRUITING,INTERVENTIONAL,100,Unity Health Toronto,OTHER,"Kidney Disease, Chronic|Diabetes|Dialysis|End Stage Kidney Disease (ESRD)",Semaglutide Pen,no,2025-11-27,2027-07,semaglutide,semaglutide,semaglutide,no
NCT07627074,Weight Loss in Adults Using Semaglutide (Real-world Study),NA,COMPLETED,OBSERVATIONAL,237211,Novo Nordisk A/S,INDUSTRY,Overweight|Obesity,Semaglutide,no,2026-05-12,2026-06-15,semaglutide,semaglutide,semaglutide,no
NCT05891587,Semaglutide Therapy for Alcohol Reduction - Tulsa,PHASE2,COMPLETED,INTERVENTIONAL,80,Oklahoma State University Center for Health Sciences,OTHER,Alcohol Use Disorder,Semaglutide|Placebo,no,2023-07-07,2025-07-30,semaglutide,semaglutide,semaglutide,no
NCT06780449,A Research Study to Look Into the Long-term Effect on Weight Loss of CagriSema in People With Obesity,PHASE3,ACTIVE_NOT_RECRUITING,INTERVENTIONAL,400,Novo Nordisk A/S,INDUSTRY,Obesity,Cagrilintide|Semaglutide|Placebo cagrilintide|Placebo semaglutide,no,2025-02-10,2028-08-28,cagrisema;semaglutide,cagrilintide+semaglutide,cagrisema,yes
NCT05205928,Weekly Subcutaneous Semaglutide as Adjunct to Closed-loop Therapy in Type 1 Diabetes Care,PHASE2|PHASE3,COMPLETED,INTERVENTIONAL,28,McGill University Health Centre/Research Institute of the McGill University Health Centre,OTHER,"Type 1 Diabetes|Diabetes Mellitus, Type 1",Outpatient therapy: 11 weeks of drug therapy with usual treatment + 4 weeks of closed-loop therapy,no,2022-10-02,2024-04-15,semaglutide,semaglutide,semaglutide,no
NCT05756764,Anti-obesity Pharmacotherapy and Inflammation,NA,ACTIVE_NOT_RECRUITING,OBSERVATIONAL,30,Louisiana State University Health Sciences Center in New Orleans,OTHER,Obesity,Semaglutide|Phentermine-Topiramate combination|Phentermine|Tirzepatide|Topiramate|Diethylpropion|Naltrexone/Bupropion|Liraglutide,no,2023-06-01,2026-01-30,tirzepatide;liraglutide;semaglutide,tirzepatide,tirzepatide,yes
NCT04944992,A Study of Efinopegdutide (MK-6024) in Participants With Nonalcoholic Fatty Liver Disease (NAFLD) (MK-6024-001),PHASE2,COMPLETED,INTERVENTIONAL,145,Merck Sharp & Dohme LLC,INDUSTRY,Nonalcoholic Fatty Liver Disease|Nonalcoholic Steatohepatitis,Efinopegdutide 20 mg/mL|Semaglutide 1.34 mg/mL,yes,2021-08-04,2022-10-19,semaglutide,semaglutide,semaglutide,no
NCT06954090,Urinary Proteomics to Guide Early Intervention to Prevent Complications in Type 2 Diabetes - a Feasibility Study,PHASE4,ENROLLING_BY_INVITATION,INTERVENTIONAL,50,Steno Diabetes Center Copenhagen,OTHER,Type 2 DM|Type 2 DM /Diabetic Nephropathy|Albuminuria,"Semaglutide, 1.34 mg/mL|Finerenone Oral Tablet|Dapagliflozin (DAPA)",no,2025-11-20,2026-11-30,semaglutide,semaglutide,semaglutide,no
NCT07728812,Pragmatic Trial to Study the Cost-Effectiveness of MyPhenome-RX Test to Guide Anti-Obesity Pharmacotherapy,NA,NOT_YET_RECRUITING,INTERVENTIONAL,424,Phenomix Sciences,INDUSTRY,Obesity & Overweight,Genetic Test|Anti-Obesity Medication (AOM) treatment,no,2026-09-01,2028-07-01,tirzepatide;semaglutide,tirzepatide,tirzepatide,yes
NCT07188545,Using Secondary Data to Evaluate Sex-based Heterogeneity of GLP-1 Agonists and SGLT2 Inhibitors on Cardiovascular-Kidney-Metabolic Health (CKMH) Outcomes in Real-world Settings (DASH-CKMH),NA,ACTIVE_NOT_RECRUITING,OBSERVATIONAL,23280000,Ohio State University,OTHER,Cardiovascular Kidney Metabolic Syndrome,Intervention|Active Comparator,no,2025-09-15,2029-06-30,dulaglutide;tirzepatide;liraglutide;semaglutide,dulaglutide,dulaglutide,yes
NCT07400107,AMAZE 8: A Research Study Investigating How Well the Medicine NNC0487-0111 Compared to Semaglutide Helps People With Excess Body Weight and Type 2 Diabetes Lose Weight,PHASE3,NOT_YET_RECRUITING,INTERVENTIONAL,1000,Novo Nordisk A/S,INDUSTRY,"Obesity|Overweight|Diabetes Mellitus, Type 2",NNC0487-0111|Semaglutide|Placebo (matched to NNC0487-0111)|Placebo (matched to semaglutide),no,2026-05-20,2028-12-12,NNC0487-0111;semaglutide,amycretin,NNC0487-0111,yes
NCT03548935,STEP 1: Research Study Investigating How Well Semaglutide Works in People Suffering From Overweight or Obesity,PHASE3,COMPLETED,INTERVENTIONAL,1961,Novo Nordisk A/S,INDUSTRY,Metabolism and Nutrition Disorder|Overweight or Obesity,Semaglutide|Placebo (semaglutide),yes,2018-06-04,2020-03-30,semaglutide,semaglutide,semaglutide,no
NCT04287179,SUSTAIN SWITCH: A Research Study to Compare Two Dose Schedules of Semaglutide Taken Once Weekly in People With Type 2 Diabetes,PHASE3,WITHDRAWN,INTERVENTIONAL,0,Novo Nordisk A/S,INDUSTRY,"Diabetes Mellitus, Type 2",Semaglutide,no,2020-03-09,2020-11-16,semaglutide,semaglutide,semaglutide,no
NCT05333003,Semaglutide in Comorbid Schizophrenia Spectrum Disorder and Obesity,NA,ACTIVE_NOT_RECRUITING,INTERVENTIONAL,92,Centre for Addiction and Mental Health,OTHER,Schizophrenia Spectrum Disorders,Semaglutide|Placebo,no,2022-05-25,2026-08,semaglutide,semaglutide,semaglutide,no
NCT06423599,Effect of Weight Loss on Physical and Cardiac Performance in People With Obesity and Heart Failure,PHASE2|PHASE3,RECRUITING,INTERVENTIONAL,100,"Jens D Hove, MD,PHD",OTHER,Heart Failure With Reduced Ejection Fraction|Obesity|Weight Loss|Chronic Heart Failure,Semaglutide Injectable Product|Calorie-restricted diet,no,2024-04-30,2027-12-30,semaglutide,semaglutide,semaglutide,no
NCT03884075,"Non-Alcoholic Fatty Liver Disease, the HEpatic Response to Oral Glucose, and the Effect of Semaglutide (NAFLD HEROES)",PHASE2,RECRUITING,INTERVENTIONAL,104,National Institute of Diabetes and Digestive and Kidney Diseases (NIDDK),NIH,Non-Alcoholic Steatohepatitis|Non-Alcoholic Fatty Liver Disease,Semaglutide,no,2019-07-24,2027-09-03,semaglutide,semaglutide,semaglutide,no
NCT05209165,Semaglutide to Reduce Atrial Fibrillation Burden,PHASE4,SUSPENDED,INTERVENTIONAL,132,San Francisco Veterans Affairs Medical Center,FED,Atrial Fibrillation|Obesity|Overweight,Semaglutide|Placebo,no,2023-05,2027-05,semaglutide,semaglutide,semaglutide,no
NCT04817644,"A Research Study to See How Much Semaglutide and SNAC is in the Milk of Healthy, Breastfeeding Women Taking Semaglutide Tablets",PHASE1,COMPLETED,INTERVENTIONAL,14,Novo Nordisk A/S,INDUSTRY,"Diabetes Mellitus, Type 2",Oral semaglutide,no,2021-09-10,2023-05-26,semaglutide,semaglutide,semaglutide,no
NCT07323134,The Effect of Semaglutide on the Intestinal Flora in Obesity,NA,NOT_YET_RECRUITING,OBSERVATIONAL,40,Beijing Chao Yang Hospital,OTHER,Obesity,Semaglutide Injection,no,2026-02-01,2026-08-01,semaglutide,semaglutide,semaglutide,no
NCT05259033,"A Research Study to See How Well the New Weekly Medicine IcoSema, Which is a Combination of Insulin Icodec and Semaglutide, Controls Blood Sugar Level in People With Type 2 Diabetes Compared to Weekly Semaglutide (COMBINE 2)",PHASE3,COMPLETED,INTERVENTIONAL,683,Novo Nordisk A/S,INDUSTRY,"Diabetes Mellitus, Type 2",IcoSema|Semaglutide 1 mg,yes,2022-04-11,2023-12-13,semaglutide,semaglutide,semaglutide,no
NCT01885208,Efficacy and Safety of Semaglutide Once-weekly Versus Exenatide ER 2.0 mg Once-weekly as add-on to 1-2 Oral Antidiabetic Drugs (OADs) in Subjects With Type 2 Diabetes,PHASE3,COMPLETED,INTERVENTIONAL,813,Novo Nordisk A/S,INDUSTRY,"Diabetes|Diabetes Mellitus, Type 2",semaglutide|exenatide,yes,2013-12-02,2015-07-13,semaglutide,semaglutide,semaglutide,no
NCT07428746,Investigating the Impact of GLP-1 RA Therapy on Osteosarcopenia in Older Female Adults With Diabetes,PHASE3,RECRUITING,INTERVENTIONAL,20,Emory University,OTHER,"Diabetes Mellitus, Type 2",Semaglutide,no,2026-05-07,2028-11,semaglutide,semaglutide,semaglutide,no
NCT06738979,A Clinical Study Comparing Semaglutide Injection and Wegovy® for Weight Management in Obese Subjects,PHASE3,NOT_YET_RECRUITING,INTERVENTIONAL,408,"Chia Tai Tianqing Pharmaceutical Group Co., Ltd.",INDUSTRY,Obesity,TQF3510 (Semaglutide Injection)|Wegovy®,no,2025-03,2026-07,semaglutide,semaglutide,semaglutide,no
NCT05702905,Semaglutide Improves Metabolic Abnormalities and Fertility in Obese Infertile Women With Polycystic Ovary Syndrome,PHASE4,UNKNOWN,INTERVENTIONAL,75,Peking University First Hospital,OTHER,PCOS (Polycystic Ovary Syndrome)|Semaglutide,"Metformin Hydrochloride 500 MG|Semaglutide, 1.34 mg/mL|Semaglutide, 1.34 mg/mL and Metformin Hydrochloride 500 MG|calorie-restricted diet|physical exercise",no,2023-05-09,2024-12-31,semaglutide,semaglutide,semaglutide,no
NCT06771115,Phase 2a Placebo-Controlled Study of VTX3232 Alone or in Combination With Semaglutide in Obesity,PHASE2,COMPLETED,INTERVENTIONAL,176,Zomagen Biosciences Ltd.,INDUSTRY,Obesity,VTX3232 Dose A|Placebo|VTX3232 Dose A in combination with semaglutide|Placebo in combination with semaglutide,no,2025-01-07,2025-09-10,semaglutide,semaglutide,semaglutide,no
NCT06967389,Mitigation of Cardiovascular Disease Risks in Children With Extreme Obesity,NA,RECRUITING,OBSERVATIONAL,50,John Bauer,OTHER,Obesity and Overweight|Obese Adolescents|Weight Management|Weight Loss|Cardiovascular Disease Risk Factor,Ozempic®,no,2025-06-12,2027-07,semaglutide,semaglutide,semaglutide,no
NCT03659682,GLP1R in Parkinson's Disease,PHASE2,UNKNOWN,INTERVENTIONAL,120,Oslo University Hospital,OTHER,Parkinson Disease,Semaglutide,no,2019-01-02,2024-12-31,semaglutide,semaglutide,semaglutide,no
NCT03611582,Research Study to Look at How Well Semaglutide is at Lowering Weight When Taken Together With an Intensive Lifestyle Program,PHASE3,COMPLETED,INTERVENTIONAL,611,Novo Nordisk A/S,INDUSTRY,Overweight|Obesity,Semaglutide|Placebo (semaglutide),yes,2018-08-01,2020-03-18,semaglutide,semaglutide,semaglutide,no
NCT06616961,Efficacy and Safety of Semaglutide for Weight Loss in Overweight or Obese Adults in Bangladesh With or Without Type 2 Diabetes Mellitus,PHASE3,NOT_YET_RECRUITING,INTERVENTIONAL,480,Popular Medical College Hospital,OTHER,Obesity|Type 2 Diabetes Mellitus (T2DM),Semaglutide Pen,no,2024-11-01,2025-02,semaglutide,semaglutide,semaglutide,no
NCT07502508,Phase 2 Trial of Icovamenib in Participants With Type 2 Diabetes Mellitus Who Are Not Achieving Glycemic Targets While Using GLP-1-Based Therapy,PHASE2,RECRUITING,INTERVENTIONAL,60,Biomea Fusion Inc.,INDUSTRY,Type 2 Diabetes,icovamenib 100 mg|Placebo,no,2026-04-30,2027-06,semaglutide,semaglutide,semaglutide,no
NCT03987074,"Safety, Tolerability, and Efficacy of Monotherapy and Combination Regimens in Participants With Nonalcoholic Steatohepatitis (NASH)",PHASE2,COMPLETED,INTERVENTIONAL,109,Gilead Sciences,INDUSTRY,Nonalcoholic Steatohepatitis,Semaglutide|Firsocostat|Cilofexor,yes,2019-07-29,2020-07-13,semaglutide,semaglutide,semaglutide,no
NCT03136484,Efficacy and Safety of Semaglutide Versus Canagliflozin as add-on to Metformin in Subjects With Type 2 Diabetes,PHASE3,COMPLETED,INTERVENTIONAL,788,Novo Nordisk A/S,INDUSTRY,"Diabetes|Diabetes Mellitus, Type 2",Semaglutide|Canagliflozin|Placebo (canagliflozin)|Placebo (semaglutide),yes,2017-03-15,2018-10-16,semaglutide,semaglutide,semaglutide,no
NCT04873050,Treatment to Regress to Normoglycemia in Women with a Recent History of GDM,PHASE4,RECRUITING,INTERVENTIONAL,102,Woman's,OTHER,Pre Diabetes|Postpartum Disorder,Semaglutide Pen Injector [Ozempic]|Placebo semaglutide pen injector,no,2022-01-13,2026-01-01,semaglutide,semaglutide,semaglutide,no
NCT05230615,"A Research Study Looking at How Oral Semaglutide Works in People With Type 2 Diabetes in Italy, as Part of Local Clinical Practice",NA,COMPLETED,OBSERVATIONAL,458,Novo Nordisk A/S,INDUSTRY,"Diabetes Mellitus, Type 2",Oral semaglutide,no,2022-04-01,2023-10-31,semaglutide,semaglutide,semaglutide,no
NCT03648281,"A Research Study Looking at How Semaglutide Works in People With Type 2 Diabetes in Denmark and Sweden, as Part of Local Clinical Practice (SURE DENMARK/SWEDEN)",NA,COMPLETED,OBSERVATIONAL,333,Novo Nordisk A/S,INDUSTRY,"Diabetes Mellitus, Type 2",Semaglutide,no,2018-08-24,2020-01-10,semaglutide,semaglutide,semaglutide,no
NCT06388187,A Research Study to See How Well Different Doses of CagriSema Help People With Excess Body Weight Lose Weight,PHASE3,COMPLETED,INTERVENTIONAL,300,Novo Nordisk A/S,INDUSTRY,Obesity,Cagrilintide|Semaglutide|Placebo,no,2024-06-24,2026-04-22,cagrisema;semaglutide,cagrilintide+semaglutide,cagrisema,yes
NCT04538352,Transition From Basal/Bolus to Once-weekly Subcutaneous Semaglutide and Basal Insulin in Patients With T2D,PHASE4,COMPLETED,INTERVENTIONAL,60,The Cleveland Clinic,OTHER,Type 2 Diabetes,Semaglutide|Insulin Degludec|Insulin aspart,yes,2021-01-18,2023-03-31,semaglutide,semaglutide,semaglutide,no
NCT07280221,WEgovy Real World Assessment of Weight Loss in Korea,NA,ENROLLING_BY_INVITATION,OBSERVATIONAL,500,Novo Nordisk A/S,INDUSTRY,Obesity,Semaglutide,no,2025-11-10,2027-10-31,semaglutide,semaglutide,semaglutide,no
NCT06715514,"Menopausal Hormone Therapy, GLP-1 Agonists, and Glucose and Energy Homeostasis in Postmenopausal Women With Diabetes",NA,ACTIVE_NOT_RECRUITING,INTERVENTIONAL,96,Lia Bally,OTHER,Menopause|Type 2 Diabetes,GLP-1 Receptor Agonist|Menopausal Hormone Therapy,no,2025-02-18,2026-12-17,semaglutide,semaglutide,semaglutide,no
NCT06863363,PEG-rhGH and Semaglutide Combination Therapy in Non-Diabetic Obese Adults,PHASE4,NOT_YET_RECRUITING,INTERVENTIONAL,212,Shanghai Zhongshan Hospital,OTHER,Non-diabetic Obesity,PEG-rhGH Injection + Semaglutide Injection|Semaglutide Injection,no,,,semaglutide,semaglutide,semaglutide,no
NCT05195944,Semaglutide vs Sitagliptin,PHASE4,ENROLLING_BY_INVITATION,INTERVENTIONAL,58,"University Health Network, Toronto",OTHER,Liver Transplant; Complications|Diabetes Mellitus|NASH - Nonalcoholic Steatohepatitis|NAFLD,Semaglutide Treatment|Sitagliptin 100mg,no,2022-10-26,2026-12,semaglutide,semaglutide,semaglutide,no
NCT06686134,Comprehensive Clinical Evaluation Study of GLP-1RA,NA,RECRUITING,OBSERVATIONAL,492,LI YAN,OTHER,T2DM,,no,2024-07-01,2025-12-31,liraglutide;semaglutide,liraglutide,liraglutide,yes
NCT05670379,"Assessment of Safety, Tolerability and Drug Levels of Exenatide Implant",PHASE1,COMPLETED,INTERVENTIONAL,24,"Vivani Medical, Inc",INDUSTRY,Overweight and Obesity|Type2diabetes,"Exenatide Implant|Bydureon BCise (exenatide extended release)|Semaglutide, 1.0 mg/mL",no,2024-12-20,2025-08-21,semaglutide,semaglutide,semaglutide,no
NCT03689374,"A Research Study to Compare Semaglutide to Insulin Aspart, When Taken Together With Metformin and Insulin Glargine, in People With Type 2 Diabetes",PHASE3,COMPLETED,INTERVENTIONAL,2274,Novo Nordisk A/S,INDUSTRY,"Diabetes Mellitus, Type 2",Semaglutide|Insulin aspart|Insulin glargine U100,yes,2018-10-01,2021-02-22,semaglutide,semaglutide,semaglutide,no
NCT06619015,Tailoring Obesity Treatment Trial,PHASE2|PHASE3,WITHDRAWN,INTERVENTIONAL,0,Esbjerg Hospital - University Hospital of Southern Denmark,OTHER,Obesity|Appetite Regulation|PreDiabetes,Pramlintide Acetate 1 MG/ML|Semaglutide Pen Injector|Sodium Chloride 0.9% Inj,no,2025-04-01,2025-04-01,semaglutide,semaglutide,semaglutide,no
NCT06410352,Effectiveness of Weight Loss Methods on Lifespan for Metabolic Syndrome,PHASE4,RECRUITING,INTERVENTIONAL,220,"University Medical Center, Kazakhstan",OTHER,Metabolic Syndrome,"Semaglutide, Empagliflozin|Minigastric bypass|Analimentary detoxication|Ramadan fast's weight loss",no,2024-03-01,2025-09-30,semaglutide,semaglutide,semaglutide,no
NCT03914326,A Heart Disease Study of Semaglutide in Patients With Type 2 Diabetes,PHASE3,COMPLETED,INTERVENTIONAL,9651,Novo Nordisk A/S,INDUSTRY,"Diabetes Mellitus, Type 2",Semaglutide|Placebo (semaglutide),yes,2019-06-17,2024-08-23,semaglutide,semaglutide,semaglutide,no
NCT07539415,A Phase 1 Clinical Trial to Assess the Safety of DWRX5003 and Relative Bioavailability to DWC202502 and DWC202503 in Healthy Adult Volunteers,PHASE1,RECRUITING,INTERVENTIONAL,72,Daewoong Pharmaceutical Co. LTD.,INDUSTRY,Obesity & Overweight|Type 2 Diabetes,DWRX5003|DWC202502|DWC202503|DWRX5003P,no,2026-05-06,2026-10-27,semaglutide,semaglutide,semaglutide,no
NCT05646706,"A Research Study to See How Semaglutide Helps People With Excess Weight, Lose Weight (STEP UP)",PHASE3,COMPLETED,INTERVENTIONAL,1407,Novo Nordisk A/S,INDUSTRY,Obesity,Semaglutide|Semaglutide|Placebo,yes,2023-01-04,2024-10-30,semaglutide,semaglutide,semaglutide,no
NCT06909006,Semaglutide Treatment in Type 1 Diabetes,PHASE3,NOT_YET_RECRUITING,INTERVENTIONAL,122,Nordsjaellands Hospital,OTHER,Obesity in Diabetes|Obesity/Therapy|Type 1 Diabetes Mellitus (T1DM)|Insulin Sensitivity/Resistance|Semaglutide|Lipidomics|Metabolomics|Weight Loss|Glycemic Control for Diabetes Mellitus,Semaglutide 2.4mg|Semaglutide placebo,no,2025-10,2028-06,semaglutide,semaglutide,semaglutide,no
NCT06282458,Dose-Finding Study Evaluating Effect on Body Composition of Enobosarm in Patients Taking a GLP-1 for Chronic Weight Mgmt,PHASE2,COMPLETED,INTERVENTIONAL,168,Veru Inc.,INDUSTRY,Muscle Loss|Obesity,Enobosarm|Semaglutide,no,2024-04-29,2025-04-11,semaglutide,semaglutide,semaglutide,no
NCT06467604,CRAVE Study: Comparing Craving Responses and Diet Quality of GLP1 Receptor Agonist Users,NA,ACTIVE_NOT_RECRUITING,OBSERVATIONAL,7,"University of California, Davis",OTHER,Obesity,Surveys|Indirect Calorimetry|Body composition|Anthropometrics,no,2024-11-01,2027-03-12,tirzepatide;semaglutide,tirzepatide,tirzepatide,yes
NCT07605572,Impact of GLP-1 Receptor Agonists on Dry Eye Disease in Patients With Type 2 Diabetes Mellitus and Obesity,NA,RECRUITING,OBSERVATIONAL,100,Attikon Hospital,OTHER,Dry Eye Disease (DED)|Diabete Mellitus|GLP-1|Ocular Surface|Diabetes Type 2|Cornea,,no,2026-03-01,2026-12-31,semaglutide,semaglutide,semaglutide,no
NCT02305381,Efficacy and Safety of Semaglutide Once-weekly Versus Placebo as add-on to Basal Insulin Alone or Basal Insulin in Combination With Metformin in Subjects With Type 2 Diabetes,PHASE3,COMPLETED,INTERVENTIONAL,397,Novo Nordisk A/S,INDUSTRY,"Diabetes|Diabetes Mellitus, Type 2",semaglutide|placebo,yes,2014-12-01,2015-11-21,semaglutide,semaglutide,semaglutide,no
NCT07677995,Free Fatty Acid Effects In Type 2 Diabetes,NA,ENROLLING_BY_INVITATION,INTERVENTIONAL,60,University of Ulster,OTHER,Type 2 Diabetes|Cardiovascular Disease|Omega-3 Fatty Acids,Omega-3 Fatty Acids|Semaglutide 0.25 mg|Placebo,no,2026-09,2026-12,semaglutide,semaglutide,semaglutide,no
NCT05716724,"O-SEMA-Fast: A Research Study to Understand How Oral Semaglutide Works in People With Type 2 Diabetes Who Plan to Fast During Ramadan in the United Arab Emirates, Saudi Arabia, and Kuwait",NA,COMPLETED,OBSERVATIONAL,288,Novo Nordisk A/S,INDUSTRY,"Diabetes Mellitus, Type 2",Semaglutide,no,2023-01-25,2023-07-09,semaglutide,semaglutide,semaglutide,no
NCT03018028,"Dose-response, Safety and Efficacy of Oral Semaglutide Versus Placebo and Versus Liraglutide, All as Monotherapy in Japanese Subjects With Type 2 Diabetes",PHASE3,COMPLETED,INTERVENTIONAL,243,Novo Nordisk A/S,INDUSTRY,"Diabetes|Diabetes Mellitus, Type 2",Semaglutide|Placebo|Liraglutide,yes,2017-01-10,2018-01-09,liraglutide;semaglutide,liraglutide,liraglutide,yes
NCT06120556,Efficacy of Glucagon-like Peptide-1 Receptor Agonists According to Type 2 Diabetes Subtypes,NA,COMPLETED,OBSERVATIONAL,130,Azienda Ospedaliero-Universitaria Consorziale Policlinico di Bari,OTHER,"Diabetes Mellitus, Type 2",GLP-1 receptor agonist,no,2023-06-10,2023-10-31,dulaglutide;liraglutide;semaglutide,dulaglutide,dulaglutide,yes
NCT05872022,A Study to Evaluate Safety of Exposure to Wegovy During Pregnancy,NA,ENROLLING_BY_INVITATION,OBSERVATIONAL,728,Novo Nordisk A/S,INDUSTRY,Pregnancy|Obesity|Overweight,No Intervention,no,2023-07-05,2032-10-31,semaglutide,semaglutide,semaglutide,no
NCT05035095,Research Study to Investigate How Well Semaglutide Tablets Taken Once Daily Work in People Who Are Overweight or Living With Obesity (OASIS 1),PHASE3,COMPLETED,INTERVENTIONAL,667,Novo Nordisk A/S,INDUSTRY,Obesity|Overweight,Oral semaglutide|Placebo (semaglutide),yes,2021-09-13,2023-03-24,semaglutide,semaglutide,semaglutide,no
NCT05435677,A Research Study to Look at How Insulin Icodec and Semaglutide Work in the Body of People From China With Type 2 Diabetes When Given Alone or Together,PHASE1,COMPLETED,INTERVENTIONAL,20,Novo Nordisk A/S,INDUSTRY,"Diabetes Mellitus, Type 2",IcoSema|insulin icodec|semaglutide,no,2022-06-22,2023-04-25,semaglutide,semaglutide,semaglutide,no
NCT06299098,"A Study to Test if Trevogrumab or Trevogrumab With Garetosmab When Taken With Semaglutide is Safe and How Well They Work in Adult Patients With Obesity for Weight Loss, Fat Loss, and Lean Mass Preservation",PHASE2,ACTIVE_NOT_RECRUITING,INTERVENTIONAL,1005,Regeneron Pharmaceuticals,INDUSTRY,Obesity,Trevogrumab-Part A|Trevogrumab-Part B and Part C|Garetosmab|Semaglutide|Matching Placebo-Part A|Matching Placebo-Trevogrumab|Matching Placebo-Garetosmab,no,2024-03-13,2026-06-16,semaglutide,semaglutide,semaglutide,no
NCT07633639,GLP-1 Therapy After Bariatric Surgery in Chinese Patients With Obesity,NA,RECRUITING,INTERVENTIONAL,200,China-Japan Friendship Hospital,OTHER,Obesity,LSG-Semaglutide group|LSG-Mazdutide group|LSG-Tirzepatide group|LSG group,no,2026-05-01,2028-05-01,mazdutide;tirzepatide;semaglutide,mazdutide,mazdutide,yes
NCT04892199,Does GLP-1RA Prevent Deterioration of Metabolic State in Prediabetic and Diabetic Patients Treated With Antipsychotic Medication?,PHASE4,ACTIVE_NOT_RECRUITING,INTERVENTIONAL,104,"Anders Fink-Jensen, MD, DMSci",OTHER,Metabolic Disturbance|Schizophrenia|Type 2 Diabetes|Clozapine|GLP-1|Olanzapine,"Semaglutide, 1.34 mg/mL|Semaglutide-placebo",no,2021-09-01,2026-03-01,semaglutide,semaglutide,semaglutide,no
NCT06173778,Semaglutide for Post-Smoking Cessation Weight Management,PHASE2,RECRUITING,INTERVENTIONAL,197,"The University of Texas Health Science Center, Houston",OTHER,Obesity|Overweight|Cigarette Smoking,"semaglutide 2.4mg|Placebo|Nicotine Replacement Therapy (NRT, nicotine patch)|Brief Smoking Cessation Counseling",no,2024-04-23,2026-07-01,semaglutide,semaglutide,semaglutide,no
NCT05419726,Brown Adipose Tissue Activity in Response to Semaglutide Administered to Obese Subjects.,NA,RECRUITING,OBSERVATIONAL,20,"University of California, Los Angeles",OTHER,Obesity,Semaglutide Injectable Product (not provided by the study),no,2023-02-01,2026-01-01,semaglutide,semaglutide,semaglutide,no
NCT06691243,Evaluation Of Semaglutide in Adults With Cocaine Use Disorder With and Without HIV,PHASE2,RECRUITING,INTERVENTIONAL,40,"University of Maryland, Baltimore",OTHER,Cocaine Use Disorder|HIV,Semaglutide|Placebo,no,2025-08-07,2026-07,semaglutide,semaglutide,semaglutide,no
NCT07202247,"Metabolic Interventions (Time-Restricted Eating, GLP1 Receptor Agonist, and Heart Healthy Diet) to Improve Cardiometabolic Health in Prostate Cancer Patients During Androgen Deprivation Therapy, IMPACT-ADT Trial",PHASE2,RECRUITING,INTERVENTIONAL,60,City of Hope Medical Center,OTHER,Prostate Carcinoma|Recurrent Prostate Carcinoma,Antiandrogen Therapy|Behavioral Intervention|Biospecimen Collection|Cardiac Computerized Tomographic Angiography|Computed Tomography|Electronic Health Record Review|Internet-Based Intervention|Lifestyle Counseling|Medical Device Usage and Evaluation|Nutritional Intervention|Nutritional Intervention|Questionnaire Administration|Radiation Therapy|Referral|Semaglutide|Short-Term Fasting|Tirzepatide,no,2025-11-05,2028-04-09,tirzepatide;semaglutide,tirzepatide,tirzepatide,yes
NCT07724340,"A Study to Assess the Efficacy, Safety and Tolerability of AT673 Co-administered With Semaglutide in Adult Participants With Type 2 Diabetes (T2D) and Overweight or Obesity",PHASE2,RECRUITING,INTERVENTIONAL,150,Antag Therapeutics,INDUSTRY,Adults With Overweight/Obesity and Type 2 Diabetes,AT673 low dose|AT673 high dose|Placebo,no,2026-06-19,2027-02,semaglutide,semaglutide,semaglutide,no
NCT06390501,The Effect of Weekly Semaglutide Treatment on Energy Expenditure,NA,COMPLETED,INTERVENTIONAL,60,"Shenzhen Institutes of Advanced Technology ,Chinese Academy of Sciences",OTHER,Obesity; Drug,Semaglutide|Placebo,no,2024-04-01,2025-08-15,semaglutide,semaglutide,semaglutide,no
NCT07092618,Effectiveness of Alternative Therapies in Maintaining Weight Loss Achieved by GLP-1 Medications Post-Cessation,PHASE2|PHASE3,RECRUITING,INTERVENTIONAL,150,AgelessRx,INDUSTRY,Longevity|GLP-1|Geroscience|Aging,Metformin|Rapamycin|Naltrexone|Vitamin C,no,2024-12-17,2025-08,semaglutide,semaglutide,semaglutide,no
NCT06980623,Comparative Effectiveness of Tirzepatide vs Semaglutide in Participants With Type 2 Diabetes and Heart Failure With Preserved Ejection Fraction,NA,ACTIVE_NOT_RECRUITING,OBSERVATIONAL,26000,Brigham and Women's Hospital,OTHER,Type 2 Diabetes|Heart Failure,Tirzepatide|Semaglutide,no,2025-01-01,2025-11-30,tirzepatide;semaglutide,tirzepatide,tirzepatide,yes
NCT07165158,The Effect of Semaglutide on Bone Health,PHASE4,NOT_YET_RECRUITING,INTERVENTIONAL,150,The First Affiliated Hospital of Xiamen University,OTHER,Osteoporosis|Osteoporosis Fracture|T2DM,semaglutide combined with metformin,no,2025-09-15,2026-12-31,semaglutide,semaglutide,semaglutide,no
NCT05514535,"A Research Study to Look Into How Semaglutide, Together With a Lower Dose of Insulin Glargine, Compares to a Higher Dose of Insulin Glargine Alone in People With Type 2 Diabetes (SUSTAIN OPTIMIZE)",PHASE3,COMPLETED,INTERVENTIONAL,573,Novo Nordisk A/S,INDUSTRY,"Diabetes Mellitus, Type 2|Obesity",Semaglutide|Insuline glargine U100 (reduced)|Insuline glargine U100 (titrated),yes,2022-08-29,2025-03-05,semaglutide,semaglutide,semaglutide,no
NCT07732218,Efficacy of Once Weekly Semaglutide in Patients With Type 2 Diabetes: a Non Randomized Clinical Trial,PHASE4,COMPLETED,INTERVENTIONAL,95,Rehman Medical Institute - RMI,OTHER,Type 2 Diabetes,Semaglutide (Ozempic®),no,2022-07-04,2023-03-30,semaglutide,semaglutide,semaglutide,no
NCT06131372,"A Research Study to See if Kidney Damage in People With Chronic Kidney Disease and Type 2 Diabetes Living With Overweight or Obesity Can be Reduced by CagriSema Compared to Semaglutide, Cagrilintide and Placebo",PHASE2,COMPLETED,INTERVENTIONAL,626,Novo Nordisk A/S,INDUSTRY,Chronic Kidney Disease|Type 2 Diabetes|Obesity,Cagrilintide|Semaglutide|Placebo,no,2024-04-01,2025-09-24,cagrisema;semaglutide,cagrilintide+semaglutide,cagrisema,yes
NCT04885634,Semaglutide for the Reduction of Arrhythmia Burden in Overweight AF Patients,PHASE3,WITHDRAWN,INTERVENTIONAL,0,Axel Brandes,OTHER,Atrial Fibrillation|Overweight and Obesity,Semaglutide Injectable Product|Placebo,no,2022-10,2024-01,semaglutide,semaglutide,semaglutide,no
NCT06287307,Semaglutide 2.4mg for Low Responders After Bariatric Surgery,PHASE4,NOT_YET_RECRUITING,INTERVENTIONAL,152,Zuyderland Medisch Centrum,OTHER,"Obesity|Obesity, Morbid|Weight Gain",Placebo|Semaglutide 2.4 MG/0.75 ML Subcutaneous Solution [WEGOVY],no,2024-05,2026-02,semaglutide,semaglutide,semaglutide,no
NCT07254572,Anti-atherosclerotic Efficacy of Selected Antidiabetic Drugs in Patients With Coronary Artery Disease and Pre-diabetes,PHASE4,RECRUITING,INTERVENTIONAL,300,"National Institute of Cardiology, Warsaw, Poland",OTHER,Coronary Artery Disease|PreDiabetes,Semaglutide 14 MG [Rybelsus]|Dapagliflozin (Forxiga)|Metformin|Optimal Medical Therapy (OMT) And Lifestyle Intervention,no,2025-07-10,2029-08-01,semaglutide,semaglutide,semaglutide,no
NCT06983171,Semaglutide Effectiveness in Patients With Metabolic Dysfunction-Associated Fatty Liver Disease in the Real World Practice,NA,ACTIVE_NOT_RECRUITING,OBSERVATIONAL,70,Center of target therapy,OTHER,MAFLD,,no,2025-04-02,2028-09-12,semaglutide,semaglutide,semaglutide,no
NCT01923181,"Multiple Dose Trial Examining Dose Range, Escalation and Efficacy of Oral Semaglutide in Subjects With Type 2 Diabetes",PHASE2,COMPLETED,INTERVENTIONAL,632,Novo Nordisk A/S,INDUSTRY,"Diabetes|Diabetes Mellitus, Type 2",semaglutide|semaglutide|oral placebo,yes,2013-12-02,2014-12-11,semaglutide,semaglutide,semaglutide,no
NCT06243536,The Effect of Semaglutide on Disordered Eating Behaviour in Type 2 Diabetic Patients,PHASE4,UNKNOWN,INTERVENTIONAL,60,University Hospital Sestre Milosrdnice,OTHER,Type 2 Diabetes|Overweight|Disordered Eating Behaviors,Semaglutide|standard of care,no,2024-02-01,2024-12-31,semaglutide,semaglutide,semaglutide,no
NCT06788626,Glucagon-like Peptide 1 Receptor Agonist in Acute Large Vessel Occlusion Stroke After Endovascular Treatment,PHASE3,NOT_YET_RECRUITING,INTERVENTIONAL,390,Wei Hu,OTHER,Acute Ischemic Stroke|Large Vessel Occlusion|Neuroprotective Drugs|Endovascular Treatment,Semaglutide 0.5 mg|Standard medical treatment,no,2025-02,2028-02,semaglutide,semaglutide,semaglutide,no
NCT06301191,The Effect of Semaglutide on Cardiovascular Markers and Liver Function,NA,UNKNOWN,OBSERVATIONAL,50,Attikon Hospital,OTHER,Diabetes Type 2,"Semaglutide, 1.0 mg/mL|Dipeptidyl Peptidase 4 inhibitor",no,2022-03-01,2023-03-01,semaglutide,semaglutide,semaglutide,no
NCT06659718,Emulation of the SOUL Diabetes Trial in Healthcare Claims,NA,COMPLETED,OBSERVATIONAL,43650,Brigham and Women's Hospital,OTHER,"Diabetes Mellitus, Type 2",Oral semaglutide|Sitagliptin,no,2024-10-24,2025-02-13,semaglutide,semaglutide,semaglutide,no
NCT06478550,A Research Study to Understand How People With Type 2 Diabetes Take Ozempic® and if the Ozempic®App Helps Them Stay on This Treatment,NA,COMPLETED,OBSERVATIONAL,304,Novo Nordisk A/S,INDUSTRY,"Diabetes Mellitus, Type 2",Semaglutide,no,2024-06-26,2025-04-23,semaglutide,semaglutide,semaglutide,no
NCT06706284,Glycemic and Weight Loss Effects of GLP-1R Agonist Therapy in Subjects With Spinal Cord Injury and Type 2 Diabetes,PHASE4,RECRUITING,INTERVENTIONAL,50,Marzieh Salehi,OTHER,Spinal Cord Injuries|Type 2 Diabetes,Semaglutide Injectable Product|Placebo,no,2025-04-11,2028-09-01,semaglutide,semaglutide,semaglutide,no
NCT02212067,A Trial Investigating the Effects of Semaglutide on ß-cell Function in Subjects With Type 2 Diabetes,PHASE1,COMPLETED,INTERVENTIONAL,87,Novo Nordisk A/S,INDUSTRY,"Diabetes|Diabetes Mellitus, Type 2",semaglutide|placebo,no,2014-08-11,2015-05-11,semaglutide,semaglutide,semaglutide,no
NCT04187300,A Research Study Looking at the Comparability (Bioequivalence) of Two Forms of Semaglutide in Two Different Pen-injectors in People With Overweight or Obesity,PHASE1,COMPLETED,INTERVENTIONAL,68,Novo Nordisk A/S,INDUSTRY,Overweight|Obesity,Semaglutide,no,2019-12-16,2020-09-23,semaglutide,semaglutide,semaglutide,no
NCT06762314,Efficacy and Safety of Empagliflozin or Semaglutide in Overweight/Obese Patients With Type 1 Diabetes,PHASE2,COMPLETED,INTERVENTIONAL,114,Mostafa Bahaa,OTHER,Diabetes,Insulin|Semaglutide|Empagliflozin,no,2025-01-20,2026-01-20,semaglutide,semaglutide,semaglutide,no
NCT06642584,A Research Study Looking at New Protein-based Tablets in Healthy Men - Oral Formulation IV,PHASE1,COMPLETED,INTERVENTIONAL,90,Novo Nordisk A/S,INDUSTRY,Healthy Volunteers Type 2 Diabetes,Semaglutide B|Semaglutide J|Semaglutide L|Semaglutide M|Semaglutide N,no,2024-10-15,2025-07-10,semaglutide,semaglutide,semaglutide,no
NCT04702516,The Effect of Semaglutide on Bone Turnover in Patients With Increased Risk of Bone Fracture,PHASE1|PHASE2,UNKNOWN,INTERVENTIONAL,64,Morten Frost,OTHER,Osteopenia,Ozempic|Placebo,no,2021-03-24,2022-08-31,semaglutide,semaglutide,semaglutide,no
NCT05537233,ADJUnct Semaglutide Treatment in Type 1 Diabetes,PHASE2,COMPLETED,INTERVENTIONAL,115,Viral N. Shah,OTHER,Type 1 Diabetes|Obesity,Semaglutide|Placebo,yes,2023-04-11,2024-08-06,semaglutide,semaglutide,semaglutide,no
NCT07511543,Glucagon-like Peptide-1 Receptor Agonists for Endovascular Stroke Thrombectomy,PHASE3,NOT_YET_RECRUITING,INTERVENTIONAL,826,Population Health Research Institute,OTHER,Ischemic Stroke,Semaglutide,no,2026-09-30,2031-09-30,semaglutide,semaglutide,semaglutide,no
NCT06149260,Subcutaneous Semaglutide in Systemic Scleroderma,PHASE1,UNKNOWN,INTERVENTIONAL,10,Second Xiangya Hospital of Central South University,OTHER,"Scleroderma, Systemic|Fibrosis|Semaglutide",Semaglutide Pen Injector,no,2024-02-29,2024-08-29,semaglutide,semaglutide,semaglutide,no
NCT02054897,Efficacy and Safety of Semaglutide Once-weekly Versus Placebo in Drug-naïve Subjects With Type 2 Diabetes,PHASE3,COMPLETED,INTERVENTIONAL,388,Novo Nordisk A/S,INDUSTRY,"Diabetes|Diabetes Mellitus, Type 2",semaglutide|placebo,yes,2014-02-03,2015-05-08,semaglutide,semaglutide,semaglutide,no
NCT06761703,A Study to Determine the Feasibility of Online Recruitment of People Using an Anti-Obesity Medication for Weight Loss,NA,COMPLETED,OBSERVATIONAL,200,Amgen,INDUSTRY,Obesity,TAP® Micro Select Device (Touch Activated Phlebotomy),no,2024-11-14,2025-01-06,tirzepatide;semaglutide,tirzepatide,tirzepatide,yes
NCT06821919,Impact of Antiglycemic & Immunosuppressive Therapies on NETosis in Diabetes & Kidney Disease (NETs - Neutrophil Traps),NA,RECRUITING,OBSERVATIONAL,70,Western Galilee Hospital-Nahariya,OTHER_GOV,Diabetes Mellitus|Kidney Disease,,no,2024-05-13,2030-12-30,semaglutide,semaglutide,semaglutide,no
NCT07036172,Efficacy and Safety of Semaglutide Injection Vs WEGOVY® in Chinese Obese Patients,PHASE3,RECRUITING,INTERVENTIONAL,460,"Hangzhou Zhongmei Huadong Pharmaceutical Co., Ltd.",INDUSTRY,Obesity Control,HDM1702|Wegovy ®,no,2025-01-03,2026-04,semaglutide,semaglutide,semaglutide,no
NCT07172867,"A Ph2 Study to Evaluate the Safety, Efficacy and Tolerability of HT-6184 and Semaglutide in Obese Participants With T2DM",PHASE2,WITHDRAWN,INTERVENTIONAL,0,"Halia Therapeutics, Inc.",INDUSTRY,"Diabetes Mellitus, Type 2|Obesity",HT-6184|HT-6184 Matching Placebo|Semaglutide 1 mg,no,2026-01-06,2026-01-23,semaglutide,semaglutide,semaglutide,no
NCT04873245,Lifestyle Counseling and Medication for Adolescent Weight Management,PHASE2,COMPLETED,INTERVENTIONAL,120,University of Minnesota,OTHER,"Obesity, Childhood",Intensive Behavioral Program|Semaglutide and Behavioral Program,no,2022-03-15,2026-06-29,semaglutide,semaglutide,semaglutide,no
NCT07483801,DECODE - Haemodynamic Effects Of Semaglutide and Tirzepatide - a Series of Pilot Studies,PHASE4,NOT_YET_RECRUITING,INTERVENTIONAL,112,Cambridge University Hospitals NHS Foundation Trust,OTHER,Cardiovascular Diseases,semaglutide|Tirzepatide,no,2026-03,2027-04,tirzepatide;semaglutide,tirzepatide,tirzepatide,yes
NCT04862923,"A Research Study Looking at How Oral Semaglutide Works in People With Type 2 Diabetes in the United Kingdom, as Part of Local Clinical Practice",NA,COMPLETED,OBSERVATIONAL,336,Novo Nordisk A/S,INDUSTRY,"Diabetes Mellitus, Type 2",Oral semaglutide,no,2021-05-12,2023-08-31,semaglutide,semaglutide,semaglutide,no
NCT06903923,Bone Metabolism in 12-21 Year Olds Undergoing Glucagon Like Peptide (GLP)-1 Receptor Agonist Therapy,PHASE2,RECRUITING,INTERVENTIONAL,120,University of Virginia,OTHER,Obesity in Children|Bone Strength|GLP - 1|Lifestyle Modification|Bone Density|Obesity,GLP-1 receptor agonist|Lifestyle intervention,no,2025-07-31,2030-02-28,liraglutide;semaglutide,liraglutide,liraglutide,yes
NCT05766358,Role Of Metabolic Adaptation In Weight Regain,NA,COMPLETED,OBSERVATIONAL,27,Pennington Biomedical Research Center,OTHER,Weight Loss|Weight Gain|Obesity,Intensive lifestyle change therapy|Tirzepatide,no,2022-10-06,2024-05-24,tirzepatide,tirzepatide,tirzepatide,no
NCT05564039,A Study of Tirzepatide (LY3298176) in Adult Participants With Type 2 Diabetes Switching From Dulaglutide (SURPASS-SWITCH),PHASE4,COMPLETED,INTERVENTIONAL,282,Eli Lilly and Company,INDUSTRY,Type 2 Diabetes,Tirzepatide|Dulaglutide,yes,2022-11-30,2024-07-15,dulaglutide;tirzepatide,dulaglutide,dulaglutide,yes
NCT06847399,Efficacy and Safety of Tirzepatide Versus Placebo or Lisdexamfetamine Dimesylate for Binge-Eating Disorder,PHASE2,RECRUITING,INTERVENTIONAL,105,Johns Hopkins University,OTHER,Obesity and Overweight|Binge Eating Disorder,Tirzepatide|Lisdexamfetamine Dimesylate|Guided self-help cognitive behavioral therapy|Placebo (oral)|Placebo (injection),no,2025-09-17,2027-12-01,tirzepatide,tirzepatide,tirzepatide,no
NCT03131687,A Study of Tirzepatide (LY3298176) in Participants With Type 2 Diabetes Mellitus,PHASE2,COMPLETED,INTERVENTIONAL,318,Eli Lilly and Company,INDUSTRY,Type 2 Diabetes Mellitus,tirzepatide|Dulaglutide|Placebo,yes,2017-05-24,2018-08-01,dulaglutide;tirzepatide,dulaglutide,dulaglutide,yes
NCT07245771,"Phase 1/2a Study to Evaluate the Safety, Tolerability, Pharmacokinetics, Pharmacodynamics and Effect on Body Weight of RN3161 as Monotherapy and in Combination With Tirzepatide in Adults With Overweight and Obesity",PHASE1|PHASE2,RECRUITING,INTERVENTIONAL,104,Ikaria Bioscience Pty Ltd,INDUSTRY,Obesity &Amp; Overweight,RN3161|Placebo Control|Tirzepatide,no,2025-11-04,2027-02-15,tirzepatide,tirzepatide,tirzepatide,no
NCT05912621,Tirzepatide: Reversal of Lipotoxicity and Adipose Tissue Dysfunction in Humans With Overweight/Obesity,PHASE2,RECRUITING,INTERVENTIONAL,66,Stanford University,OTHER,Obesity|Overweight and Obesity|Overweight,Tirzepatide,no,2023-11-09,2028-06,tirzepatide,tirzepatide,tirzepatide,no
NCT06811324,Effects of Tirzepatide on Muscle and Vascular Health in Obese Older Adults,PHASE2,RECRUITING,INTERVENTIONAL,20,The University of Texas Health Science Center at San Antonio,OTHER,Obesity Prevention|Sarcopenia in Elderly|Cardiovascular Function|GLP - 1|Weight Loss,Tirzepatide,no,2026-04-01,2027-04-01,tirzepatide,tirzepatide,tirzepatide,no
NCT04166773,A Study of Tirzepatide (LY3298176) in Participants With Nonalcoholic Steatohepatitis (NASH),PHASE2,COMPLETED,INTERVENTIONAL,190,Eli Lilly and Company,INDUSTRY,Nonalcoholic Steatohepatitis,Tirzepatide|Placebo,yes,2019-11-19,2023-12-11,tirzepatide,tirzepatide,tirzepatide,no
NCT06439277,A Study of Tirzepatide in Adolescents With Obesity and Weight-Related Comorbidities (SURMOUNT-ADOLESCENTS-2),PHASE3,RECRUITING,INTERVENTIONAL,300,Eli Lilly and Company,INDUSTRY,Obesity|Weight Gain,Tirzepatide|Placebo,no,2024-06-03,2027-10,tirzepatide,tirzepatide,tirzepatide,no
NCT03322631,A Study of Tirzepatide (LY3298176) in Japanese Participants With Type 2 Diabetes,PHASE1,COMPLETED,INTERVENTIONAL,48,Eli Lilly and Company,INDUSTRY,Type 2 Diabetes Mellitus,Tirzepatide|Placebo,yes,2017-11-15,2018-05-29,tirzepatide,tirzepatide,tirzepatide,no
NCT07758231,Impact of GLP-1 Receptor Agonist Therapy on Alcohol Pharmacokinetics,PHASE1,NOT_YET_RECRUITING,INTERVENTIONAL,5,"University of Wisconsin, Madison",OTHER,GLP-1|Alcohol,Acute Ethanol Dose,no,2026-10,2027-03,tirzepatide,tirzepatide,tirzepatide,no
NCT05696847,A Study of Tirzepatide (LY3298176) in Pediatric Participants With Obesity,PHASE1,COMPLETED,INTERVENTIONAL,28,Eli Lilly and Company,INDUSTRY,Obesity,Tirzepatide|Placebo,yes,2023-02-07,2025-01-16,tirzepatide,tirzepatide,tirzepatide,no
NCT04844918,A Study of Tirzepatide (LY3298176) in Participants With Obesity Disease,PHASE3,COMPLETED,INTERVENTIONAL,267,Eli Lilly and Company,INDUSTRY,Obesity,Tirzepatide|Placebo,yes,2021-05-10,2023-06-24,tirzepatide,tirzepatide,tirzepatide,no
NCT07700030,High-protein plUs reSistance Training in gLucagon-like pEptide 1 Receptor Agonist Users (HUSTLE),NA,NOT_YET_RECRUITING,INTERVENTIONAL,32,NYU Langone Health,OTHER,Weight Loss,High protein diet|Resistance Training (RT) Programs,no,2026-07,2027-11,tirzepatide,tirzepatide,tirzepatide,no
NCT06485089,"Effects of Tirzepatide on Blood, Imaging and Breast Tissue Biomarkers",NA,COMPLETED,OBSERVATIONAL,25,University of Kansas Medical Center,OTHER,Obesity|Breast Cancer Risk,tirzepatide,no,2024-09-14,2026-03-25,tirzepatide,tirzepatide,tirzepatide,no
NCT06588296,Ixekizumab Concomitantly Administered With Tirzepatide in Adults With Psoriatic Arthritis and Obesity or Overweight,PHASE3,COMPLETED,INTERVENTIONAL,279,Eli Lilly and Company,INDUSTRY,Psoriatic Arthritis|Obesity,Ixekizumab|Tirzepatide,no,2024-09-24,2025-11-18,tirzepatide,tirzepatide,tirzepatide,no
NCT06246799,Comparative Effectiveness of Two Initial Combination Therapies in Patients With Recent Onset Diabetes,PHASE3,RECRUITING,INTERVENTIONAL,256,The University of Texas Health Science Center at San Antonio,OTHER,Type 2 Diabetes (Adult Onset),Tirzepatide|Pioglitazone|Sitagliptin|Metformin HCI XR,no,2024-11-07,2029-04-30,tirzepatide,tirzepatide,tirzepatide,no
NCT07527910,A Phase 2a Study of ALN-PNP With and Without a GLP1R Agonist in Adult Patients With Homozygous PNPLA3-Related MASLD,PHASE2,RECRUITING,INTERVENTIONAL,204,Regeneron Pharmaceuticals,INDUSTRY,Metabolic Dysfunction-Associated Steatotic Liver Disease (MASLD),ALN-PNP|Tirzepatide|Placebo,no,2026-05-22,2030-03-15,tirzepatide,tirzepatide,tirzepatide,no
NCT04657003,A Study of Tirzepatide (LY3298176) in Participants With Type 2 Diabetes Who Have Obesity or Are Overweight,PHASE3,COMPLETED,INTERVENTIONAL,938,Eli Lilly and Company,INDUSTRY,Type 2 Diabetes|Overweight|Obesity,Tirzepatide|Placebo,yes,2021-03-29,2023-03-16,tirzepatide,tirzepatide,tirzepatide,no
NCT07298915,The Effect of Exercise and Tirzepatide on Weight and Health Outcomes (EXER-MED),PHASE3,NOT_YET_RECRUITING,INTERVENTIONAL,24,University of Virginia,OTHER,Obesity & Overweight,Tirzepatide|Exercise,no,2026-08,2026-12,tirzepatide,tirzepatide,tirzepatide,no
NCT06326047,A Research Study Comparing How Well Different Doses of the Medicine NN0519-0130 Lower Blood Sugar in People With Type 2 Diabetes,PHASE2,COMPLETED,INTERVENTIONAL,299,Novo Nordisk A/S,INDUSTRY,"Diabetes Mellitus, Type 2",NNC0519-0130|Placebo|Trizepatide,no,2024-03-18,2025-09-19,NNC0519-0130;tirzepatide,amycretin,NNC0519-0130,yes
NCT07262762,Spartina® (Tirzepatide) Effectiveness and Safety Evaluation,NA,COMPLETED,OBSERVATIONAL,175,Cinnagen,INDUSTRY,Obesity & Overweight,,no,2025-11-11,2026-06-20,tirzepatide,tirzepatide,tirzepatide,no
NCT07387796,Clinical and Neurobehavioral Changes With Weight Loss Drug Discontinuation and Reinitiation,NA,RECRUITING,INTERVENTIONAL,40,The University of Texas at Dallas,OTHER,Drug Discontinuation|Substance Use Disorders|Eating Behavior Changes|Tirzepatide,Discontinuation and Reinitiation of Tirzepatide,no,2026-10,2028-02,tirzepatide,tirzepatide,tirzepatide,no
NCT05963022,A Study of Tirzepatide (LY3298176) in Chinese Participants With Type 2 Diabetes (SURPASS-CN-MONO),PHASE3,COMPLETED,INTERVENTIONAL,206,Eli Lilly and Company,INDUSTRY,Type 2 Diabetes,Tirzepatide|Placebo,yes,2023-08-21,2024-10-09,tirzepatide,tirzepatide,tirzepatide,no
NCT04657016,A Study of Tirzepatide (LY3298176) In Participants After A Lifestyle Weight Loss Program,PHASE3,COMPLETED,INTERVENTIONAL,579,Eli Lilly and Company,INDUSTRY,Obesity|Overweight,Tirzepatide|Placebo,yes,2021-03-29,2023-04-20,tirzepatide,tirzepatide,tirzepatide,no
NCT07457437,Function and Lean Mass Preservation With Resistance Exercise During a GLP-1RA Treatment,NA,RECRUITING,INTERVENTIONAL,60,University of Exeter,OTHER,Muscle Mass and Strength|Obesity & Overweight|Physical Function,Progressive Resistance Exercise Training Program|Habitual physical activity guidelines,no,2026-04-01,2027-12-01,tirzepatide,tirzepatide,tirzepatide,no
NCT06143956,A Master Protocol Study (LY900038) of Multiple Intervention-Specific-Appendices (ISAs) in Adult Participants With Obesity or Overweight,PHASE2,RECRUITING,INTERVENTIONAL,1481,Eli Lilly and Company,INDUSTRY,Obesity|Overweight,LY3305677|LY3841136|Tirzepatide|LY3549492|LY3532226|Placebo|Placebo,no,2023-11-17,2027-09,mazdutide;tirzepatide,mazdutide,mazdutide,yes
NCT05536804,A Study of Tirzepatide (LY3298176) in Participants With Overweight or Obesity and Chronic Kidney Disease With or Without Type 2 Diabetes,PHASE2,ACTIVE_NOT_RECRUITING,INTERVENTIONAL,140,Eli Lilly and Company,INDUSTRY,Overweight|Obesity|Chronic Kidney Disease|Type 2 Diabetes|T2D,Tirzepatide|Placebo,no,2023-02-08,2026-09,tirzepatide,tirzepatide,tirzepatide,no
NCT06297616,A Study of LY3841136 in Japanese Participants With Obesity or Overweight,PHASE1,COMPLETED,INTERVENTIONAL,128,Eli Lilly and Company,INDUSTRY,Obesity|Overweight,LY3841136|LY3841136-Placebo|Tirzepatide|Tirzepatide-Placebo,no,2024-04-15,2025-11-21,tirzepatide,tirzepatide,tirzepatide,no
NCT06893211,Effect of Tirzepatide on Brown Adipose Tissue in Obesity,PHASE2,COMPLETED,INTERVENTIONAL,34,University Medical Centre Ljubljana,OTHER,Obesity,Tirzepatide|Placebo,no,2025-03-18,2025-11-29,tirzepatide,tirzepatide,tirzepatide,no
NCT06582875,Glucagon-Like Peptide-1 Receptor Agonist in ADPKD,PHASE2,RECRUITING,INTERVENTIONAL,126,"University of Colorado, Denver",OTHER,Autosomal Dominant Polycystic Kidney|Obesity,Tirzepatide|Placebo,no,2025-03-06,2029-06-30,tirzepatide,tirzepatide,tirzepatide,no
NCT06759701,Pre-Surgical Tirzepatide-Assisted Weight Loss in Overweight and Obese Men With Intermediate Risk Prostate Cancer: A Pilot Feasibility Study,EARLY_PHASE1,RECRUITING,INTERVENTIONAL,30,M.D. Anderson Cancer Center,OTHER,Diabetes|Prostate Cancer,Tirzepatide,no,2025-07-02,2026-12-31,tirzepatide,tirzepatide,tirzepatide,no
NCT07676331,Clinical Study of Local and Systemic Biological Impact of GLP1/GIP-Receptor Agonists in Patients With Breast Cancer: The CLARA Trial,PHASE2,NOT_YET_RECRUITING,INTERVENTIONAL,168,Universitaire Ziekenhuizen KU Leuven,OTHER,Hormone-receptor-positive Breast Cancer|Early Breast Cancer,Tirzepatide|Letrozole (Aromatase Inhibitors),no,2026-08-01,2028-03-01,tirzepatide,tirzepatide,tirzepatide,no
NCT04311411,A Study of Tirzepatide in Overweight and Very Overweight Participants,PHASE1,COMPLETED,INTERVENTIONAL,114,Eli Lilly and Company,INDUSTRY,Obesity|Overweight,Tirzepatide|Placebo|Liraglutide,yes,2020-08-24,2022-12-16,tirzepatide;liraglutide,tirzepatide,tirzepatide,yes
NCT07218445,The Effect of Tirzepatide on Menopausal Vasomotor Symptoms and Biological Aging in Post-menopausal Women With Obesity,PHASE4,RECRUITING,INTERVENTIONAL,40,Mayo Clinic,OTHER,Obesity|Menopause Hot Flashes,Tirzepatide|Placebo,no,2026-04-08,2027-09-18,tirzepatide,tirzepatide,tirzepatide,no
NCT07165028,A Master Protocol of Multiple Agents in Adults With Metabolic Dysfunction-Associated Steatotic Liver Disease (SYNERGY-Outcomes),PHASE3,RECRUITING,INTERVENTIONAL,4500,Eli Lilly and Company,INDUSTRY,Metabolic Dysfunction-Associated Steatotic Liver Disease,Tirzepatide|Retatrutide|Placebo,no,2025-10-15,2030-08,retatrutide;tirzepatide,retatrutide,retatrutide,yes
NCT07492563,"Safety and Effectiveness of Tirzepatide in Patients With Obesity at Hospital de Clínicas, Paraguay",NA,NOT_YET_RECRUITING,OBSERVATIONAL,300,LABORATORIOS INDUFAR,INDUSTRY,Obesity|Type 2 Diabetes Mellitus|Overweight With Comorbidities,Tirzepatide (T.G.),no,2026-03,2026-10,tirzepatide,tirzepatide,tirzepatide,no
NCT07373834,Tirzepatide and Muscle Outcomes in Obesity,NA,RECRUITING,INTERVENTIONAL,30,University Medical Centre Ljubljana,OTHER,Obesity (Disorder),Tirzepatide|Placebo,no,2026-01,2026-12,tirzepatide,tirzepatide,tirzepatide,no
NCT05024032,A Study of Tirzepatide (LY3298176) in Chinese Participants Without Type 2 Diabetes Who Have Obesity or Overweight (SURMOUNT-CN),PHASE3,COMPLETED,INTERVENTIONAL,210,Eli Lilly and Company,INDUSTRY,Obesity|Overweight|Metabolism and Nutrition Disorder,Tirzepatide|Placebo,yes,2021-09-01,2022-12-27,tirzepatide,tirzepatide,tirzepatide,no
NCT07284511,A Clinical Trial Using Tirzepatide to Help Adults With Type 1 Diabetes Automatically Control Their Blood Sugar,PHASE2|PHASE3,RECRUITING,INTERVENTIONAL,105,McGill University Health Centre/Research Institute of the McGill University Health Centre,OTHER,Type 1 Diabetes|Type 1 Diabetes Mellitus|T1D|T1DM|T1DM - Type 1 Diabetes Mellitus,Tirzepatide|Tandem Control-IQ Automated Insulin Delivery System (with Dexcom G7 CGM)|Carbohydrate Counting|No Meal Announcement,no,2026-05-19,2028-01,tirzepatide,tirzepatide,tirzepatide,no
NCT07128082,The Long COVID Treatment Trial,PHASE2,ACTIVE_NOT_RECRUITING,INTERVENTIONAL,1000,Scripps Translational Science Institute,OTHER,Long COVID,Tirzepatide|Placebo,no,2025-10-30,2026-12,tirzepatide,tirzepatide,tirzepatide,no
NCT06962280,A Long-Term Study of Tirzepatide (LY3298176) in Adults With Type 1 Diabetes and Obesity or Overweight,PHASE3,ACTIVE_NOT_RECRUITING,INTERVENTIONAL,465,Eli Lilly and Company,INDUSTRY,Type 1 Diabetes|Obesity|Overweight,Tirzepatide|Placebo,no,2025-05-12,2026-11,tirzepatide,tirzepatide,tirzepatide,no
NCT07619989,Transcutaneous Auricular Vagus Nerve Stimulation for Poor Weight-Loss Response to Incretin Receptor Agonists,NA,RECRUITING,INTERVENTIONAL,24,The Affiliated Nanjing Drum Tower Hospital of Nanjing University Medical School,OTHER,Obesity & Overweight,transcutaneous auricular vagus nerve stimulation|Sham,no,2026-08-01,2027-06-01,tirzepatide,tirzepatide,tirzepatide,no
NCT07096908,Tirzepatide Use in People With Obesity and Type 1 Diabetes,PHASE4,RECRUITING,INTERVENTIONAL,60,Dasman Diabetes Institute,OTHER,Type1diabetes|Obesity,Tirzepatide|Placebo,no,2025-07-31,2028-02-25,tirzepatide,tirzepatide,tirzepatide,no
NCT07693608,An Open-Label Tirzepatide Trial for Comorbid Obesity and Stimulant Use Disorder,PHASE2,ENROLLING_BY_INVITATION,INTERVENTIONAL,45,University of Texas Southwestern Medical Center,OTHER,Obesity|Methamphetamine Use Disorder|Cocaine Use Disorder|Stimulant Use Disorders,Tirzepatide,no,2026-08-19,2030-02-01,tirzepatide,tirzepatide,tirzepatide,no
NCT07605247,Tirzepatide in the Treatment of Endometrial Cancer,PHASE2,NOT_YET_RECRUITING,INTERVENTIONAL,30,"Rutgers, The State University of New Jersey",OTHER,Endometrial Cancer,Tirzepatide|LNG-IUD plus tirzepatide,no,2026-06-01,2028-01,tirzepatide,tirzepatide,tirzepatide,no
NCT06965413,"A Study to Assess Efficacy, Safety, Tolerability, Pharmacokinetics (PK) and Pharmacodynamics (PD) of RO7204239 in Combination With Tirzepatide in Participants With Obesity or Overweight With At Least One Weight-related Comorbidity",PHASE2,ACTIVE_NOT_RECRUITING,INTERVENTIONAL,285,Hoffmann-La Roche,INDUSTRY,Obesity|Overweight|Overweight With One Weight Related Comorbidity,RO7204239|RO7204239 Matching Placebo|Tirzepatide,no,2025-05-05,2026-08-22,tirzepatide,tirzepatide,tirzepatide,no
NCT07521631,Efficacy and Safety of HDM1005 Compared to Tirzepatide in Obese Adults Without Diabetes,PHASE2,RECRUITING,INTERVENTIONAL,372,"Hangzhou Zhongmei Huadong Pharmaceutical Co., Ltd.",INDUSTRY,Obesity,HDM1005 dose level 1|HDM1005 dose level 2|HDM1005 dose level 3|Tirzepatide,no,2026-03-31,2027-02-04,tirzepatide,tirzepatide,tirzepatide,no
NCT04004988,A Study of Tirzepatide Administered by Two Different Devices in Healthy Participants,PHASE1,COMPLETED,INTERVENTIONAL,47,Eli Lilly and Company,INDUSTRY,Healthy,Tirzepatide|Prefilled syringe (PFS)|Auto-injector (AI),yes,2019-08-19,2019-12-16,tirzepatide,tirzepatide,tirzepatide,no
NCT04255433,A Study of Tirzepatide (LY3298176) Compared With Dulaglutide on Major Cardiovascular Events in Participants With Type 2 Diabetes,PHASE3,COMPLETED,INTERVENTIONAL,13299,Eli Lilly and Company,INDUSTRY,Type 2 Diabetes Mellitus,Tirzepatide|Dulaglutide,yes,2020-05-29,2025-06-12,dulaglutide;tirzepatide,dulaglutide,dulaglutide,yes
NCT04660643,A Study of Tirzepatide (LY3298176) in Participants With Obesity or Overweight for the Maintenance of Weight Loss,PHASE3,COMPLETED,INTERVENTIONAL,783,Eli Lilly and Company,INDUSTRY,Obesity|Overweight,Tirzepatide|Placebo,yes,2021-03-29,2023-04-25,tirzepatide,tirzepatide,tirzepatide,no
NCT04081337,A Study to Measure Energy Expenditure and Food Intake in Participants With Obesity Using Tirzepatide,PHASE1,COMPLETED,INTERVENTIONAL,55,Eli Lilly and Company,INDUSTRY,Obesity,Tirzepatide|Placebo,yes,2020-07-09,2022-05-26,tirzepatide,tirzepatide,tirzepatide,no
NCT06721507,2024 Tirzepatide-Bariatric Surgery,PHASE4,RECRUITING,INTERVENTIONAL,50,Marlene Starr,OTHER,Obesity and Obesity-related Medical Conditions|Bariatric Surgery,tirzepatide|Standard of Care,no,2025-03-27,2026-12-31,tirzepatide,tirzepatide,tirzepatide,no
NCT06662383,A Study of Retatrutide (LY3437943) Compared to Tirzepatide (LY3298176) in Adults Who Have Obesity,PHASE3,ACTIVE_NOT_RECRUITING,INTERVENTIONAL,800,Eli Lilly and Company,INDUSTRY,Obesity,Retatrutide|Tirzepatide,no,2024-11-01,2026-11,retatrutide;tirzepatide,retatrutide,retatrutide,yes
NCT06518837,Tirzepatide for Weight Loss Intervention in Early-Stage Hormone Receptor Positive/HER2 Negative Breast Cancer,PHASE2,RECRUITING,INTERVENTIONAL,40,"Rutgers, The State University of New Jersey",OTHER,Hormone Receptor-Positive Breast Cancer|HER2-Negative Breast Cancer,Tirzepatide,no,2024-10-30,2027-09-30,tirzepatide,tirzepatide,tirzepatide,no
NCT06565611,A Phase 2 Study Evaluating the Co-Administration of Bremelanotide With Tirzepatide for the Treatment of Obesity,PHASE2,ACTIVE_NOT_RECRUITING,INTERVENTIONAL,108,"Palatin Technologies, Inc",INDUSTRY,Obesity,bremelanotide|tirzepatide,no,2024-08-05,2025-02-05,tirzepatide,tirzepatide,tirzepatide,no
NCT07220473,Tirzepatide to Slow Biological Aging,PHASE2,RECRUITING,INTERVENTIONAL,90,"The University of Texas Medical Branch, Galveston",OTHER,Aging|LONGEVITY 1,Zepbound,no,2026-02-27,2027-11,tirzepatide,tirzepatide,tirzepatide,no
NCT06745128,Tirzepatide for Obesity and Meth Use Disorder,PHASE2,ACTIVE_NOT_RECRUITING,INTERVENTIONAL,45,University of Texas Southwestern Medical Center,OTHER,Obesity|Methamphetamine Use Disorder,Tirzepatide,no,2025-02-03,2026-03-31,tirzepatide,tirzepatide,tirzepatide,no
NCT06517212,Tirzepatide Weight Loss for MRD+ Early Breast Cancer,PHASE2,RECRUITING,INTERVENTIONAL,48,Baylor Research Institute,OTHER,Breast Cancer|Breast Neoplasms|Breast Cancers,Tirzepatide,no,2024-11-26,2029-08-31,tirzepatide,tirzepatide,tirzepatide,no
NCT07728318,"Efficacy, Safety, and Treatment Satisfaction of Once-Weekly Tirzepatide in Obese Type 2 Diabetic Patients",NA,NOT_YET_RECRUITING,INTERVENTIONAL,52,Akhtar Saeed Medical and Dental College,OTHER,"Type 2 Diabetes Mellitus (T2DM), Obesity, Overweight",Tirzepatide + Standard Therapy (Intervention Group)|Standard Oral Antidiabetic Drugs (OADs),no,2026-08-12,2027-01-12,tirzepatide,tirzepatide,tirzepatide,no
NCT03311724,A Study of Tirzepatide (LY3298176) in Participants With Type 2 Diabetes,PHASE2,COMPLETED,INTERVENTIONAL,111,Eli Lilly and Company,INDUSTRY,Type 2 Diabetes,Tirzepatide|Placebo,yes,2017-10-19,2018-04-24,tirzepatide,tirzepatide,tirzepatide,no
NCT07650149,"Genetic, Microbiological and Behavioral Factors in Obesity",NA,RECRUITING,OBSERVATIONAL,200,Jan Kochanowski University,OTHER,Obesity & Overweight|Obesity|Genetics,genetic polymorphism|gut microbiome,no,2026-05-23,2027-05,tirzepatide,tirzepatide,tirzepatide,no
NCT07046819,Tirzepatide in MetALD,PHASE2,RECRUITING,INTERVENTIONAL,120,National Institute on Alcohol Abuse and Alcoholism (NIAAA),NIH,Metabolic Alcohol-associated Liver Disease|Alcohol Use Disorder,Tirzepatide|Placebo,no,2026-06-11,2027-07-30,tirzepatide,tirzepatide,tirzepatide,no
NCT07573163,Tirzepatide Following Adrenalectomy in Mild Autonomous Cortisol Secretion,PHASE2,RECRUITING,INTERVENTIONAL,34,Alaa Sada,OTHER,Mild Autonomous Cortisol Secretion (MACS)|Adrenalectomy; Status,Tirzepatide|Standard medical treatment,no,2026-07-27,2028-07-31,tirzepatide,tirzepatide,tirzepatide,no
NCT06073184,Weight-loss Drug for Fertility-Sparing Treatment of Atypical Hyperplasia and Low-grade Cancer of the Endometrium,PHASE2,NOT_YET_RECRUITING,INTERVENTIONAL,71,"University Health Network, Toronto",OTHER,Endometrial Cancer|Atypical Hyperplasia,Mounjaro|Mirena,no,2025-08,2027-02,tirzepatide,tirzepatide,tirzepatide,no
NCT07088718,Prediction of the SURPASS-CVOT Cardiovascular Outcome Trial in Healthcare Claims Data,NA,COMPLETED,OBSERVATIONAL,44671,Brigham and Women's Hospital,OTHER,Type 2 Diabetes|Major Adverse Cardiac Events|Cardiovascular (CV) Risk,Tirzepatide|Dulaglutide,no,2024-10-01,2025-07-30,dulaglutide;tirzepatide,dulaglutide,dulaglutide,yes
NCT06937099,Mirikizumab and Tirzepatide Administered in Adult Participants With Moderately to Severely Active Crohn's Disease and Obesity or Overweight,PHASE3,RECRUITING,INTERVENTIONAL,290,Eli Lilly and Company,INDUSTRY,Crohn's Disease|Obesity or Overweight,Mirikizumab|Mirikizumab|Tirzepatide|Placebo,no,2025-06-26,2028-05,tirzepatide,tirzepatide,tirzepatide,no
NCT07756359,Tirzepatide for Ileal Pouch-anal Anastomosis (IPAA) and Chronic High Bowel Frequency (I8F-NS-X008),PHASE4,NOT_YET_RECRUITING,INTERVENTIONAL,20,"University of North Carolina, Chapel Hill",OTHER,"Pouch, Ileal|Pouches, Ileoanal|Bowel Diseases, Inflammatory",Tirzepatide|Loperamide|Diphenoxylate/Atropine,no,2026-09,2027-09,tirzepatide,tirzepatide,tirzepatide,no
NCT03730662,A Study of Tirzepatide (LY3298176) Once a Week Versus Insulin Glargine Once a Day in Participants With Type 2 Diabetes and Increased Cardiovascular Risk,PHASE3,COMPLETED,INTERVENTIONAL,2002,Eli Lilly and Company,INDUSTRY,Type 2 Diabetes Mellitus,Tirzepatide|Insulin Glargine,yes,2018-11-20,2021-01-22,tirzepatide,tirzepatide,tirzepatide,no
NCT06911203,A Study of BGM0504 in Participants With Obesity,PHASE2,RECRUITING,INTERVENTIONAL,90,"BrightGene Bio-Medical Technology Co., Ltd.",INDUSTRY,Obesity,BGM0504|Tirzepatide,no,2025-04-03,2026-01-11,tirzepatide,tirzepatide,tirzepatide,no
NCT04050553,A Study of Tirzepatide in Participants With Type 2 Diabetes Mellitus,PHASE1,COMPLETED,INTERVENTIONAL,42,Eli Lilly and Company,INDUSTRY,"Diabetes Mellitus, Type 2|Hypoglycemia",Tirzepatide|Placebo,yes,2020-02-24,2022-01-25,tirzepatide,tirzepatide,tirzepatide,no
NCT06864026,A Study to Investigate Effectiveness of Tirzepatide Following Initiation of Ixekizumab in Participants With Active Psoriatic Arthritis and Overweight or Obesity in Clinical Practice (TOGETHER AMPLIFY-PsA),PHASE4,RECRUITING,INTERVENTIONAL,200,Eli Lilly and Company,INDUSTRY,Psoriatic Arthritis|Overweight or Obesity,Tirzepatide,no,2025-03-06,2027-11,tirzepatide,tirzepatide,tirzepatide,no
NCT07257484,Tirzepatide's Role in Postmenopausal HR+ Breast Cancer Survivors,PHASE4,RECRUITING,INTERVENTIONAL,30,Weill Medical College of Cornell University,OTHER,Obesity (Disorder)|Breast Cancer,Tirzepatide,no,2026-06-08,2027-12-03,tirzepatide,tirzepatide,tirzepatide,no
NCT02759107,A Study of Tirzepatide (LY3298176) in Healthy Participants and Participants With Type 2 Diabetes (T2DM),PHASE1,COMPLETED,INTERVENTIONAL,142,Eli Lilly and Company,INDUSTRY,Healthy|Type 2 Diabetes Mellitus (T2DM),Tirzepatide|Placebo|Dulaglutide,yes,2016-05-11,2017-06-26,dulaglutide;tirzepatide,dulaglutide,dulaglutide,yes
NCT06484114,Evaluation of the Safety and Efficacy of Revita® DMR on Body Weight Maintenance in Subjects With Obesity Who Have Achieved at Least 15% Weight Loss on Tirzepatide,NA,ACTIVE_NOT_RECRUITING,INTERVENTIONAL,315,Fractyl Health Inc.,INDUSTRY,"Obesity|Weight Change Trajectory|Weight Change, Body",Revita Duodenal Mucosal Resurfacing (DMR)|Sham,no,2024-09-01,2027-02-15,tirzepatide,tirzepatide,tirzepatide,no
NCT07247084,A Study of Tirzepatide (LY3298176) Compared With Standard of Care in Adult Participants With Obesity and Without Diabetes (SURMOUNT-REAL UK),PHASE4,RECRUITING,INTERVENTIONAL,3000,Eli Lilly and Company,INDUSTRY,Obesity,Tirzepatide|Standard of Care,no,2025-11-24,2029-07,tirzepatide,tirzepatide,tirzepatide,no
NCT06937203,A First-In-Human Study of ARO-ALK7 in Adults With Obesity With and Without Type 2 Diabetes Mellitus,PHASE1|PHASE2,RECRUITING,INTERVENTIONAL,150,Arrowhead Pharmaceuticals,INDUSTRY,"Obesity|Diabetes Mellitus, Type 2",ARO-ALK7|Placebo,no,2025-05-09,2027-02,tirzepatide,tirzepatide,tirzepatide,no
NCT06009653,Effects of Tirzepatide Plus Intensive Lifestyle Therapy on Body Weight and Metabolic Health in Latinos With Obesity,PHASE4,WITHDRAWN,INTERVENTIONAL,0,Washington University School of Medicine,OTHER,Obesity|Metabolic Disease,Standard Care|Culturally-tailored dietary and behavioral intensive lifestyle intervention|Placebo|Tirzepatide,no,2023-09-13,2024-05-29,tirzepatide,tirzepatide,tirzepatide,no
NCT07326111,A Clincial Study Testing Tirzepatide on Reproductive Function and Metabolic Health in Women With PCOS Who Are Overweight or Obese,PHASE4,RECRUITING,INTERVENTIONAL,198,University of Bonn,OTHER,Polycystic Ovary Syndrome (PCOS)|Obesity & Overweight,Tirzepatide as an adjunct to lifestyle intervention|Placebo as an adjunct to lifestyle intervention,no,2025-12-09,2028-12,tirzepatide,tirzepatide,tirzepatide,no
NCT07349641,A Study of Weight Loss Intervention With Tirzepatide and Progestin Intrauterine Device to Treat Endometrial Hyperplasia and Grade 1 Endometrial Cancer,PHASE2,NOT_YET_RECRUITING,INTERVENTIONAL,55,National Cancer Institute (NCI),NIH,Endometrial Atypical Hyperplasia/Endometrioid Intraepithelial Neoplasia|FIGO Grade 1 Endometrial Endometrioid Adenocarcinoma,Medical Device Usage and Evaluation|Tirzepatide,no,2026-11-01,2029-10-31,tirzepatide,tirzepatide,tirzepatide,no
NCT07630454,Tirzepatide on Atrial Fibrillation Recurrence After Catheter Ablation in Patients With Obesity and HFpEF,PHASE4,NOT_YET_RECRUITING,INTERVENTIONAL,602,Yunlong Wang,OTHER,Atrial Fibrillation|Heart Failure With Preserved Ejection Fraction (HFpEF)|Tirzepatide,Tirzepatide|Structured Lifestyle Intervention,no,2026-08-01,2029-08-01,tirzepatide,tirzepatide,tirzepatide,no
NCT06914895,A Study of Tirzepatide (LY3298176) Compared With Placebo in Adults With Type 1 Diabetes and Obesity or Overweight,PHASE3,ACTIVE_NOT_RECRUITING,INTERVENTIONAL,905,Eli Lilly and Company,INDUSTRY,Type 1 Diabetes|Obesity|Overweight,Tirzepatide|Placebo,no,2025-04-25,2026-11,tirzepatide,tirzepatide,tirzepatide,no
NCT06326060,A Research Study Comparing How Well Different Doses of the Medicine NN0519-0130 Help People With Excess Body Weight Lose Weight,PHASE2,COMPLETED,INTERVENTIONAL,354,Novo Nordisk A/S,INDUSTRY,Obesity,NNC0519-0130|Placebo|Tirzepatide,no,2024-03-18,2025-04-10,NNC0519-0130;tirzepatide,amycretin,NNC0519-0130,yes
NCT06994338,Tirzepatide for Alcohol Use Disorder,PHASE2,RECRUITING,INTERVENTIONAL,42,University of Southern California,OTHER,Alcohol Use Disorder|Obesity and Overweight|Alcohol,Tirzepatide|Placebo injections,no,2025-10-06,2026-08-31,tirzepatide,tirzepatide,tirzepatide,no
NCT07299084,A Study to Evaluate the Effect of Fasting Duration and Tirzepatide Withholding on the Amount of Food and Fluid in the Stomach in Participants With Type 2 Diabetes Mellitus and Participants With Overweight or Obesity Without Type 2 Diabetes Mellitus,PHASE1,ACTIVE_NOT_RECRUITING,INTERVENTIONAL,40,Eli Lilly and Company,INDUSTRY,"Diabetes Mellitus, Type 2|Overweight|Obesity",Tirzepatide,no,2026-01-14,2026-11,tirzepatide,tirzepatide,tirzepatide,no
NCT06373146,A Study of Tirzepatide (LY3298176) Plus Mibavademab Compared With Tirzepatide Alone in Adult Participants With Obesity,PHASE2,COMPLETED,INTERVENTIONAL,392,Eli Lilly and Company,INDUSTRY,Obesity,Tirzepatide|Mibavademab|Tirzepatide-Placebo|Mibavademab-Placebo,no,2024-04-24,2025-12-15,tirzepatide,tirzepatide,tirzepatide,no
NCT05822544,"Phase 1/1b Study of TLC-6740 in Healthy Subjects and Subjects With Obesity, With or Without Diabetes",PHASE1,ACTIVE_NOT_RECRUITING,INTERVENTIONAL,564,"OrsoBio, Inc",INDUSTRY,Healthy Subjects|Obesity|Type 2 Diabetes,TLC-6740 Oral Solution|Placebo Oral Solution|TLC-6740 Tablet|Drug Metabolizing Enzyme|Tirzepatide|Placebo Tablet,no,2023-04-22,2026-09,tirzepatide,tirzepatide,tirzepatide,no
NCT07176663,Efficacy and Safety of Tirzepatide (Spartina) in Chronic Kidney Failure,NA,NOT_YET_RECRUITING,INTERVENTIONAL,15,Shahid Beheshti University of Medical Sciences,OTHER,Obesity,Tirzepatide,no,2026-02-01,2026-04-01,tirzepatide,tirzepatide,tirzepatide,no
NCT07094568,Tirzepatide vs Liraglutide in Bone,NA,RECRUITING,OBSERVATIONAL,72,National and Kapodistrian University of Athens,OTHER,Obesity (Disorder),,no,2025-05-23,2026-12-30,tirzepatide;liraglutide,tirzepatide,tirzepatide,yes
NCT04537923,A Study of Tirzepatide (LY3298176) Versus Insulin Lispro (U100) in Participants With Type 2 Diabetes Inadequately Controlled on Insulin Glargine (U100) With or Without Metformin,PHASE3,COMPLETED,INTERVENTIONAL,1428,Eli Lilly and Company,INDUSTRY,Type 2 Diabetes,Tirzepatide|Insulin Lispro (U100),yes,2020-10-19,2022-10-11,tirzepatide,tirzepatide,tirzepatide,no
NCT05556512,A Study of Tirzepatide (LY3298176) on the Reduction on Morbidity and Mortality in Adults With Obesity,PHASE3,ACTIVE_NOT_RECRUITING,INTERVENTIONAL,15374,Eli Lilly and Company,INDUSTRY,Obesity|Overweight,Tirzepatide|Placebo,no,2022-10-11,2027-10,tirzepatide,tirzepatide,tirzepatide,no
NCT07671391,"A Randomized, Double-blind, Placebo-controlled Study Evaluating the Effect of LAE102 Injection in Combination With Tirzepatide on Body in Obese Participants",PHASE2,NOT_YET_RECRUITING,INTERVENTIONAL,60,Shanghai Zhongshan Hospital,OTHER,Obesity Adult Onset,"LAE102 +Tirzepatide|LAE102 placebo,+Tirzepatide",no,2026-08,2027-07,tirzepatide,tirzepatide,tirzepatide,no
NCT06603571,"A Study to Investigate Weight Management With LY3841136 and Tirzepatide (LY3298176), Alone or in Combination, in Adult Participants With Obesity or Overweight With Type 2 Diabetes",PHASE2,ACTIVE_NOT_RECRUITING,INTERVENTIONAL,367,Eli Lilly and Company,INDUSTRY,Obesity|Overweight,LY3841136|Tirzepatide|Placebo,no,2024-09-20,2026-07-01,tirzepatide,tirzepatide,tirzepatide,no
NCT06861439,GLP-1s to Enhance Lasting Optimal Weight,PHASE4,ACTIVE_NOT_RECRUITING,INTERVENTIONAL,40,Wake Forest University Health Sciences,OTHER,Obesity,Tirzepatide,no,2025-07-07,2026-09-30,tirzepatide,tirzepatide,tirzepatide,no
NCT06445075,Efficacy and Safety of Apitegromab for the Treatment of Adults Who Are Overweight or Obese,PHASE2,COMPLETED,INTERVENTIONAL,102,"Scholar Rock, Inc.",INDUSTRY,Overweight and Obesity,Apitegromab|Placebo|Tirzepatide,no,2024-05-21,2025-03-04,tirzepatide,tirzepatide,tirzepatide,no
NCT04311424,Study of Tirzepatide in Healthy Participants,PHASE1,COMPLETED,INTERVENTIONAL,6,Eli Lilly and Company,INDUSTRY,Healthy,14C Tirzepatide,yes,2020-07-28,2020-10-02,tirzepatide,tirzepatide,tirzepatide,no
NCT07715929,Effect of Tirzepatide on Recurrence of Atrial Fibrillation After Catheter Ablation in Obese Patients,PHASE4,NOT_YET_RECRUITING,INTERVENTIONAL,710,Yunlong Wang,OTHER,Atrial Fibrillation|Obesity & Overweight|Catheter Ablation,Tirzepatide|Structured Lifestyle Intervention,no,2026-09-01,2029-09-01,tirzepatide,tirzepatide,tirzepatide,no
NCT05978713,A Study of Tirzepatide (LY3298176) in Healthy Lactating Females,PHASE1,COMPLETED,INTERVENTIONAL,11,Eli Lilly and Company,INDUSTRY,Healthy,Tirzepatide,yes,2023-07-31,2024-03-12,tirzepatide,tirzepatide,tirzepatide,no
NCT07782359,Impact of Using a GLP1 on Treatment Related Side Effects of Lung Cancer Patients Receiving Lorlatinib,PHASE1,NOT_YET_RECRUITING,INTERVENTIONAL,30,University of Chicago,OTHER,Lung Cancer,Tirzepatide,no,2026-10,2030-06,tirzepatide,tirzepatide,tirzepatide,no
NCT06918405,Efficacy and Safety of Tirzepatide for Weight Management,PHASE3,ACTIVE_NOT_RECRUITING,INTERVENTIONAL,440,Chittagong Medical College,OTHER,Obesity and Obesity-related Medical Conditions,Tirzepatide,no,2025-01-01,2026-06-30,tirzepatide,tirzepatide,tirzepatide,no
NCT06643728,"A Study to Investigate Weight Management With Bimagrumab (LY3985863) and Tirzepatide (LY3298176), Alone or in Combination, in Adults With Obesity or Overweight",PHASE2,ACTIVE_NOT_RECRUITING,INTERVENTIONAL,252,Eli Lilly and Company,INDUSTRY,Obesity|Overweight,Bimagrumab|Tirzepatide|Bimagrumab Placebo|Tirzepatide Placebo,no,2024-10-21,2026-01-16,tirzepatide,tirzepatide,tirzepatide,no
NCT07292519,Tirzepatide Combined With Cognitive-Behavioural Therapy (CBT) for Adults With Alcohol Use Disorder (AUD) and Overweight/Obesity (OOB),PHASE2,NOT_YET_RECRUITING,INTERVENTIONAL,46,South West Sydney Local Health District,OTHER,Alcohol Use Disorder (AUD)|Overweight or Obese|Comorbidities and Coexisting Conditions,Tirzepatide|Take Control CBT Module|Placebo,no,2026-01-15,2027-05-15,tirzepatide,tirzepatide,tirzepatide,no
NCT06191848,Subcutaneous Tirzepatide Once-weekly in Patients With Obesity and Knee Osteoarthritis (STOP KNEE-OA),PHASE4,RECRUITING,INTERVENTIONAL,352,University of Melbourne,OTHER,"Obesity|Knee Osteoarthritis|Osteoarthritis, Knee",Tirzepatide|Placebo,no,2024-11-19,2027-05,tirzepatide,tirzepatide,tirzepatide,no
NCT06901349,"A Study of Bimagrumab (LY3985863) and Tirzepatide (LY3298176), Alone or in Combination, in Participants With Obesity or Overweight With Type 2 Diabetes",PHASE2,WITHDRAWN,INTERVENTIONAL,0,Eli Lilly and Company,INDUSTRY,Obesity|Overweight,Bimagrumab|Tirzepatide|Bimagrumab Placebo|Tirzepatide Placebo,no,2025-05-23,2025-06-10,tirzepatide,tirzepatide,tirzepatide,no
NCT03954834,A Study of Tirzepatide (LY3298176) in Participants With Type 2 Diabetes Not Controlled With Diet and Exercise Alone,PHASE3,COMPLETED,INTERVENTIONAL,478,Eli Lilly and Company,INDUSTRY,Type 2 Diabetes Mellitus,Tirzepatide|Placebo,yes,2019-06-03,2020-10-05,tirzepatide,tirzepatide,tirzepatide,no
NCT07796477,A Study of SYH2069 Injection in Participants With T2DM Not Controlled With Diet/Exercise Alone or Metformin,PHASE2,NOT_YET_RECRUITING,INTERVENTIONAL,240,"CSPC Ouyi Pharmaceutical Co., Ltd.",INDUSTRY,T2DM (Type 2 Diabetes Mellitus),SYH2069 Injection (group 1)|SYH2069 Injection (group 2)|SYH2069 Injection (group 3)|SYH2069 Injection (group 4)|SYH2069 Injection placebo|Tirzepatide Injection 15mg,no,2026-11-06,2027-09-28,tirzepatide,tirzepatide,tirzepatide,no
NCT07622992,"Preoperative Optimization With Tirzepatide, Ketogenic Diet, or Standard Care Before One Anastomosis Gastric Bypass Surgery",NA,NOT_YET_RECRUITING,OBSERVATIONAL,96,Mario Musella MD,OTHER,Obesity (BMI > 35) and Diabetes Mellitus|Obesity (BMI > 35) and Dyslipemia|Obesity (BMI > 35) and High Blood Pressure,,no,2026-07-01,2029-07-01,tirzepatide,tirzepatide,tirzepatide,no
NCT06345066,A Study of LY3841136 in Overweight and Obese Participants,PHASE1,COMPLETED,INTERVENTIONAL,96,Eli Lilly and Company,INDUSTRY,Obesity|Overweight,Tirzepatide|LY3841136|Placebo,no,2024-04-03,2025-09-29,tirzepatide,tirzepatide,tirzepatide,no
NCT07443956,Combination of Biologic and Anti-obesity Therapies in Psoriatic Arthritis,NA,RECRUITING,INTERVENTIONAL,45,NHS Greater Glasgow and Clyde,OTHER,Psoriatic Arthritis (PsA)|Obesity & Overweight,Ixekizumab|Tirzepatide,no,2026-03-09,2028-02,tirzepatide,tirzepatide,tirzepatide,no
NCT06635057,A Study of Tirzepatide (LY3298176) in Participants With Type 2 Diabetes During Ramadan,PHASE4,COMPLETED,INTERVENTIONAL,166,Eli Lilly and Company,INDUSTRY,Type 2 Diabetes,Tirzepatide,no,2024-10-11,2026-04-15,tirzepatide,tirzepatide,tirzepatide,no
NCT04050670,A Study of Tirzepatide at Different Injection Sites in Participants With Different Body Sizes,PHASE1,COMPLETED,INTERVENTIONAL,54,Eli Lilly and Company,INDUSTRY,Healthy,Tirzepatide,yes,2019-09-13,2020-04-03,tirzepatide,tirzepatide,tirzepatide,no
NCT07567378,"CARTIZ Registry: Cartilage, Arthropathy and Imaging Under Tirzepatide in Zone-stratified Cohorts - A Four-Institute Mexican Observational Registry",NA,NOT_YET_RECRUITING,OBSERVATIONAL,30,JULIO GRANADOS MONTIEL,OTHER,Psoriatic Arthritis|Osteoarthitis|Knee|Diabetes (DM)|Type 2 Diabetes Mellitus (T2DM)|Obesity (Disorder)|Insulin Resistance Syndrome|Metabolic Syndrome|Heart Failure|Preserved Ejection Fraction|Coronary Artery Disease|Atrial Fibrillation (AF)|Non Alcholic Fatty Liver Disease|Sarcopenia|Pericardium,Tirzepatide,no,2026-05,2027-11,tirzepatide,tirzepatide,tirzepatide,no
NCT05706506,A Study of Tirzepatide (LY3298176) in Adults With Type 2 Diabetes Switching From a GLP-1 RA (SURPASS-SWITCH-2),PHASE4,COMPLETED,INTERVENTIONAL,152,Eli Lilly and Company,INDUSTRY,"Type 2 Diabetes|Diabetes Mellitus, Type 2",Tirzepatide,yes,2023-03-08,2023-10-31,tirzepatide,tirzepatide,tirzepatide,no
NCT07685834,Evaluation of Facial and Neck Skin Laxity With SofWave Treatment in Adults Initiating Tirzepatide for Weight Loss,NA,ACTIVE_NOT_RECRUITING,INTERVENTIONAL,30,Sofwave Medical LTD,INDUSTRY,Lax Skin,SUPERB,no,2026-02-27,2027-03-01,tirzepatide,tirzepatide,tirzepatide,no
NCT06774079,Glucagon-like Peptide-1 Receptor Agonist (GLP-1 RA) and Diet in Inflammatory Bowel Disease (IBD) Patients,PHASE4,RECRUITING,INTERVENTIONAL,24,University of Miami,OTHER,Crohn Disease,Tirzepatide|Mediterranean diet,no,2025-03-05,2027-03-05,tirzepatide,tirzepatide,tirzepatide,no
NCT07554638,Incretin Therapies in Obesity-related HFpEF,PHASE4,RECRUITING,INTERVENTIONAL,50,Columbia University,OTHER,"Heart Failure, Diastolic|Heart Failure With Preserved Ejection Fraction|Obesity",Tirzepatide,no,2026-08-07,2029-04,tirzepatide,tirzepatide,tirzepatide,no
NCT07609160,"Effectiveness of Combined GLP-1/GIP Dual Agonist Therapy and Structured Exercise on Skeletal Muscle Morphology, Quality, and Physical Function in Overweight and Obese Individuals",NA,NOT_YET_RECRUITING,INTERVENTIONAL,108,Acibadem University,OTHER,Obesity|Sarcopenia|Overweight (Without Type 2 Diabetes) With Weight-related Comorbidities,Resistance exercise|Lifestyle recommendations,no,2026-11-01,2027-11-30,tirzepatide,tirzepatide,tirzepatide,no
NCT07738276,"Evaluation of the Efficacy and Safety of Tirzepatide, a Dual GLP-1/GIP Agonist, on Functional Capacity in Reduced Ejection Fraction Heart Failure Patients With Obesity",PHASE3,NOT_YET_RECRUITING,INTERVENTIONAL,60,Shahid Beheshti University of Medical Sciences,OTHER,Heart Failure and Reduced Ejection Fraction|Obesity & Overweight|Tirzepatide,Tirzepatide|Placebo,no,2026-07-18,2027-06-11,tirzepatide,tirzepatide,tirzepatide,no
NCT07559500,Tirzepatide s Dopaminergic Effects in Alcohol Use Disorders (AUD),PHASE1,RECRUITING,INTERVENTIONAL,176,National Institute on Alcohol Abuse and Alcoholism (NIAAA),NIH,Alcohol Use Disorder (AUD),Tirzepatide|Placebo|[11C]raclopride plus drug|[11C]NNC-112,no,2026-05-20,2031-12-31,tirzepatide,tirzepatide,tirzepatide,no
NCT07000955,Tolerance and Pharmacokinetic/Pharmacokinetic Study of IBI362 15mg in Patients With Moderate to Severe Obesity,PHASE1|PHASE2,ACTIVE_NOT_RECRUITING,INTERVENTIONAL,98,Innovent Biologics (Suzhou) Co. Ltd.,INDUSTRY,Obesity,Tirzepatide|Placebo|IBI362,no,2025-06-17,2026-09-30,mazdutide;tirzepatide,mazdutide,mazdutide,yes
NCT07078838,Tirzepatide in Women With Obesity and Endometrial Intra-epithelial Neoplasia or Grade 1 Endometrial Cancer,PHASE2,NOT_YET_RECRUITING,INTERVENTIONAL,40,UNC Lineberger Comprehensive Cancer Center,OTHER,Endometrial Cancer|Endometrial Intraepithelial Neoplasia|Grade 1 Endometrial Endometrioid Carcinoma,Tirzepatide,no,2026-08,2029-03,tirzepatide,tirzepatide,tirzepatide,no
NCT03861039,A Long-term Safety Study of Tirzepatide (LY3298176) in Participants With Type 2 Diabetes,PHASE3,COMPLETED,INTERVENTIONAL,443,Eli Lilly and Company,INDUSTRY,Type 2 Diabetes Mellitus,Tirzepatide|Oral antihyperglycemic medication (OAM),yes,2019-03-30,2021-01-26,tirzepatide,tirzepatide,tirzepatide,no
NCT07747805,GLP-1 Agonists for Lung Function Improvement and Muscle Restoration in COPD,PHASE2,NOT_YET_RECRUITING,INTERVENTIONAL,30,The Cleveland Clinic,OTHER,COPD|Obesity & Overweight|Sarcopenia,Tirzepatide,no,2026-08-28,2028-08-15,tirzepatide,tirzepatide,tirzepatide,no
NCT03482024,A Study of Tirzepatide (LY3298176) in Participants With Impaired Kidney Function,PHASE1,COMPLETED,INTERVENTIONAL,45,Eli Lilly and Company,INDUSTRY,Renal Insufficiency|End Stage Renal Disease,Tirzepatide,yes,2018-03-30,2019-08-19,tirzepatide,tirzepatide,tirzepatide,no
NCT06857942,A Study to Investigate the Effectiveness of Tirzepatide (LY3298176) Following Initiation of Ixekizumab (LY2439821) in Participants With Moderate-to-Severe Plaque PsO and Obesity or Overweight in Clinical Practice (TOGETHER AMPLIFY-PsO),PHASE4,RECRUITING,INTERVENTIONAL,200,Eli Lilly and Company,INDUSTRY,Psoriasis|Overweight or Obesity,Tirzepatide,no,2025-03-19,2028-05,tirzepatide,tirzepatide,tirzepatide,no
NCT03882970,A Study of Tirzepatide (LY3298176) Versus Insulin Degludec in Participants With Type 2 Diabetes,PHASE3,COMPLETED,INTERVENTIONAL,1444,Eli Lilly and Company,INDUSTRY,Type 2 Diabetes Mellitus,Tirzepatide|Insulin Degludec,yes,2019-04-01,2020-12-11,tirzepatide,tirzepatide,tirzepatide,no
NCT07203677,Comparative Effectiveness of Tirzepatide Versus Sitagliptin in Individuals at Cardiovascular Risk (TIRZSITA-CVOT),NA,COMPLETED,OBSERVATIONAL,49065,Brigham and Women's Hospital,OTHER,Type2 Diabetes Mellitus|Atherosclerotic Cardiovascular Disease,Initiation of tirzepatide|Initiation of sitagliptin,no,2025-09-19,2025-10-15,tirzepatide,tirzepatide,tirzepatide,no
NCT06727331,Study of Tirzepatide for Recovery and Alcohol Use Management,PHASE2,RECRUITING,INTERVENTIONAL,20,Brigham and Women's Hospital,OTHER,Alcohol Use Disorder (AUD),Tirzepatide|Saline Placebo,no,2025-09-15,2027-03-01,tirzepatide,tirzepatide,tirzepatide,no
NCT07671248,Tirzepatide in the Treatment of Cannabis Use Disorder,PHASE3,NOT_YET_RECRUITING,INTERVENTIONAL,15,McMaster University,OTHER,"Cannabis Use Disorder, Moderate|Cannabis Use Disorder, Severe",Tirzepatide,no,2026-08-01,2028-07-31,tirzepatide,tirzepatide,tirzepatide,no
NCT06914154,Emulation of the SUMMIT Heart Failure Trial in Healthcare Claims Data,NA,COMPLETED,OBSERVATIONAL,11265,Brigham and Women's Hospital,OTHER,"Diabetes Mellitus, Type 2|Heart Failure With Preserved Ejection Fraction (HFPEF)",Tirzepatide|Placebo,no,2025-01-14,2025-06-01,tirzepatide,tirzepatide,tirzepatide,no
NCT07065552,Tirzepatide in Obesity-Driven Endometrial Cancer,EARLY_PHASE1,RECRUITING,INTERVENTIONAL,20,UNC Lineberger Comprehensive Cancer Center,OTHER,Endometrial Cancer|Obesity,Tirzepatide,no,2026-04-27,2028-07,tirzepatide,tirzepatide,tirzepatide,no
NCT04407234,A Study to Measure Stomach Emptying in Overweight Non-diabetic and Diabetic Participants Using Tirzepatide,PHASE1,COMPLETED,INTERVENTIONAL,36,Eli Lilly and Company,INDUSTRY,"Overweight|Obesity|Diabetes Mellitus, Type 2",Tirzepatide|Acetaminophen,yes,2020-09-15,2021-01-07,tirzepatide,tirzepatide,tirzepatide,no
NCT07707778,Tirzepatide's Effects on Epigenetic Aging and Metabolic Restoration in Virally Suppressed People With HIV,PHASE4,ENROLLING_BY_INVITATION,INTERVENTIONAL,60,National Taiwan University Clinical Trial Center,OTHER,Human Immunodeficiency Virus (HIV)|Metabolic Dysfunction Associated Steatotic Liver Disease|Dyslipidaemia|Diabetes Mellitus|Obesity & Overweight|Metabolic Syndrome,Tirzepatide,no,2026-06-25,2027-12,tirzepatide,tirzepatide,tirzepatide,no
NCT07468552,Trial of Tirzepatide for the Treatment of Cannabis Use Disorder,PHASE2,NOT_YET_RECRUITING,INTERVENTIONAL,100,National Institute on Drug Abuse (NIDA),NIH,Cannabis Use Disorder,Tirzepatide|Placebo,no,2026-11-15,2028-03-15,tirzepatide,tirzepatide,tirzepatide,no
NCT06651177,Evaluation of Tirzepatide as an Adjunct to Buprenorphine for the Treatment of Opioid Use Disorder,PHASE2,RECRUITING,INTERVENTIONAL,310,"T. John Winhusen, PhD",OTHER,"Opioid Use Disorder|Opioid Use Disorder, Moderate|Opioid Use Disorder, Severe",Tirzepatide|Placebo,no,2026-01-29,2027-09-30,tirzepatide,tirzepatide,tirzepatide,no
NCT07734792,Tirzepatide in Thrombectomy-Treated Acute Ischemic Stroke: A Randomized Trial,PHASE2|PHASE3,NOT_YET_RECRUITING,INTERVENTIONAL,430,yifang zhu,OTHER,Acute Ischemic Stroke (AIS),Tirzepatide|Standard Medical Care (SMC),no,2026-08-10,2028-05-31,tirzepatide,tirzepatide,tirzepatide,no
NCT06934642,Effect of Tirzepatide on Markers of MASLD in Patients With Obesity,EARLY_PHASE1,RECRUITING,INTERVENTIONAL,8,University of New Mexico,OTHER,MASLD|Obesity,Tirzepatide,no,2025-06-30,2026-10,tirzepatide,tirzepatide,tirzepatide,no
NCT03940742,A Study of Tirzepatide in Participants With Impaired Liver Function,PHASE1,COMPLETED,INTERVENTIONAL,32,Eli Lilly and Company,INDUSTRY,Hepatic Insufficiency,Tirzepatide,yes,2019-07-22,2020-09-22,tirzepatide,tirzepatide,tirzepatide,no
NCT07574723,Tirzepatide Titration to Reduce Side Effects in Individuals With Obesity,NA,RECRUITING,INTERVENTIONAL,68,Dasman Diabetes Institute,OTHER,Obesity,Tirzepatide (Per-label titration)|Tirzepatide (Flexible titration),no,2026-05-15,2029-05-15,tirzepatide,tirzepatide,tirzepatide,no
NCT05933499,"Effect of Tirzepatide and Bimagrumab on Body Composition, Insulin Sensitivity, and Bone in Adults With Obesity",PHASE2,RECRUITING,INTERVENTIONAL,63,Massachusetts General Hospital,OTHER,Obesity,Bimagrumab|Tirzepatide|Calcium/Vitamin D|Lifestyle and nutrition counseling,no,2025-11-05,2028-12-31,tirzepatide,tirzepatide,tirzepatide,no
NCT05433584,A Study of Tirzepatide Compared With Intensified Conventional Care in Adult Participants With Type 2 Diabetes,PHASE4,ACTIVE_NOT_RECRUITING,INTERVENTIONAL,780,Eli Lilly and Company,INDUSTRY,Type 2 Diabetes,Tirzepatide|Antihyperglycemic medication,no,2022-08-01,2025-10-21,tirzepatide,tirzepatide,tirzepatide,no
NCT07265752,Tirzepatide for the Treatment of Cannabis Use Disorder,PHASE2,NOT_YET_RECRUITING,INTERVENTIONAL,6,Brigham and Women's Hospital,OTHER,Cannabis Use Disorder,Tirzepatide|Placebo,no,2026-07-01,2028-06-30,tirzepatide,tirzepatide,tirzepatide,no
NCT05553093,Effects of Tirzepatide and Insulin Glargine on Glucolipid Metabolism and Brain Function in Patients With Type 2 Diabetes,PHASE4,RECRUITING,INTERVENTIONAL,150,"Nanjing First Hospital, Nanjing Medical University",OTHER,Type 2 Diabetes Mellitus,Tirzepatide|Insulin Glargine,no,2022-03-15,2023-12-31,tirzepatide,tirzepatide,tirzepatide,no
NCT07154719,GLP-1R Actions on Muscle and the Skeleton,PHASE4,RECRUITING,INTERVENTIONAL,50,Pennington Biomedical Research Center,OTHER,Musculoskeletal Abnormalities|Obesity|Sarcopenic Obesity|Osteoporosis|Drug Effect,Tirzepatide|Lifestyle toolkit,no,2025-10-09,2027-02-01,tirzepatide,tirzepatide,tirzepatide,no
NCT04039503,A Study of Tirzepatide (LY3298176) Versus Placebo in Participants With Type 2 Diabetes Inadequately Controlled on Insulin Glargine With or Without Metformin,PHASE3,COMPLETED,INTERVENTIONAL,475,Eli Lilly and Company,INDUSTRY,Type 2 Diabetes,Tirzepatide|Placebo,yes,2019-08-30,2020-12-22,tirzepatide,tirzepatide,tirzepatide,no
NCT07364175,A Trial Within Cohort Feasibility Study Design Comparing Standard of Care Versus Weight Loss (Achieved Through Tirzepatide) for Obesity-related Hypertension in Young Adults,NA,RECRUITING,INTERVENTIONAL,60,Cambridge University Hospitals NHS Foundation Trust,OTHER,Hypertension|Obesity & Overweight,Tirzepatide|Anti-Hypertensive medications,no,2026-01,2027-01,tirzepatide,tirzepatide,tirzepatide,no
NCT04847557,A Study of Tirzepatide (LY3298176) in Participants With Heart Failure With Preserved Ejection Fraction (HFpEF) and Obesity: The SUMMIT Trial,PHASE3,COMPLETED,INTERVENTIONAL,731,Eli Lilly and Company,INDUSTRY,Obesity|Heart Failure With Preserved Ejection Fraction (HFpEF),Tirzepatide|Placebo,yes,2021-04-20,2024-07-02,tirzepatide,tirzepatide,tirzepatide,no
NCT06075667,A Study of Tirzepatide (LY3298176) Once Weekly in Adolescent Participants Who Have Obesity or Overweight With Weight-Related Comorbidities,PHASE3,ACTIVE_NOT_RECRUITING,INTERVENTIONAL,160,Eli Lilly and Company,INDUSTRY,Obesity|Overweight,Tirzepatide|Placebo,no,2023-10-16,2026-06-02,tirzepatide,tirzepatide,tirzepatide,no
NCT06180616,Tirzepatide for the Treatment of Concurrent Type 1 Diabetes and Overweight or Obesity,PHASE2,NOT_YET_RECRUITING,INTERVENTIONAL,40,Royal North Shore Hospital,OTHER,Type 1 Diabetes Mellitus|Overweight and Obesity,Tirzepatide,no,2026-12,2028-12,tirzepatide,tirzepatide,tirzepatide,no
NCT07504172,Real-world Effectiveness and Dosing Patterns of Tirzepatide in People With Obesity,NA,NOT_YET_RECRUITING,OBSERVATIONAL,1700,Radboud University Medical Center,OTHER,"Overweight , Obesity|Obesity (Disorder)",Tirzepatide,no,2026-04-01,2026-07-01,tirzepatide,tirzepatide,tirzepatide,no
NCT06737042,Efficacy and Safety of GZR18 Every 2 Weeks Versus Tirzepatide and Placebo in Obese or Overweight Participants,PHASE2,COMPLETED,INTERVENTIONAL,326,"Gan and Lee Pharmaceuticals, USA",INDUSTRY,Obesity and Overweight,GZR18|Tirzepatide,no,2025-02-24,2026-02-27,tirzepatide,tirzepatide,tirzepatide,no
NCT06732245,Safety and Efficacy of NA-931 and Tirzepatide in Adults Who Are Overweight or Obese,PHASE2,NOT_YET_RECRUITING,INTERVENTIONAL,224,"Biomed Industries, Inc.",INDUSTRY,Obesity and Overweight,NA-931|Tirzepatide|Tirzepatide|NA-931|NA-931|NA-931|NA-931 150 mg + no Tirzepatide|NA-931|NA-931,no,2026-08-15,2027-08-15,tirzepatide,tirzepatide,tirzepatide,no
NCT06301256,Evaluate the Efficacy of TIRZEPATIDE for the Treatment of Moderate to Severe HS Hidradenitis Suppurativa,NA,UNKNOWN,INTERVENTIONAL,20,"Florida Academic Centers Research and Education, LLC",INDUSTRY,Hidradenitis Suppurativa,TIRZEPATIDE,no,2024-03-11,2025-03-11,tirzepatide,tirzepatide,tirzepatide,no
NCT06162715,GLP-1 Receptor Agonists Post-Bariatric Surgery (GRABS) Pilot Trial,PHASE2|PHASE3,ACTIVE_NOT_RECRUITING,INTERVENTIONAL,30,Vanderbilt University Medical Center,OTHER,Severe Obesity|Obesity|BMI Greater Than 30,Tirzepatide|Standard of Care post-gastric bypass,no,2024-10-30,2027-01-01,tirzepatide,tirzepatide,tirzepatide,no
NCT06630585,GIP/GLP-1RA as Adjunctive to Automated Insulin Delivery in Adults With Type 1 Diabetes,PHASE3,RECRUITING,INTERVENTIONAL,42,University of Bern,OTHER,Type 1 Diabetes (T1D),Tirzepatide,no,2025-02-14,2026-06,tirzepatide,tirzepatide,tirzepatide,no
NCT07095517,"Pathways, Risk Factors, and mOleculeS to Prevent Early-onset Colorectal Tumors",PHASE1,RECRUITING,INTERVENTIONAL,20,Massachusetts General Hospital,OTHER,Colorectal Cancer Prevention|Colorectal Adenoma,Tirzepatide,no,2026-02-24,2027-03-31,tirzepatide,tirzepatide,tirzepatide,no
NCT07382024,Tirzepatide to Reduce rEcurrence And Burden After Ablation of Atrial Fibrillation,NA,NOT_YET_RECRUITING,INTERVENTIONAL,200,National Taiwan University Hospital,OTHER,Atrial Fibrillation Ablation|Persistent Atrial Fibrillation|Obesity & Overweight,Tirzepatide|Standard Care (in control arm),no,2026-06-16,2027-12-31,tirzepatide,tirzepatide,tirzepatide,no
NCT07734870,Tirzepatide for Treatment of CCCA,PHASE2,NOT_YET_RECRUITING,INTERVENTIONAL,20,Johns Hopkins University,OTHER,Central Centrifugal Cicatricial Alopecia (CCCA),Tirzepatide,no,2026-09-15,2028-05-25,tirzepatide,tirzepatide,tirzepatide,no
NCT04235959,A Study of Tirzepatide in Chinese Participants With Type 2 Diabetes Mellitus,PHASE1,COMPLETED,INTERVENTIONAL,24,Eli Lilly and Company,INDUSTRY,"Diabetes Mellitus, Type 2",Tirzepatide|Placebo,yes,2020-10-21,2021-08-17,tirzepatide,tirzepatide,tirzepatide,no
NCT06588283,Ixekizumab Concomitantly Administered With Tirzepatide in Adults With Moderate-to-Severe Plaque Psoriasis and Obesity or Overweight,PHASE3,COMPLETED,INTERVENTIONAL,281,Eli Lilly and Company,INDUSTRY,Psoriasis|Obesity,Ixekizumab|Tirzepatide,no,2024-09-30,2026-01-08,tirzepatide,tirzepatide,tirzepatide,no
NCT06820281,Acute Metabolic Effects of Tirzepatide in Type 1 Diabetes,PHASE2,RECRUITING,INTERVENTIONAL,44,Victor Chang Cardiac Research Institute,OTHER_GOV,Type 1 Diabetes Mellitus,Tirzepatide 2.5mg weekly|Placebo injection (normal saline),no,2026-07-07,2027-12-31,tirzepatide,tirzepatide,tirzepatide,no
NCT04184622,A Study of Tirzepatide (LY3298176) in Participants With Obesity or Overweight,PHASE3,COMPLETED,INTERVENTIONAL,2539,Eli Lilly and Company,INDUSTRY,Overweight|Obesity,Tirzepatide|Placebo,yes,2019-12-04,2022-04-01,tirzepatide,tirzepatide,tirzepatide,no
NCT05412004,Obstructive Sleep Apnea Master Protocol GPIF: A Study of Tirzepatide (LY3298176) in Participants With Obstructive Sleep Apnea,PHASE3,COMPLETED,INTERVENTIONAL,469,Eli Lilly and Company,INDUSTRY,Obstructive Sleep Apnea|Obesity,Tirzepatide|Placebo,yes,2022-06-21,2024-03-12,tirzepatide,tirzepatide,tirzepatide,no
NCT07803744,A Study of Tirzepatide (LY3298176) in Participants With Type 1 Diabetes Mellitus and Overweight or Obesity,PHASE1,NOT_YET_RECRUITING,INTERVENTIONAL,18,Eli Lilly and Company,INDUSTRY,"Diabetes Mellitus, Type 1|Overweight|Obesity",Tirzepatide|Acetaminophen|Placebo,no,2026-09,2026-12,tirzepatide,tirzepatide,tirzepatide,no
NCT07638592,Tirzepatide-Based Prehabilitation Before Elective Ventral and Incisional Hernia Repair in Patients With Obesity,NA,COMPLETED,OBSERVATIONAL,91,Azienda Sanitaria Locale Napoli 2 Nord,OTHER,Obese Adults|Hernia Abdominal Wall|Prehabilitation,Tirzepatide prehabilitation,no,2025-01-01,2026-06-01,tirzepatide,tirzepatide,tirzepatide,no
NCT06890611,A Study of Bimagrumab Alone (LY3985863) and Bimagrumab With Tirzepatide (LY900042) in Healthy Participants,PHASE1,COMPLETED,INTERVENTIONAL,125,Eli Lilly and Company,INDUSTRY,Healthy,Bimagrumab|Tirzepatide|Bimagrumab + Tirzepatide Coformulation,no,2025-03-25,2025-09-26,tirzepatide,tirzepatide,tirzepatide,no
NCT07697391,AI-Assisted Lifestyle Intervention Versus Tirzepatide for Obesity and Newly Diagnosed Type 2 Diabetes,PHASE4,NOT_YET_RECRUITING,INTERVENTIONAL,285,The First Affiliated Hospital of Anhui Medical University,OTHER,"Obesity|Diabetes Mellitus, Type 2",AI-Assisted Intensive Lifestyle Intervention|Tirzepatide|Standard Lifestyle Management,no,2026-07-20,2027-10-31,tirzepatide,tirzepatide,tirzepatide,no
NCT05260021,A Study to Evaluate Tirzepatide (LY3298176) in Pediatric and Adolescent Participants With Type 2 Diabetes Mellitus Inadequately Controlled With Metformin or Basal Insulin or Both,PHASE3,COMPLETED,INTERVENTIONAL,99,Eli Lilly and Company,INDUSTRY,"Type2 Diabetes|Diabetes Mellitus|Diabetes Mellitus, Type 2|T2D|T2DM (Type 2 Diabetes Mellitus)|Glucose Metabolism Disorders|Endocrine System Diseases|Metabolic Disease",Tirzepatide Dose 1|Tirzepatide Dose 2|Placebo,yes,2022-04-13,2024-07-30,tirzepatide,tirzepatide,tirzepatide,no
NCT07706088,Effect of Tirzepatide on Diabetic Peripheral Sensorimotor Neuropathy,PHASE4,NOT_YET_RECRUITING,INTERVENTIONAL,40,"Post Graduate Institute of Medical Education and Research, Chandigarh",OTHER,"Neuropathy, Small Fiber|Diabete Mellitus",Tirzepatide 2.5mg weekly|all standard of care to diabetic patient besides tirzepatide,no,2026-07,2028-07-01,tirzepatide,tirzepatide,tirzepatide,no
NCT06937086,Mirikizumab Administered at the Same Time as Tirzepatide in Adult Participants With Moderately to Severely Active Ulcerative Colitis and Obesity or Overweight: Phase 3b Study,PHASE3,RECRUITING,INTERVENTIONAL,350,Eli Lilly and Company,INDUSTRY,Ulcerative Colitis|Obesity or Overweight,Mirikizumab|Mirikizumab|Tirzepatide|Placebo,no,2025-06-26,2028-04,tirzepatide,tirzepatide,tirzepatide,no
NCT04093752,A Study of Tirzepatide (LY3298176) in Participants With Type 2 Diabetes on Metformin With or Without Sulfonylurea (SURPASS-AP-Combo),PHASE3,COMPLETED,INTERVENTIONAL,917,Eli Lilly and Company,INDUSTRY,Type 2 Diabetes,Tirzepatide|Insulin Glargine,yes,2019-12-09,2021-11-01,tirzepatide,tirzepatide,tirzepatide,no
NCT07602699,Multi-Site Trial of Tirzepatide for Smoking Cessation,PHASE2,RECRUITING,INTERVENTIONAL,300,University of Southern California,OTHER,Smoking Cessation|Smoking Behaviors,Tirzepatide|Placebo,no,2026-06-05,2028-03,tirzepatide,tirzepatide,tirzepatide,no
NCT07398222,Gastric Content in Fasting Volunteers and in Tirzepatide Users: an Observational and Cross-sectional Study,NA,RECRUITING,OBSERVATIONAL,30,Hospital Israelita Albert Einstein,OTHER,Full Stomach Status,Ultrasonographic evaluation of gastric content,no,2026-01-26,2026-03-20,tirzepatide,tirzepatide,tirzepatide,no
NCT07555730,AI-assisted Multi-domain Lifestyle Versus Tirzepatide for Weight Loss Maintenance in Adults With Type 2 Diabetes (AIM-MAINTAIN),PHASE4,NOT_YET_RECRUITING,INTERVENTIONAL,400,Huazhong University of Science and Technology,OTHER,Overweight or Obesity; Type 2 Diabetes|Weight Loss Maintenance,AI assisted multi-domain lifestyle intervention|Tirzepatide,no,2026-04-30,2028-09-30,tirzepatide,tirzepatide,tirzepatide,no
NCT06935838,Effects of Tirzepatide on Weight Loss and Chronic Inflammation in People With HIV,PHASE2,COMPLETED,INTERVENTIONAL,12,University of Hawaii,OTHER,Obesity and Overweight|HIV|Chronic Inflammation,Tirzepatide,no,2025-11-12,2026-06-02,tirzepatide,tirzepatide,tirzepatide,no
NCT07481747,Efficacy and Safety of Tirzepatide Once Weekly Versus Placebo in Participants Who Are Either Obese or Overweight With Weight-Related Comorbidities (SURMOUNT-1),PHASE3,RECRUITING,INTERVENTIONAL,2539,Hudson Biotech,INDUSTRY,Obesity|Overweight (Without Type 2 Diabetes) With Weight-related Comorbidities,Tirzepatide|Placebo|Reduced-calorie diet,no,2026-02-02,2027-02-14,tirzepatide,tirzepatide,tirzepatide,no
NCT06037252,A Study of Investigational Tirzepatide (LY3298176) Doses in Participants With Type 2 Diabetes and Obesity,PHASE2,ACTIVE_NOT_RECRUITING,INTERVENTIONAL,414,Eli Lilly and Company,INDUSTRY,Type 2 Diabetes|Obesity,Tirzepatide|Placebo,no,2023-09-21,2026-01-08,tirzepatide,tirzepatide,tirzepatide,no
NCT05582096,A Study of LY3457263 in Obese Participants,PHASE1,COMPLETED,INTERVENTIONAL,38,Eli Lilly and Company,INDUSTRY,Overweight|Obesity,LY3457263|Tirzepatide|Placebo,no,2022-11-11,2023-06-08,tirzepatide,tirzepatide,tirzepatide,no
NCT06976853,Moving Beyond Inflammation as a Therapeutic Target for Crohn's Disease,PHASE2,RECRUITING,INTERVENTIONAL,60,Washington University School of Medicine,OTHER,Crohn Disease (CD),Tirzepatide|Standard of care treatment,no,2025-05-13,2028-05,tirzepatide,tirzepatide,tirzepatide,no
NCT06047548,A Study of LY3298176 (Tirzepatide) For the Maintenance of Body Weight Reduction in Participants Who Have Obesity or Overweight With Weight-Related Comorbidities,PHASE3,COMPLETED,INTERVENTIONAL,441,Eli Lilly and Company,INDUSTRY,Overweight|Obesity,Tirzepatide|Placebo,no,2023-09-20,2026-01-20,tirzepatide,tirzepatide,tirzepatide,no
NCT07382180,Real-World Tirzepatide Therapy in Post-Bariatric Weight Regain and Preoperative Obesity Patients,NA,COMPLETED,OBSERVATIONAL,254,Azienda Sanitaria Locale Napoli 2 Nord,OTHER,"Obesity & Overweight|Weight Regain|Obesity, Morbid","Tirzepatide is administered as part of routine clinical care for obesity management, according to standard prescribing practices. Dosing and treatment duration are determined by the treating physician",no,2025-02-01,2026-01-18,tirzepatide,tirzepatide,tirzepatide,no
NCT07191873,Tirzepatide in Idiopathic Intracranial Hypertension Trial,PHASE4,RECRUITING,INTERVENTIONAL,60,Duke University,OTHER,Idiopathic Intracranial Hypertension (IIH),Tirzepatide|Tirzepatide Placebo,no,2026-08-25,2027-08,tirzepatide,tirzepatide,tirzepatide,no
NCT07228741,Resistance Exercise and Incretin Mimetic for Cardiometabolic Health in Survivors of ALL With Obesity,PHASE2,RECRUITING,INTERVENTIONAL,20,St. Jude Children's Research Hospital,OTHER,Acute Lymphoblastic Leukemia|Obesity,Tirzepatide|Resistance Exercise|Lifestyle Counseling,no,2026-04-23,2027-11,tirzepatide,tirzepatide,tirzepatide,no
NCT07635953,New Triple Combination Therapy in Newly Diagnosed Type 2 Diabetes,PHASE3,NOT_YET_RECRUITING,INTERVENTIONAL,296,Sun Yat-sen University,OTHER,Diabetes Mellitus,Group A (triple combination intensive therapy group)|Group B (standard therapy group),no,2026-07-01,2029-07-01,tirzepatide,tirzepatide,tirzepatide,no
NCT07438444,A Study of Tirzepatide (LY3298176) in Adult Participants in India With Either Type 2 Diabetes Mellitus or Obesity,PHASE4,ACTIVE_NOT_RECRUITING,INTERVENTIONAL,344,Eli Lilly and Company,INDUSTRY,"Diabetes Mellitus, Type 2|Obesity|Overweight",Tirzepatide,no,2026-02-27,2027-07,tirzepatide,tirzepatide,tirzepatide,no
NCT04172987,A Study of the Effect of Tirzepatide on How the Body Handles Birth Control Pills in Healthy Female Participants,PHASE1,COMPLETED,INTERVENTIONAL,40,Eli Lilly and Company,INDUSTRY,Healthy,Tirzepatide|EE/NGM,yes,2020-02-26,2021-02-09,tirzepatide,tirzepatide,tirzepatide,no
NCT05810597,A Research Study Looking at Similarity Between Tirzepatide Versions for Different Injection Devices,PHASE1,COMPLETED,INTERVENTIONAL,65,Eli Lilly and Company,INDUSTRY,Healthy,Tirzepatide|Single Dose Pen|Multi-use Prefilled Pen,yes,2023-04-03,2023-07-17,tirzepatide,tirzepatide,tirzepatide,no
NCT05708859,Effect of Tirzepatide on Progression of Coronary Atherosclerosis Using MDCT,PHASE4,RECRUITING,INTERVENTIONAL,120,Matthew J. Budoff,OTHER,Type II Diabetes|Atherosclerosis,Tirzepatide|Placebo,no,2024-01-02,2025-12,tirzepatide,tirzepatide,tirzepatide,no
NCT06802081,TIRzepatide for the Treatment of Obesity in Patients With Atrial Fibrillation,PHASE2,RECRUITING,INTERVENTIONAL,100,The Cleveland Clinic,OTHER,Atrial Fibrillation|Obesity,Tirzepatide|Placebo,no,2025-04-08,2026-12-31,tirzepatide,tirzepatide,tirzepatide,no
NCT07777575,Resistance Training to Prevent Muscle Loss During Treatment With Tirzepatide,PHASE4,NOT_YET_RECRUITING,INTERVENTIONAL,150,Technical University of Munich,OTHER,Obesity (BMI>30),Dual GIP/GLP-1 Receptor Agonist Tirzepatide|Resistance Training,no,2026-08-17,2027-05-31,tirzepatide,tirzepatide,tirzepatide,no
NCT07463846,A Study to Evaluate ALN-2232 in Participants With Obesity,PHASE1|PHASE2,RECRUITING,INTERVENTIONAL,156,Alnylam Pharmaceuticals,INDUSTRY,Obesity,ALN-2232|Placebo|Tirzepatide,no,2026-03-02,2027-04-27,tirzepatide,tirzepatide,tirzepatide,no
NCT07099742,Effectiveness and Safety of Tirzepatide Among Participants With Obesity With or Without Type 2 Diabetes Mellitus (T2DM),NA,NOT_YET_RECRUITING,OBSERVATIONAL,364,Dr. Md. Alimur Reza,INDUSTRY,Obesity,Tirzepatide|Life Style Modification,no,2025-09,2026-04,tirzepatide,tirzepatide,tirzepatide,no
NCT06734273,Randomized Control Trial of Sleeve Gastrectomy With Tirzepatide in Maximizing Weight Loss,EARLY_PHASE1,RECRUITING,INTERVENTIONAL,42,Nicholas Skertich,OTHER,Obesity and Obesity-related Medical Conditions,Mounjaro|Sleeve Gastrectomy,no,2025-03-10,2027-09,tirzepatide,tirzepatide,tirzepatide,no
NCT07354880,Effect of Tirzepatide on Cardiovascular and Metabolic Parameters in Obese Adult Patients With Congenital Heart Disease,PHASE4,NOT_YET_RECRUITING,INTERVENTIONAL,30,University Medical Centre Ljubljana,OTHER,Obesity & Overweight|Adult Congenital Heart Disease,Treatment with tirzapatide|Treatment with placebo,no,2026-01-20,2027-06-30,tirzepatide,tirzepatide,tirzepatide,no
NCT06939088,Effects of Tirzepatide on Alcohol Intake in Patients Diagnosed With Schizophrenia and Alcohol Use Disorder,PHASE2,RECRUITING,INTERVENTIONAL,108,"Anders Fink-Jensen, MD, DMSci",OTHER,Alcohol Use Disorder|Alcohol Abuse/Dependence|Alcohol Dependence|Alcoholism|Schizophrenia Disorders|Schizophrenia and Disorders With Psychotic Features|Schizophrenia and Schizophrenia Spectrum Psychosis|Schizophrenia,Tirzepatide|Placebo,no,2025-05-05,2028-08-01,tirzepatide,tirzepatide,tirzepatide,no
NCT06700538,A First-In-Human Study of ARO-INHBE in Adults With Obesity With and Without Type 2 Diabetes Mellitus,PHASE1|PHASE2,RECRUITING,INTERVENTIONAL,180,Arrowhead Pharmaceuticals,INDUSTRY,Obesity,ARO-INHBE|Placebo|Tirzepatide,no,2024-12-04,2027-09-17,tirzepatide,tirzepatide,tirzepatide,no
NCT05659368,Tirzepatide Monotherapy in Patients With Wolfram Syndrome Type 1,PHASE2,UNKNOWN,INTERVENTIONAL,10,Ospedale San Raffaele,OTHER,Wolfram Syndrome,Tirzepatide,no,2024-01-01,2024-10,tirzepatide,tirzepatide,tirzepatide,no
NCT07091734,Tirzepatide for Partial Lipodystrophy Treatment: A New Horizon in 2024,PHASE2,RECRUITING,INTERVENTIONAL,32,University of Michigan,OTHER,"Lipodystrophy, Partial",Tirzepatide|Usual care medications,no,2025-09-08,2029-09,tirzepatide,tirzepatide,tirzepatide,no
NCT06916065,A Study of Eloralintide (LY3841136) and Eloralintide With Tirzepatide in Participants With Overweight or Obesity,PHASE1,COMPLETED,INTERVENTIONAL,188,Eli Lilly and Company,INDUSTRY,Overweight|Obesity,Eloralintide and Tirzepatide|Eloralintide,no,2025-04-09,2026-01-19,tirzepatide,tirzepatide,tirzepatide,no
NCT05691712,A Study of Tirzepatide (LY3298176) in Chinese Participants With Type 2 Diabetes,PHASE3,COMPLETED,INTERVENTIONAL,257,Eli Lilly and Company,INDUSTRY,Diabetes Type 2|Diabetes Mellitus|Glucose Metabolism Disorders|Metabolic Disease|Endocrine System Diseases,Tirzepatide|Placebo,yes,2023-02-05,2024-07-01,tirzepatide,tirzepatide,tirzepatide,no
NCT07423247,Tirzepatide (Spartina) in Obese Kidney Transplant Recipients,PHASE4,RECRUITING,INTERVENTIONAL,30,Shahid Beheshti University of Medical Sciences,OTHER,Tirzepatide,Tirzepatide,no,2026-01-01,2026-07,tirzepatide,tirzepatide,tirzepatide,no
NCT07588438,"Efficacy, Safety, and Tolerability of Tirzepatide in Real-World Conditions in Paraguay.",PHASE4,RECRUITING,INTERVENTIONAL,160,Las Rías Medical Center,OTHER,"Obesity|Diabetes Mellitus, Type 2",Tirzepatide (LIPOLESS de Laboratorio de Productos Eticos C.E.I.S.A.),no,2026-07-27,2027-08-10,tirzepatide,tirzepatide,tirzepatide,no
NCT03861052,A Study of Tirzepatide (LY3298176) Compared to Dulaglutide in Participants With Type 2 Diabetes,PHASE3,COMPLETED,INTERVENTIONAL,636,Eli Lilly and Company,INDUSTRY,Type 2 Diabetes,Tirzepatide|Dulaglutide,yes,2019-05-07,2021-03-10,dulaglutide;tirzepatide,dulaglutide,dulaglutide,yes
NCT03375463,A Study of Tirzepatide (LY3298176) in Healthy Participants,PHASE1,COMPLETED,INTERVENTIONAL,52,Eli Lilly and Company,INDUSTRY,Healthy,Tirzepatide|Tirzepatide|Placebo|Tirzepatide,yes,2017-12-19,2018-12-27,tirzepatide,tirzepatide,tirzepatide,no
NCT06657209,Normal-weight Diabetes: Adipocyte-directed Therapy With Pioglitazone or Tirzepatide,PHASE4,RECRUITING,INTERVENTIONAL,104,Stanford University,OTHER,"Diabetes Mellitus, Type 2|Diabetes|Type 2 Diabetes|Pre Diabetes",Insulin resistance testing|OGTT|Fat biopsy|DXA scan|MRI|1H-MRS|Tirzepatide|Pioglitazone,no,2025-01-13,2027-12-15,tirzepatide,tirzepatide,tirzepatide,no
NCT06515418,Efficacy and Safety of Oral Azelaprag Plus Once Weekly Tirzepatide Compared with Tirzepatide Alone in Participants with Obesity Aged 55 Years and Over,PHASE2,TERMINATED,INTERVENTIONAL,204,"BioAge Labs, Inc.",INDUSTRY,Obesity,Oral Azelaprag (BGE-105)|Oral Placebo for Azelaprag (BGE-105)|Tirzepatide|Tirzepatide Placebo,no,2024-06-27,2025-02-06,tirzepatide,tirzepatide,tirzepatide,no
NCT06606821,The Effects of Tirzepatide in People With Overweight/Obesity and Coronary Artery Disease,PHASE4,RECRUITING,INTERVENTIONAL,124,Tina Vilsbøll,OTHER,Coronary Artery Disease|Coronary Microvascular Dysfunction|Overweight or Obesity|Stable Angina Pectoris|Chronic Coronary Artery Disease|Atherosclerosis Cardiovascular Disease,Tirzepatide|Placebo,no,2024-10-01,2027-03-20,tirzepatide,tirzepatide,tirzepatide,no
NCT06901245,"Tirzepatide in PWS, HO and GNSO",PHASE4,RECRUITING,INTERVENTIONAL,36,Grace Kim,OTHER,Prader-Willi Syndrome|Hypothalamic Obesity|Obesity/Therapy,Tirzepatide,no,2025-05-01,2026-06,tirzepatide,tirzepatide,tirzepatide,no
NCT07303556,Improving Cardiovascular Disease Diagnosis and Treatment in Kazakhstan Using Metabolic Correction With GLP-1 Drugs,NA,ACTIVE_NOT_RECRUITING,INTERVENTIONAL,120,Nazarbayev University,OTHER,Heart Failure|Diabete Type 2|Arterial Hypertension,"Tirzepatide (Mounjaro)|dapagliflozin, empagliflozin, metformin",no,2024-12-18,2025-07-01,tirzepatide,tirzepatide,tirzepatide,no
NCT02846233,Stepping-down Approach in Patients With Chronic Poorly-controlled Diabetes on Advanced Insulin Therapy?,NA,COMPLETED,INTERVENTIONAL,22,"University of California, San Francisco",OTHER,Type 2 Diabetes Mellitus,GLP1 receptor agonist|basal insulin|SGLT2 inhibitor|Metformin,yes,2016-08,2018-12,dulaglutide,dulaglutide,dulaglutide,no
NCT02750410,A Study of Dulaglutide in Japanese Participants With Type 2 Diabetes,PHASE4,COMPLETED,INTERVENTIONAL,159,Eli Lilly and Company,INDUSTRY,Type 2 Diabetes,Dulaglutide|Placebo,yes,2016-08,2018-06-18,dulaglutide,dulaglutide,dulaglutide,no
NCT01215968,A Study to Evaluate the Effect of LY2189265 on the Speed at Which Food and Drink Leaves the Stomach in Patients With Type 2 Diabetes Mellitus,PHASE1,COMPLETED,INTERVENTIONAL,38,Eli Lilly and Company,INDUSTRY,"Diabetes Mellitus, Type 2",LY2189265|Placebo,yes,2010-09,2011-07,dulaglutide,dulaglutide,dulaglutide,no
NCT01191268,A Study in Participants With Type 2 Diabetes Mellitus (AWARD-4),PHASE3,COMPLETED,INTERVENTIONAL,884,Eli Lilly and Company,INDUSTRY,"Diabetes Mellitus, Type 2",Insulin Glargine|LY2189265|Insulin Lispro,yes,2010-11,2012-02,dulaglutide,dulaglutide,dulaglutide,no
NCT02787551,"Efficacy and Safety of the Insulin Glargine/Lixisenatide Fixed Ratio Combination (FRC) Versus GLP-1 Receptor Agonist in Patients With Type 2 Diabetes, With a FRC Extension Period",PHASE3,COMPLETED,INTERVENTIONAL,514,Sanofi,INDUSTRY,Type 2 Diabetes Mellitus,"Insulin glargine/lixisenatide fixed ratio combination|liraglutide|exenatide|exenatide extended-release|albiglutide|dulaglutide|Background therapy: Oral Anti-diabetic Drug (Metformin, Pioglitazone, SGLT2 inhibitor)",yes,2016-07-06,2018-05-25,dulaglutide;liraglutide,dulaglutide,dulaglutide,yes
NCT07109700,A Study of HDM1005 in Participants With T2DM Not Controlled With Diet/Exercise or Metformin,PHASE2,RECRUITING,INTERVENTIONAL,216,"Hangzhou Zhongmei Huadong Pharmaceutical Co., Ltd.",INDUSTRY,Type 2 Diabetes,HDM1005 1|HDM1005 2|HDM1005 3|HDM1005 4|Placebo|Dulaglutide 1.5 MG,no,2025-04-30,2026-01-31,dulaglutide,dulaglutide,dulaglutide,no
NCT05348122,A Study of TG103 Injection in Type 2 Diabetes Subjects,PHASE2,UNKNOWN,INTERVENTIONAL,240,"CSPC Baike (Shandong) Biopharmaceutical Co., Ltd.",INDUSTRY,Type 2 Diabetes Mellitus,"TG103,Q2W|TG103,QW|Placebo,Q2W|Placebo,QW|Dulaglutide,QW",no,2022-06-15,2023-11-01,dulaglutide,dulaglutide,dulaglutide,no
NCT04184947,Cardiovascular Outcomes SGLT-2 Inhibitors Versus GLP-1 Receptor Agonists,NA,COMPLETED,OBSERVATIONAL,10000,University of Padova,OTHER,Type 2 Diabetes,SGLT2 inhibitor|GLP-1 receptor agonist,no,2014-03-01,2018-12-31,dulaglutide;liraglutide,dulaglutide,dulaglutide,yes
NCT01432938,A Study of the Effect of Dulaglutide on the Action of Warfarin in Healthy Participants,PHASE1,COMPLETED,INTERVENTIONAL,28,Eli Lilly and Company,INDUSTRY,"Diabetes Mellitus, Type 2",dulaglutide|Warfarin,yes,2011-09,2011-12,dulaglutide,dulaglutide,dulaglutide,no
NCT04893148,Efficacy and Safety of iGlarLixi Versus Insulin Glargine Plus Dulaglutide in Patients With Type 2 Diabetes,PHASE4,UNKNOWN,INTERVENTIONAL,40,Chungbuk National University Hospital,OTHER,"Type 2 Diabetes Mellitus|Glucose, High Blood",IGlarLixi|Dulaglutide,no,2020-05-26,2021-12-30,dulaglutide,dulaglutide,dulaglutide,no
NCT05459285,A Pharmacokinetic Study Comparing the 14028 Injection and TRULICITY® in Healthy Chinese Subjects,PHASE1,COMPLETED,INTERVENTIONAL,68,"Sunshine Lake Pharma Co., Ltd.",INDUSTRY,Type 2 Diabetes,14028 injection|dulaglutide injection,no,2022-05-31,2022-07-02,dulaglutide,dulaglutide,dulaglutide,no
NCT07537088,"Efficacy and Safety of Triple Therapy With Dulaglutide, SGLT2 Inhibitors, and Finerenone in Chinese Adults With Type 2 Diabetes and Chronic Kidney Disease",PHASE4,NOT_YET_RECRUITING,INTERVENTIONAL,468,First Affiliated Hospital of Wannan Medical College,OTHER,T2DM (Type 2 Diabetes Mellitus)|CKD - Chronic Kidney Disease,Dulaglutide|SGLT2i|Finerenone,no,2026-05,2027-04,dulaglutide,dulaglutide,dulaglutide,no
NCT04829903,Dulaglutide Versus Liraglutide in Obese Type 2 Diabetic Adolescents Using Metformin,NA,COMPLETED,INTERVENTIONAL,116,Corporacion Parc Tauli,OTHER,Type 2 Diabetes Treated With Insulin|Obesity|Adolescent Obesity,Dulaglutide|Liraglutide,no,2020-01-02,2021-03-29,dulaglutide;liraglutide,dulaglutide,dulaglutide,yes
NCT02963766,A Study of Dulaglutide (LY2189265) in Children and Adolescents With Type 2 Diabetes,PHASE3,COMPLETED,INTERVENTIONAL,154,Eli Lilly and Company,INDUSTRY,Type 2 Diabetes,Dulaglutide|Placebo,yes,2016-12-29,2021-06-12,dulaglutide,dulaglutide,dulaglutide,no
NCT06235086,A Study of TG103 Injection Combined With Metformin in Treatment of Type 2 Diabetes Mellitus,PHASE3,COMPLETED,INTERVENTIONAL,632,"CSPC Baike (Shandong) Biopharmaceutical Co., Ltd.",INDUSTRY,Type 2 Diabetes Mellitus,TG103|Dulaglutide,no,2024-04-08,2026-02-03,dulaglutide,dulaglutide,dulaglutide,no
NCT04641312,A Study of LY3457263 in Healthy Participants and Participants With Type 2 Diabetes,PHASE1,COMPLETED,INTERVENTIONAL,67,Eli Lilly and Company,INDUSTRY,Healthy|Type 2 Diabetes,LY3457263|Dulaglutide|Placebo,no,2020-11-25,2021-12-21,dulaglutide,dulaglutide,dulaglutide,no
NCT01558271,A Study of LY2189265 in Japanese Participants With Type 2 Diabetes Mellitus,PHASE3,COMPLETED,INTERVENTIONAL,492,Eli Lilly and Company,INDUSTRY,Type 2 Diabetes Mellitus,LY2189265|Placebo|Liraglutide,yes,2012-03,2013-10,dulaglutide;liraglutide,dulaglutide,dulaglutide,yes
NCT05005741,The Effects of Glucose Control and Weight Loss Between Beinaglutide and Dulaglutide in Type 2 Diabetes With Overweight or Obesity.,PHASE4,UNKNOWN,INTERVENTIONAL,120,Second Xiangya Hospital of Central South University,OTHER,"Diabetes Mellitus, Type 2|Overweight or Obesity",Beinaglutide|Dulaglutide,no,2021-05-01,2023-12-31,dulaglutide,dulaglutide,dulaglutide,no
NCT03648554,Researching an Effect of GLP-1 Agonist on Liver STeatosis (REALIST),PHASE4,UNKNOWN,INTERVENTIONAL,93,"Central Hospital, Nancy, France",OTHER,"Diabetes Mellitus, Type 2|NASH - Nonalcoholic Steatohepatitis",dulaglutide (TRULICITY®) 1.5 mg|reinforced dietary monitoring,no,2019-09-01,2023-09-30,dulaglutide,dulaglutide,dulaglutide,no
NCT03590626,Effect of Dulaglutide on Liver Fat in Patients With Type 2 Diabetes and Nonalcoholic Fatty Liver Disease,NA,COMPLETED,INTERVENTIONAL,60,"Medanta, The Medicity, India",OTHER,Non Alcoholic Fatty Liver Disease|Type2 Diabetes Mellitus,Dulaglutide,no,2019-01-01,2020-01-14,dulaglutide,dulaglutide,dulaglutide,no
NCT03962010,"A Phase 2, 12-Week, Double-Blind, Efficacy and Safety of GX-G6 in Patients With Uncontrolled Type 2 Diabetes Mellitus",PHASE2,UNKNOWN,INTERVENTIONAL,78,"Genexine, Inc.",INDUSTRY,Type 2 Diabetes Mellitus,GX-G6|Control,no,2019-06-01,2022-06-01,dulaglutide,dulaglutide,dulaglutide,no
NCT06739122,A Study of Dulaglutide (LY2189265) 3.0 mg and 4.5 mg in Pediatric Participants With Type 2 Diabetes Mellitus (AWARD-PEDS PLUS),PHASE3,RECRUITING,INTERVENTIONAL,55,Eli Lilly and Company,INDUSTRY,Type 2 Diabetes,Dulaglutide,no,2025-01-10,2027-12,dulaglutide,dulaglutide,dulaglutide,no
NCT07282041,Role of GLP1 RA Dulaglutide on Severe Intracranial Atherosclerosis,PHASE2|PHASE3,RECRUITING,INTERVENTIONAL,130,National University of Singapore,OTHER,"Intracranial Atherosclerosis|Stroke, Ischemic",Dulaglutide,no,2025-12-17,2030-12-01,dulaglutide,dulaglutide,dulaglutide,no
NCT01301092,A Study to Compare the Concentrations of LY2189265 After Different Methods of Administration to Healthy Volunteers.,PHASE1,COMPLETED,INTERVENTIONAL,30,Eli Lilly and Company,INDUSTRY,"Diabetes Mellitus, Type II",LY2189265,yes,2011-02,2011-08,dulaglutide,dulaglutide,dulaglutide,no
NCT03824002,"Dulaglutide in Diabetic Patients, Relationship Between Arterial Stiffness, Endothelial Function, Clinical and Laboratory Variables",PHASE4,COMPLETED,INTERVENTIONAL,92,University of Palermo,OTHER,Diabetes Mellitus,Dulaglutide|Aspart insulin|Glargine|Metformin|Repaglinide,no,2017-04-01,2017-10-01,dulaglutide,dulaglutide,dulaglutide,no
NCT07319286,Role of Glucagon-like Peptide-1 Receptor Agonists in Menstrual Irregularities in Adolescent Females With Type 1 Diabetes Mellitus,PHASE1|PHASE2,ENROLLING_BY_INVITATION,INTERVENTIONAL,50,Ain Shams University,OTHER,Menstrual Irregularities|Type1 Diabetes Mellitus|Glucagon-Like Peptide-1 Receptor Agonists|Female Reproductive Health,Dulaglutide,no,2025-08-04,2026-12,dulaglutide,dulaglutide,dulaglutide,no
NCT03315780,A Study of the Glucodynamic Effects of Dulaglutide (LY2189265) in Japanese Participants With Type 2 Diabetes,PHASE4,COMPLETED,INTERVENTIONAL,12,Eli Lilly and Company,INDUSTRY,Type 2 Diabetes,Dulaglutide|Placebo,yes,2017-10-28,2018-02-28,dulaglutide,dulaglutide,dulaglutide,no
NCT01648582,A Study Comparing the Effects and Safety of Dulaglutide With Insulin Glargine in Type 2 Diabetes Mellitus,PHASE3,COMPLETED,INTERVENTIONAL,774,Eli Lilly and Company,INDUSTRY,Type 2 Diabetes Mellitus,Dulaglutide|Insulin glargine|Metformin|Sulfonylureas,yes,2012-07,2014-08,dulaglutide,dulaglutide,dulaglutide,no
NCT03684642,Efficacy and Safety of Efpeglenatide Versus Dulaglutide in Patients With Type 2 Diabetes Mellitus Inadequately Controlled With Metformin,PHASE3,TERMINATED,INTERVENTIONAL,908,Sanofi,INDUSTRY,Type 2 Diabetes Mellitus,Efpeglenatide|Dulaglutide|Background therapy Metformin,yes,2018-09-26,2020-10-13,dulaglutide,dulaglutide,dulaglutide,no
NCT01468181,A Study of LY2189265 in Japanese Participants With Type 2 Diabetes Mellitus,PHASE3,COMPLETED,INTERVENTIONAL,394,Eli Lilly and Company,INDUSTRY,Type 2 Diabetes Mellitus,LY2189265|Sulfonylureas (SU)|Biguanides (BG)|alpha-glucosidase inhibitor (a-GI)|Thiazolidinedione (TZD)|Glinides,yes,2011-11,2013-12,dulaglutide,dulaglutide,dulaglutide,no
NCT01644500,A Study Comparing the Effects and Safety of Dulaglutide With Glimepiride in Type 2 Diabetes Mellitus,PHASE3,COMPLETED,INTERVENTIONAL,737,Eli Lilly and Company,INDUSTRY,Type 2 Diabetes Mellitus,Dulaglutide|Glimepiride|Placebo as Capsules|Placebo as SC Injection,yes,2012-07,2014-08,dulaglutide,dulaglutide,dulaglutide,no
NCT04809220,A Study of Two Doses of Dulaglutide (LY2189265) in Japanese Patients With Type 2 Diabetes,PHASE3,COMPLETED,INTERVENTIONAL,591,Eli Lilly and Company,INDUSTRY,"Diabetes Mellitus|Diabetes Mellitus, Type 2|Glucose Metabolism Disorders|Metabolic Disease|Endocrine System Diseases|Hypoglycemic Agents|Type 2 Diabetes Mellitus (T2DM)",Dulaglutide|Oral antihyperglycemics,yes,2021-04-13,2022-10-01,dulaglutide,dulaglutide,dulaglutide,no
NCT04965506,A Study of IBI362 in Chinese Patients With Type 2 Diabetes,PHASE2,COMPLETED,INTERVENTIONAL,252,Innovent Biologics (Suzhou) Co. Ltd.,INDUSTRY,Type 2 Diabetes,IBI362|placebo|Dulaglutide,no,2021-09-06,2022-04-28,mazdutide;dulaglutide,mazdutide,mazdutide,yes
NCT01149421,A Study of the Effect of LY2189265 on Blood Pressure and Heart Rate in Type 2 Diabetes,PHASE2,COMPLETED,INTERVENTIONAL,755,Eli Lilly and Company,INDUSTRY,"Diabetes Mellitus, Type 2",LY2189265|Placebo,yes,2010-06,2011-09,dulaglutide,dulaglutide,dulaglutide,no
NCT05659537,A Study of Dulaglutide (LY2189265) in Participants With Type 2 Diabetes Mellitus in India,PHASE4,COMPLETED,INTERVENTIONAL,212,Eli Lilly and Company,INDUSTRY,"Diabetes Mellitus, Type 2",Dulaglutide,yes,2022-12-29,2024-01-16,dulaglutide,dulaglutide,dulaglutide,no
NCT07156539,A Phase 3 Study of HS-20094 in Patients With T2DM,PHASE3,NOT_YET_RECRUITING,INTERVENTIONAL,546,"Jiangsu Hansoh Pharmaceutical Co., Ltd.",INDUSTRY,Type 2 Diabetes,HS-20094 Injection|Dulaglutide Injection,no,2025-09-30,2027-03-30,dulaglutide,dulaglutide,dulaglutide,no
NCT05140694,Effect of Empagliflozin and Dulaglutide on MAFLD in Patients With T2D,PHASE4,UNKNOWN,INTERVENTIONAL,135,Seoul National University Bundang Hospital,OTHER,Metabolic-associated Fatty Liver Disease|Type 2 Diabetes,Empagliflozin|Dulaglutide|Empagliflozin and Dulaglutide,no,2023-12-01,2024-06-30,dulaglutide,dulaglutide,dulaglutide,no
NCT01667900,A Study of Dulaglutide in Chinese Participants,PHASE1,COMPLETED,INTERVENTIONAL,58,Eli Lilly and Company,INDUSTRY,"Diabetes Mellitus, Type 2|Healthy Volunteers",Dulaglutide|Placebo,yes,2012-08,2014-06,dulaglutide,dulaglutide,dulaglutide,no
NCT03141632,Effects of Glucagon Like Peptide 1 (GLP-1) Analogues on Fluid Intake,PHASE2,COMPLETED,INTERVENTIONAL,17,"University Hospital, Basel, Switzerland",OTHER,Thirst|Water-Electrolyte Imbalance,Dulaglutide|Placebo,no,2016-10-17,2017-05,dulaglutide,dulaglutide,dulaglutide,no
NCT06331286,The Effect of Dulaglutide as an Adjuvant Therapy on Cognitive Function in Bipolar Disorder Patients With Obesity,NA,UNKNOWN,INTERVENTIONAL,60,First Affiliated Hospital of Zhejiang University,OTHER,Bipolar Disorder|Obesity|Cognition,dulaglutide injection,no,2023-09-01,2024-12-31,dulaglutide,dulaglutide,dulaglutide,no
NCT05254418,Effects of GLP1-RA on Ectopic Fat Deposition in Chronic Kidney Disease,PHASE2,COMPLETED,INTERVENTIONAL,7,Vanderbilt University Medical Center,OTHER,Chronic Kidney Diseases,dulaglutide injection,yes,2022-03-15,2024-05-01,dulaglutide,dulaglutide,dulaglutide,no
NCT03492580,A Study for Comparison of Canagliflozin Versus Alternative Antihyperglycemic Treatments on Risk of Heart Failure Hospitalization and Amputation for Participants With Type 2 Diabetes Mellitus and the Subpopulation With Established Cardiovascular Disease,NA,COMPLETED,OBSERVATIONAL,714582,"Janssen Research & Development, LLC",INDUSTRY,"Diabetes Mellitus, Type 2|Cardiovascular Diseases",Canagliflozin|Empagliflozin|Dapagliflozin|Dipeptidyl Peptidase-4 (DPP-4) Inhibitors|Glucagon-like Peptide-1 (GLP-1) Agonist|Anti-hyperglycemic Agents (AHA)|Thiazolidinediones (TZD)|Sulfonylureas (SU)|Insulin,no,2018-02-22,2018-04-06,dulaglutide;liraglutide,dulaglutide,dulaglutide,yes
NCT04862234,Perioperative Stress Hyperglycemia in General and Vascular Surgery Patients,PHASE4,TERMINATED,INTERVENTIONAL,16,Emory University,OTHER,Hyperglycemia Stress,"Dulaglutide|Placebo|Continuous glucose monitor (CGM), blinded",yes,2021-08-06,2023-06-22,dulaglutide,dulaglutide,dulaglutide,no
NCT00630825,A Study of Dose Titration of LY2189265 in Overweight Participants With Type 2 Diabetes Mellitus,PHASE2,COMPLETED,INTERVENTIONAL,262,Eli Lilly and Company,INDUSTRY,Diabetes Mellitus Type 2,LY2189265|Placebo,yes,2008-04,2009-01,dulaglutide,dulaglutide,dulaglutide,no
NCT05946148,Novel Antidiabetic Medications and Their Effect on Liver Steatosis (NAMELS-18),NA,COMPLETED,OBSERVATIONAL,78,National and Kapodistrian University of Athens,OTHER,Non-Alcoholic Fatty Liver Disease|Liver Steatosis,Empagliflozin|Dulaglutide|Control Rx,no,2018-06-01,2021-05-31,dulaglutide,dulaglutide,dulaglutide,no
NCT05407961,A Study of LY3532226 in Participants With Type 2 Diabetes Mellitus,PHASE1,COMPLETED,INTERVENTIONAL,90,Eli Lilly and Company,INDUSTRY,"Diabetes Mellitus, Type 2",LY3532226|Placebo|Dulaglutide,no,2022-06-07,2024-01-12,dulaglutide,dulaglutide,dulaglutide,no
NCT05606913,A Study of IBI362 in Participants With Type 2 Diabetes,PHASE3,COMPLETED,INTERVENTIONAL,731,Innovent Biologics (Suzhou) Co. Ltd.,INDUSTRY,Type 2 Diabetes,dulaglutide|IBI362,no,2023-01-06,2024-01-26,mazdutide;dulaglutide,mazdutide,mazdutide,yes
NCT04143802,A Study of LY3437943 in Participants With Type 2 Diabetes Mellitus (T2DM),PHASE1,COMPLETED,INTERVENTIONAL,72,Eli Lilly and Company,INDUSTRY,"Diabetes Mellitus, Type 2",LY3437943|Dulaglutide|Placebo,no,2019-12-18,2020-12-28,retatrutide;dulaglutide,retatrutide,retatrutide,yes
NCT03444142,Effect of Exenatide LAR or Dulaglutide on the Variability of 24-hour Heart Rate and Blood Pressure in Type 2 Diabetes,PHASE4,UNKNOWN,INTERVENTIONAL,30,University of Guadalajara,OTHER,"Diabetes Mellitus, Type 2",Exenatide LAR|Dulaglutide,no,2017-11-17,2021-11-30,dulaglutide,dulaglutide,dulaglutide,no
NCT04591626,A Study of Dulaglutide (LY2189265) in Chinese Participants With Type 2 Diabetes,PHASE3,COMPLETED,INTERVENTIONAL,291,Eli Lilly and Company,INDUSTRY,Type 2 Diabetes Mellitus,Dulaglutide|Placebo|Insulin Glargine,yes,2020-12-07,2022-04-28,dulaglutide,dulaglutide,dulaglutide,no
NCT01436201,A Study of the Effect of Dulaglutide on How Body Handles Digoxin in Healthy Participants,PHASE1,COMPLETED,INTERVENTIONAL,24,Eli Lilly and Company,INDUSTRY,"Diabetes Mellitus, Type 2",Digoxin|Dulaglutide,yes,2011-09,2011-11,dulaglutide,dulaglutide,dulaglutide,no
NCT05516966,"Safety, Tolerability, Pharmacokinetics and Pharmacodynamics of Multiple Subcutaneous Injections of HRS9531 in Patients With Type 2 Diabetes Mellitus",PHASE1,COMPLETED,INTERVENTIONAL,64,"Fujian Shengdi Pharmaceutical Co., Ltd.",INDUSTRY,"Diabetes Mellitus, Type 2",HRS9531|Placebo|Dulaglutide Injection,no,2022-10-12,2023-05-24,dulaglutide,dulaglutide,dulaglutide,no
NCT01075282,A Study in Participants With Type 2 Diabetes Mellitus (AWARD-2),PHASE3,COMPLETED,INTERVENTIONAL,810,Eli Lilly and Company,INDUSTRY,"Diabetes Mellitus, Type 2",Insulin Glargine|LY2189265|Metformin|Glimepiride,yes,2010-02,2012-05,dulaglutide,dulaglutide,dulaglutide,no
NCT06257966,A Phase 3 Study to Evaluate the Efficacy of JY09 Compared With Dulaglutide in Combination Therapy Diabetes Mellitus Type 2 Patients With Metformin,PHASE3,ACTIVE_NOT_RECRUITING,INTERVENTIONAL,600,"Beijing Dongfang Biotech Co., Ltd.",INDUSTRY,Type2 Diabetes Mellitus,Exendin-4 Fc fusion protein injection(1.2mg）|Exendin-4 Fc fusion protein injection（2.4mg）|Dulaglutide|Metformin,no,2024-07-17,2026-10-01,dulaglutide,dulaglutide,dulaglutide,no
NCT01624259,A Study Comparing the Effect of Dulaglutide With Liraglutide in Type 2 Diabetes,PHASE3,COMPLETED,INTERVENTIONAL,599,Eli Lilly and Company,INDUSTRY,Type 2 Diabetes,LY2189265|Liraglutide|Metformin,yes,2012-06,2013-11,dulaglutide;liraglutide,dulaglutide,dulaglutide,yes
NCT01126580,A Study in Participants With Type 2 Diabetes Mellitus (AWARD-3),PHASE3,COMPLETED,INTERVENTIONAL,807,Eli Lilly and Company,INDUSTRY,"Diabetes Mellitus, Type 2",Metformin|LY2189265|Placebo (oral)|Placebo (subcutaneous),yes,2010-05,2011-11,dulaglutide,dulaglutide,dulaglutide,no
NCT02597049,A Study of Dulaglutide (LY2189265) in Participants With Type 2 Diabetes Mellitus,PHASE3,COMPLETED,INTERVENTIONAL,424,Eli Lilly and Company,INDUSTRY,Type 2 Diabetes Mellitus,Dulaglutide|Placebo|SGLT2 inhibitor|Metformin,yes,2015-11,2017-02,dulaglutide,dulaglutide,dulaglutide,no
NCT01408888,A Study of LY2189265 and Sitagliptin in Participants With Type 2 Diabetes,PHASE1,COMPLETED,INTERVENTIONAL,29,Eli Lilly and Company,INDUSTRY,"Diabetes Mellitus, Type 2",LY2189265|Sitagliptin,yes,2011-08,2012-04,dulaglutide,dulaglutide,dulaglutide,no
NCT07417631,Emulation of the REWIND Cardiovascular Outcomes Trial in Healthcare Claims Data.,NA,COMPLETED,OBSERVATIONAL,300000,Brigham and Women's Hospital,OTHER,Type 2 Diabetes,Dulaglutide|Sitagliptin,no,2026-02-03,2026-06-15,dulaglutide,dulaglutide,dulaglutide,no
NCT05048719,A Study of LY3502970 in Participants With Type 2 Diabetes Mellitus,PHASE2,COMPLETED,INTERVENTIONAL,383,Eli Lilly and Company,INDUSTRY,Type 2 Diabetes,LY3502970|Dulaglutide|Placebo|Placebo,yes,2021-09-15,2022-09-30,orforglipron;dulaglutide,orforglipron,orforglipron,yes
NCT07313813,A Study to Evaluate the Effect of Fasting Duration and Dulaglutide (LY2189265) Withholding on Gastric Retention in Participants With Type 2 Diabetes Mellitus,PHASE1,COMPLETED,INTERVENTIONAL,20,Eli Lilly and Company,INDUSTRY,Type 2 Diabetes Mellitus (T2DM),Dulaglutide,no,2025-12-29,2026-08-13,dulaglutide,dulaglutide,dulaglutide,no
NCT05478707,Therapeutic Strategies for Microvascular Dysfunction in Type 1 Diabetes,PHASE2,RECRUITING,INTERVENTIONAL,47,AdventHealth Translational Research Institute,OTHER,"Diabetes Mellitus, Type 1|Endothelial Dysfunction",Dulaglutide|Placebo,no,2023-10-05,2028-06-30,dulaglutide,dulaglutide,dulaglutide,no
NCT01300260,Effect of LY2189265 on Insulin Secretion in Response to Intravenous Glucose,PHASE1,COMPLETED,INTERVENTIONAL,32,Eli Lilly and Company,INDUSTRY,"Diabetes Mellitus, Type 2",LY2189265|Placebo|Insulin|Glucose|Glucagon,yes,2011-02,2011-08,dulaglutide,dulaglutide,dulaglutide,no
NCT03495102,A Study of the Efficacy and Safety of Dulaglutide (LY2189265) in Participants With Type 2 Diabetes,PHASE3,COMPLETED,INTERVENTIONAL,1842,Eli Lilly and Company,INDUSTRY,"Diabetes Mellitus, Type 2",Dulaglutide,yes,2018-04-05,2019-05-28,dulaglutide,dulaglutide,dulaglutide,no
NCT04387201,GLP-1 Therapy: The Role of IL-6 Signaling and Adipose Tissue Remodeling in Metabolic Response,PHASE4,COMPLETED,INTERVENTIONAL,23,"The University of Texas Health Science Center, Houston",OTHER,Glucose Intolerance|Overweight and Obesity|Drug Effect|Adiposity,Cyanocobalamin|Dulaglutide,yes,2020-05-15,2023-10-06,dulaglutide,dulaglutide,dulaglutide,no
NCT04876027,GLP-1 RAs in Patients With Polycystic Ovary Syndrome (PCOS),PHASE4,COMPLETED,INTERVENTIONAL,68,Shanghai 10th People's Hospital,OTHER,Polycystic Ovary Syndrome,GLP-1 RAs|calorie restricted diet,no,2021-05-15,2022-04-30,dulaglutide,dulaglutide,dulaglutide,no
NCT01324388,A Study of the Effect of LY2189265 on Two Blood Pressure Drugs,PHASE1,COMPLETED,INTERVENTIONAL,51,Eli Lilly and Company,INDUSTRY,"Diabetes Mellitus, Type 2",LY2189265|Metoprolol|Lisinopril|Placebo,yes,2011-03,2011-08,dulaglutide,dulaglutide,dulaglutide,no
NCT01253304,A Single Dose Study of LY2189265 in Subjects With Varying Degrees of Hepatic (Liver) Impairment,PHASE1,COMPLETED,INTERVENTIONAL,26,Eli Lilly and Company,INDUSTRY,"Diabetes Mellitus, Type 2",LY2189265,yes,2010-11,2011-11,dulaglutide,dulaglutide,dulaglutide,no
NCT07677891,Phase II Study of Switching From Dulaglutide to PG-102(MG12) in Type 2 Diabetes Mellitus,PHASE2,NOT_YET_RECRUITING,INTERVENTIONAL,60,"ProGen. Co., Ltd.",OTHER,Type 2 Diabetes,PG-102(MG12)|Dulaglutide,no,2026-10,2027-05,dulaglutide,dulaglutide,dulaglutide,no
NCT06182891,Renoprotective Effects of Dulaglutide in Patients With Type 2 Diabetic Nephropathy,NA,COMPLETED,INTERVENTIONAL,300,The Affiliated Hospital of Xuzhou Medical University,OTHER,Type 2 Diabetic Nephropathy,Dulaglutide Injection,no,2021-10-30,2023-06-30,dulaglutide,dulaglutide,dulaglutide,no
NCT04515576,A Study of LY3493269 in Participants With Type 2 Diabetes,PHASE1,COMPLETED,INTERVENTIONAL,56,Eli Lilly and Company,INDUSTRY,"Diabetes Mellitus, Type 2",LY3493269|Dulaglutide|Placebo,yes,2020-08-25,2021-03-09,dulaglutide,dulaglutide,dulaglutide,no
NCT01394952,Researching Cardiovascular Events With a Weekly Incretin in Diabetes (REWIND),PHASE3,COMPLETED,INTERVENTIONAL,9901,Eli Lilly and Company,INDUSTRY,"Cardiovascular Disease|Diabetes Mellitus, Type 2",Dulaglutide|Placebo,yes,2011-07-22,2018-08-21,dulaglutide,dulaglutide,dulaglutide,no
NCT02973100,A Study of Investigational Dulaglutide Doses in Participants With Type 2 Diabetes on Metformin Monotherapy,PHASE2,COMPLETED,INTERVENTIONAL,318,Eli Lilly and Company,INDUSTRY,Type 2 Diabetes,Dulaglutide|Placebo,yes,2016-12,2017-07-15,dulaglutide,dulaglutide,dulaglutide,no
NCT07668336,A Study of Orforglipron (LY3502970) Compared With Dulaglutide in Pediatric Participants With Type 2 Diabetes,PHASE3,NOT_YET_RECRUITING,INTERVENTIONAL,170,Eli Lilly and Company,INDUSTRY,"Diabetes Mellitus, Type 2",Orforglipron|Dulaglutide,no,2026-09,2030-03,orforglipron;dulaglutide,orforglipron,orforglipron,yes
NCT06324461,GLP-1 Receptor Agonist for Reduction of Myocardial Injury After Non-cardiac Surgery,PHASE4,RECRUITING,INTERVENTIONAL,372,The University of Hong Kong,OTHER,Myocardial Injury,Dulaglutide 0.75mg subcutaneous injection,no,2024-03-20,2028-12-31,dulaglutide,dulaglutide,dulaglutide,no
NCT04867785,A Study of LY3437943 in Participants With Type 2 Diabetes,PHASE2,COMPLETED,INTERVENTIONAL,281,Eli Lilly and Company,INDUSTRY,Type 2 Diabetes,LY3437943|Dulaglutide|Placebo,yes,2021-05-13,2022-07-08,retatrutide;dulaglutide,retatrutide,retatrutide,yes
NCT05218915,Basal Plus GLP1-ra on Glycemic Variability in CKD,PHASE4,COMPLETED,INTERVENTIONAL,95,Elaine Chow,OTHER,Diabetes Mellitus|Diabetic Kidney Disease,Dulaglutide|Insulin Degludec|Continuous glucose monitor,no,2022-01-28,2024-10-30,dulaglutide,dulaglutide,dulaglutide,no
NCT04466904,Multiple-dose Tolerability and Pharmacokinetic of IBI362 in Chinese Patients With T2DM,PHASE1|PHASE2,COMPLETED,INTERVENTIONAL,42,Innovent Biologics (Suzhou) Co. Ltd.,INDUSTRY,Type 2 Diabetes,IBI362|Placebo|Dulaglutide,no,2020-09-12,2021-05-28,mazdutide;dulaglutide,mazdutide,mazdutide,yes
NCT03204396,Smoking Cessation Facilitated by Glucagon-like Peptide-1 (GLP-1) Analogues,PHASE2,COMPLETED,INTERVENTIONAL,256,"University Hospital, Basel, Switzerland",OTHER,"Glucagon-like Peptide-1|Smoking Cessation|Weight Change, Body|Craving",Dulaglutide|0.5 ml normal saline (0.9% sodium chloride [0.9% NaCl]),no,2017-06-26,2022-07-30,dulaglutide,dulaglutide,dulaglutide,no
NCT03668470,Dulaglutide and Insulin MicrosecretiON in Type 1 Diabetes,PHASE2,COMPLETED,INTERVENTIONAL,45,Hospices Civils de Lyon,OTHER,Adult Subjects With Type1Diabetes and Insulin Microsecretion,Dulaglutide|Placebo,no,2019-01-31,2021-02-03,dulaglutide,dulaglutide,dulaglutide,no
NCT02770885,Effects of GLP-1 Analogues on Fluid Intake in Patients With Primary Polydipsia (The GOLD-Study),PHASE2,COMPLETED,INTERVENTIONAL,50,"University Hospital, Basel, Switzerland",OTHER,Primary Polydipsia,Dulaglutide|Placebo,no,2016-03,2019-05-17,dulaglutide,dulaglutide,dulaglutide,no
NCT01064687,A Study in Participants With Type 2 Diabetes Mellitus,PHASE3,COMPLETED,INTERVENTIONAL,978,Eli Lilly and Company,INDUSTRY,"Diabetes Mellitus, Type 2",LY2189265|Exenatide|Placebo|Metformin|Pioglitazone,yes,2010-02,2011-11,dulaglutide,dulaglutide,dulaglutide,no
NCT03959865,GLP-1 REceptor Agonists and Real World EvIdeNce,NA,UNKNOWN,OBSERVATIONAL,6000,University of Padova,OTHER,Type 2 Diabetes,Long-acting GLP-1RA|Short-acting GLP-1RA|Human-based GLP-1RA|Exendin-based GLP-1RA|Fixed ratio BI/GLP-1RA combination|Flexible BI/GLP-1RA combination,no,2018-12-19,2019-02-11,dulaglutide;liraglutide,dulaglutide,dulaglutide,yes
NCT07370922,Glucagon-Like Peptide 1 Receptor Agonist in Diabetes Mellitus Management in Children and Adolescents With Transfusion-Dependent Thalassemia,PHASE2,COMPLETED,INTERVENTIONAL,80,Ain Shams University,OTHER,Transfusion Dependent Beta Thalassemia,Dulaglutide 0.75Mg/0.5Ml Inj Pen|control group (insulin),no,2024-11-22,2025-11-22,dulaglutide,dulaglutide,dulaglutide,no
NCT04374578,Effect of Dulaglutide on Glycemic Variability in Patients With Type 2 Diabetes,NA,COMPLETED,OBSERVATIONAL,100,Shanghai Zhongshan Hospital,OTHER,Type 2 Diabetes,Dulaglutide 1.5 MG/ML,no,2020-05-08,2021-01-31,dulaglutide,dulaglutide,dulaglutide,no
NCT01250834,LY2189265 and Atorvastatin Interaction Study,PHASE1,COMPLETED,INTERVENTIONAL,27,Eli Lilly and Company,INDUSTRY,Healthy Volunteers,Atorvastatin|LY2189265,yes,2010-12,2011-03,dulaglutide,dulaglutide,dulaglutide,no
NCT01584232,A Study of Dulaglutide in Japanese Participants With Type 2 Diabetes Mellitus,PHASE3,COMPLETED,INTERVENTIONAL,361,Eli Lilly and Company,INDUSTRY,Type 2 Diabetes Mellitus,LY2189265|Insulin glargine|Sulfonylureas (SU)|Biguanide (BG),yes,2012-04,2013-07,dulaglutide,dulaglutide,dulaglutide,no
NCT04731272,GLP-1 Agonist Therapy in Cystic Fibrosis-Related Glucose Intolerance,PHASE2,RECRUITING,INTERVENTIONAL,30,University of Pennsylvania,OTHER,Cystic Fibrosis|Pancreatic Insufficiency|Abnormal Glucose Tolerance|Diabetes,Dulaglutide 0.75Mg/0.5Ml Inj Pen,no,2021-07-16,2027-06-30,dulaglutide,dulaglutide,dulaglutide,no
NCT01524770,A Study to Compare the Effect of Giving Dulaglutide Using an Auto-injector Versus a Manual Syringe,PHASE1,COMPLETED,INTERVENTIONAL,50,Eli Lilly and Company,INDUSTRY,"Diabetes Mellitus, Type 2",Dulaglutide,yes,2012-03,2012-06,dulaglutide,dulaglutide,dulaglutide,no
NCT01001104,A Study of LY2189265 in Japanese Patients With Type 2 Diabetes,PHASE2,COMPLETED,INTERVENTIONAL,145,Eli Lilly and Company,INDUSTRY,"Diabetes Mellitus, Type 2",LY2189265|Placebo,yes,2009-10,2010-12,dulaglutide,dulaglutide,dulaglutide,no
NCT00791479,Effects of LY2189265 on Glycemic Control in Participants With Type 2 Diabetes,PHASE2,COMPLETED,INTERVENTIONAL,167,Eli Lilly and Company,INDUSTRY,"Diabetes Mellitus, Type 2",LY2189265 and Lifestyle Measures|Placebo solution and Lifestyle Measures,yes,2008-12,2010-01,dulaglutide,dulaglutide,dulaglutide,no
NCT06901648,A Study of HS-20094 in Patients With T2DM,PHASE2,COMPLETED,INTERVENTIONAL,275,"Jiangsu Hansoh Pharmaceutical Co., Ltd.",INDUSTRY,Type 2 Diabetes,HS-20094|Dulaglutide|Palcebo,no,2024-02-06,2025-03-07,dulaglutide,dulaglutide,dulaglutide,no
NCT03743025,Metabolic Phenotyping During Stress Hyperglycemia in Cardiac Surgery Patients,PHASE4,TERMINATED,INTERVENTIONAL,28,Emory University,OTHER,Stress Hyperglycemia,Dulaglutide Injection|Saline Injection,yes,2019-03-08,2023-05-02,dulaglutide,dulaglutide,dulaglutide,no
NCT06148649,Phase 2 Study of HEC88473 Injection in Subjects With Type 2 Diabetes Mellitus,PHASE2,COMPLETED,INTERVENTIONAL,234,"Dongguan HEC Biopharmaceutical R&D Co., Ltd.",INDUSTRY,Type 2 Diabetes,"HEC88473, Placebo, Dulaglutide",no,2023-12-10,2025-02-27,dulaglutide,dulaglutide,dulaglutide,no
NCT06611904,The Effect of Combined Dulaglutide and Dapagliflozin Treatment vs DPP-4 Inhibitors in Endothelial and Vascular Function in Patients With Type 2 Diabetes Mellitus and Albuminuria,NA,ACTIVE_NOT_RECRUITING,INTERVENTIONAL,60,Attikon Hospital,OTHER,Urine Albumin (UAlb)|Glycocalyx|Arterial Stiffness,Dulaglutide|DPP-4 Inhibitors,no,2018-02-01,2022-02-05,dulaglutide,dulaglutide,dulaglutide,no
NCT05377333,A Study of LY3457263 Alone and in Combination With Dulaglutide (LY2189265) in Participants With Type 2 Diabetes,PHASE1,COMPLETED,INTERVENTIONAL,94,Eli Lilly and Company,INDUSTRY,"Diabetes Mellitus, Type 2",LY3457263|Placebo|Dulaglutide,no,2022-06-02,2023-11-22,dulaglutide,dulaglutide,dulaglutide,no
NCT03363906,A Study of Dulaglutide in Healthy Participants,PHASE1,COMPLETED,INTERVENTIONAL,27,Eli Lilly and Company,INDUSTRY,Healthy,Dulaglutide (Reference)|Dulaglutide (Test),yes,2017-12-07,2018-06-06,dulaglutide,dulaglutide,dulaglutide,no
NCT01769378,Study of How Dulaglutide Compares to Placebo in Participants With Type 2 Diabetes Who Are Also on Sulfonylurea Therapy (AWARD-8),PHASE3,COMPLETED,INTERVENTIONAL,300,Eli Lilly and Company,INDUSTRY,Type 2 Diabetes Mellitus,Placebo|Dulaglutide|Glimepiride,yes,2013-01,2014-12,dulaglutide,dulaglutide,dulaglutide,no
NCT04687514,Effects of Glucagon-Like Peptide-1 Analogs on Sexuality,PHASE2,COMPLETED,INTERVENTIONAL,26,"University Hospital, Basel, Switzerland",OTHER,Sexual Functioning,Dulaglutide|Placebo,no,2021-05-05,2022-09-05,dulaglutide,dulaglutide,dulaglutide,no
NCT05680129,A Phase 3 Study to Evaluate the Efficacy of XW003 Compared With Dulaglutide in Participants With T2DM,PHASE3,COMPLETED,INTERVENTIONAL,623,"Hangzhou Sciwind Biosciences Co., Ltd.",INDUSTRY,T2DM|Type 2 Diabetes Mellitus,Ecnoglutide high dosage|Ecnoglutide low dosage|Dulaglutide|Metformin,no,2023-01-10,2024-07-03,ecnoglutide;dulaglutide,ecnoglutide,ecnoglutide,yes
NCT02152371,A Study of Dulaglutide (LY2189265) in Participants With Type II Diabetes,PHASE3,COMPLETED,INTERVENTIONAL,300,Eli Lilly and Company,INDUSTRY,"Diabetes Mellitus, Type 2",Dulaglutide|Placebo|Insulin Glargine|Metformin,yes,2014-05,2015-10,dulaglutide,dulaglutide,dulaglutide,no
NCT01621178,A Study Comparing Dulaglutide With Insulin Glargine on Glycemic Control in Participants With Type 2 Diabetes (T2D) and Moderate or Severe Chronic Kidney Disease (CKD),PHASE3,COMPLETED,INTERVENTIONAL,577,Eli Lilly and Company,INDUSTRY,Type 2 Diabetes|Chronic Kidney Disease,Dulaglutide|Insulin glargine|Insulin lispro,yes,2012-07,2016-06,dulaglutide,dulaglutide,dulaglutide,no
NCT01458210,A Study of the Effect of Dulaglutide on How the Body Handles Oral Contraceptive in Healthy Female Participants,PHASE1,COMPLETED,INTERVENTIONAL,22,Eli Lilly and Company,INDUSTRY,"Diabetes Mellitus, Type 2",Ortho-Cyclen|Dulaglutide,yes,2011-10,2012-02,dulaglutide,dulaglutide,dulaglutide,no
NCT00734474,A Study of LY2189265 Compared to Sitagliptin in Participants With Type 2 Diabetes Mellitus on Metformin,PHASE2|PHASE3,COMPLETED,INTERVENTIONAL,1202,Eli Lilly and Company,INDUSTRY,"Diabetes Mellitus, Type 2",LY2189265|Sitagliptin|Placebo solution|Placebo tablet|Metformin,yes,2008-08,2011-06,dulaglutide,dulaglutide,dulaglutide,no
NCT04373967,Study to Assess the Efficacy and Safety of Liraglutide in the Treatment of Type 2 Diabetes,PHASE3,UNKNOWN,INTERVENTIONAL,424,"Chia Tai Tianqing Pharmaceutical Group Co., Ltd.",INDUSTRY,Type 2 Diabetes,Victoza®.|Metformin Hydrochloride|TQZ2451,no,2020-04-29,2021-12-01,liraglutide,liraglutide,liraglutide,no
NCT02321878,Post-marketing Surveillance (Special Use-results Surveillance) on Use With Liraglutide (Victoza®),NA,COMPLETED,OBSERVATIONAL,1092,Novo Nordisk A/S,INDUSTRY,"Diabetes|Diabetes Mellitus, Type 2",liraglutide,no,2014-12-15,2017-06-16,liraglutide,liraglutide,liraglutide,no
NCT03534310,Weight Loss With Intensive Lifestyle Modifications Plus Bariatric Surgery Versus Liraglutide 3 mg,NA,COMPLETED,INTERVENTIONAL,75,Catholic University of the Sacred Heart,OTHER,Obesity,LIRAGLUTIDE 3 Mg/0.5 mL (18 Mg/3 mL) SUB-Q PEN INJECTOR (ML)|lifestyle modification|sleeve gastrectomy,no,2015-11-02,2017-01-31,liraglutide,liraglutide,liraglutide,no
NCT01117350,Efficacy Assessment of Insulin Glargine Versus LiraglutidE After Oral Agents Failure,PHASE4,COMPLETED,INTERVENTIONAL,978,Sanofi,INDUSTRY,"Diabetes Mellitus, Type 2",Insulin glargine|Liraglutide|Metformin,yes,2010-07,2012-10,liraglutide,liraglutide,liraglutide,no
NCT01870297,A Study of LY3025876 in Participants With Diabetes,PHASE1,COMPLETED,INTERVENTIONAL,72,Eli Lilly and Company,INDUSTRY,Type 2 Diabetes Mellitus,LY3025876|Placebo|Liraglutide,yes,2013-06,2014-12,liraglutide,liraglutide,liraglutide,no
NCT05767255,Risk of Hypoglycemia in the Transition From Inpatient to Outpatient Setting. Comparative Study of Basal-bolus Insulin Versus Basal Insulin Plus GLP-1 Analogue,PHASE3,UNKNOWN,INTERVENTIONAL,66,Hospital Universitario San Ignacio,OTHER,"Diabetes Mellitus, Type 2 Treated With Insulin",insulin degludec + liraglutide|Insulin Glargine - Insulin Aspart,no,2022-12-01,2023-08-30,liraglutide,liraglutide,liraglutide,no
NCT01615978,Safety and Tolerability of Liraglutide in Japanese Subjects With Type 2 Diabetes,PHASE1,COMPLETED,INTERVENTIONAL,15,Novo Nordisk A/S,INDUSTRY,"Diabetes|Diabetes Mellitus, Type 2",liraglutide|liraglutide|placebo,no,2003-12,2004-03,liraglutide,liraglutide,liraglutide,no
NCT01597531,Combinatorial Therapy for Peristent Type 2 Diabetes After Gastric Banding,PHASE4,TERMINATED,INTERVENTIONAL,1,East Carolina University,OTHER,Type 2 Diabetes|Gastric Banding,Liraglutide|Orlistat|Liraglutide + Orlistat,no,2012-06,2014-06,liraglutide,liraglutide,liraglutide,no
NCT02476760,Incretin-based Drugs and Acute Pancreatitis,NA,COMPLETED,OBSERVATIONAL,1417914,"Canadian Network for Observational Drug Effect Studies, CNODES",OTHER,"Diabetes Mellitus, Type 2",DPP-4 inhibitors|GLP-1 analogs|Insulins|Biguanides|Sulfonylureas|Thiazolidinediones|Alpha-glucosidase inhibitors|Meglitinides,no,2014-03,2015-04,liraglutide,liraglutide,liraglutide,no
NCT04657939,Targeting Beta-cell Failure in Lean Patients With Type 2 Diabetes,PHASE4,COMPLETED,INTERVENTIONAL,57,University of Leeds,OTHER,"Diabetes Mellitus, Type 2",Liraglutide|Pioglitazone,no,2020-12-01,2022-10-31,liraglutide,liraglutide,liraglutide,no
NCT01617434,The Effect of Liraglutide Versus Placebo When Added to Basal Insulin Analogues With or Without Metformin in Subjects With Type 2 Diabetes,PHASE3,COMPLETED,INTERVENTIONAL,451,Novo Nordisk A/S,INDUSTRY,"Diabetes|Diabetes Mellitus, Type 2",liraglutide|placebo,yes,2012-09,2013-10,liraglutide,liraglutide,liraglutide,no
NCT02743598,Liraglutide for HIV-associated Neurocognitive Disorder,PHASE4,TERMINATED,INTERVENTIONAL,4,Temple University,OTHER,HIV Infection|Diabetes Mellitus Type 2|Obesity|Overweight|Metabolic Syndrome,Liraglutide,no,2016-09,2018-06-01,liraglutide,liraglutide,liraglutide,no
NCT01740921,GLP-1 and Microvascular Function in Type 2 Diabetes,NA,COMPLETED,INTERVENTIONAL,39,Royal Devon and Exeter NHS Foundation Trust,OTHER,Type 2 Diabetes,Liraglutide|diet|Aspirin,no,2011-01,2015-12,liraglutide,liraglutide,liraglutide,no
NCT01845259,Does a GLP-1 Receptor Agonist Change Glucose Tolerance in Antipsychotic-treated Patients?,PHASE2,UNKNOWN,INTERVENTIONAL,103,Psychiatric Centre Rigshospitalet,OTHER,Impaired Glucose Tolerance Associated With Drugs,Liraglutide|Liraglutide Placebo,no,2013-04,2016-03,liraglutide,liraglutide,liraglutide,no
NCT01550653,Liraglutide Effects on Memory in Healthy Subjects,PHASE1,COMPLETED,INTERVENTIONAL,40,University of Luebeck,OTHER,Healthy,liraglutide|Placebo,no,2012-05,2013-12,liraglutide,liraglutide,liraglutide,no
NCT03955575,Treatment of Bile Acid Malabsorption With Liraglutide,PHASE4,COMPLETED,INTERVENTIONAL,52,Filip Krag Knop,OTHER,Bile Acid Malabsorption,Liraglutide 6 MG/ML|Colesevelam,no,2019-03-07,2021-03-10,liraglutide,liraglutide,liraglutide,no
NCT02201550,Study of Immune Cells in Obese Patients With Type 2 Diabetes Mellitus Treated With Liraglutide,NA,COMPLETED,OBSERVATIONAL,9,Hvidovre University Hospital,OTHER,Type 2 Diabetes Mellitus,,no,2013-02,2014-04,liraglutide,liraglutide,liraglutide,no
NCT02898506,Incretin-based Therapy in Late Preclinical Type 1 Diabetes,PHASE2,COMPLETED,INTERVENTIONAL,13,University of Oulu,OTHER,Type 1 Diabetes,Victoza®|Placebo,no,2016-03,2021-06,liraglutide,liraglutide,liraglutide,no
NCT01907854,Efficacy and Safety of Switching From Sitagliptin to Liraglutide in Subjects With Type 2 Diabetes Not Achieving Adequate Glycaemic Control on Sitagliptin and Metformin,PHASE4,COMPLETED,INTERVENTIONAL,407,Novo Nordisk A/S,INDUSTRY,"Diabetes|Diabetes Mellitus, Type 2",liraglutide|sitagliptin|placebo|placebo,yes,2013-12-02,2015-06-15,liraglutide,liraglutide,liraglutide,no
NCT02420262,A Clinical Trial Comparing Efficacy and Safety of Insulin Degludec/Liraglutide (IDegLira) Versus Basal-bolus Therapy in Subjects With Type 2 Diabetes Mellitus,PHASE3,COMPLETED,INTERVENTIONAL,506,Novo Nordisk A/S,INDUSTRY,"Diabetes|Diabetes Mellitus, Type 2",insulin degludec/liraglutide|insulin glargine|insulin aspart,yes,2015-07-26,2016-10-05,liraglutide,liraglutide,liraglutide,no
NCT03172494,"A Trial Comparing Insulin Degludec/Liraglutide, Insulin Degludec, and Liraglutide in Chinese Subjects With Type 2 Diabetes Inadequately Controlled on Oral Antidiabetic Drugs (OADs)",PHASE3,COMPLETED,INTERVENTIONAL,720,Novo Nordisk A/S,INDUSTRY,"Diabetes|Diabetes Mellitus, Type 2",Insulin degludec/liraglutide|Insulin degludec|Liraglutide,yes,2017-05-26,2019-06-14,liraglutide,liraglutide,liraglutide,no
NCT01677104,The Microvascular Function of GLP-1 and Its Analogues,NA,COMPLETED,INTERVENTIONAL,63,Katarina Kos,OTHER,Type 2 Diabetes|Obesity,GLP-1|Placebo,no,2012-08,2014-07,liraglutide,liraglutide,liraglutide,no
NCT06726577,TP04HN106 in the Treatment of Patients With Amyotrophic Lateral Sclerosis,PHASE1|PHASE2,RECRUITING,INTERVENTIONAL,60,"Talengen Institute of Life Sciences, Shenzhen, P.R. China.",OTHER,Amyotrophic Lateral Sclerosis,TP04HN106|Saline,no,2026-05-10,2027-01,liraglutide,liraglutide,liraglutide,no
NCT03856632,Liraglutide Effect in Atrial Fibrillation,PHASE4,ACTIVE_NOT_RECRUITING,INTERVENTIONAL,60,University of Miami,OTHER,Atrial Fibrillation,Liraglutide|RFM|Anti Arrhythmics|Afib Catheter Ablation,no,2019-03-18,2026-12-31,liraglutide,liraglutide,liraglutide,no
NCT04903509,A Study in Men With Overweight to Test How Well Different Doses of BI 1820237 Are Tolerated When Given as an Injection Alone or in Combination With Liraglutide,PHASE1,COMPLETED,INTERVENTIONAL,95,Boehringer Ingelheim,INDUSTRY,Healthy,BI 1820237|Placebo|Saxenda®|Paracetamol-ratiopharm®,no,2021-06-08,2022-08-26,liraglutide,liraglutide,liraglutide,no
NCT05545800,Efficacy and Safety Of Different Regimens In Patients With Type 2 Diabetes Receiving Intensive Insulin Therapy,PHASE3,UNKNOWN,INTERVENTIONAL,78,Xiangya Hospital of Central South University,OTHER,Type 2 Diabetes Mellitus,metformin+empagliflozin+insulin glargine|IDegLira|premixed insulin analogues,no,2022-09-01,2024-06-01,liraglutide,liraglutide,liraglutide,no
NCT01511172,"Effect of Liraglutide as add-on to Metformin Compared to Either Liraglutide or Metformin Alone, or to a Combination of Metformin and a SU (Sulphonylurea) Agent in Subjects With Type 2 Diabetes",PHASE2,COMPLETED,INTERVENTIONAL,145,Novo Nordisk A/S,INDUSTRY,"Diabetes|Diabetes Mellitus, Type 2",liraglutide|metformin|placebo|placebo|glimepiride,no,2002-08,2002-12,liraglutide,liraglutide,liraglutide,no
NCT01029886,Safety and Efficacy of Exenatide Once Weekly Versus Liraglutide in Subjects With Type 2 Diabetes,PHASE3,COMPLETED,INTERVENTIONAL,912,AstraZeneca,INDUSTRY,Type 2 Diabetes Mellitus,exenatide once weekly|liraglutide,yes,2010-01,2011-01,liraglutide,liraglutide,liraglutide,no
NCT03374956,Individualized Obesity Pharmacotherapy,PHASE3,COMPLETED,INTERVENTIONAL,193,Mayo Clinic,OTHER,Obesity,Phentermine-Topiramate|Liraglutide|Naltrexone/bupropion|Phentermine,yes,2017-12-11,2022-05-26,liraglutide,liraglutide,liraglutide,no
NCT05794581,A Study to Assess the Effects of CT-868 Treatment on Glucose Homeostasis in Participants with Type 1 Diabetes,PHASE1,COMPLETED,INTERVENTIONAL,32,"Carmot Therapeutics, Inc.",INDUSTRY,Type 1 Diabetes,CT-868|Placebo|Victoza,no,2023-03-21,2024-03-06,liraglutide,liraglutide,liraglutide,no
NCT01599338,"Impact of Liraglutide on Sensory Perception, Sensory Specific Satiety, Liking and Wanting in Type 2 Diabetic Patients",NA,COMPLETED,INTERVENTIONAL,30,Centre Hospitalier Universitaire Dijon,OTHER,Type 2 Diabetes Mellitus|Overweight,Liraglutide,no,2011-01,2011-01,liraglutide,liraglutide,liraglutide,no
NCT00978393,A Trial to Assess the Effect of Liraglutide on Gastric Emptying in Healthy Obese Volunteers,PHASE1,COMPLETED,INTERVENTIONAL,49,Novo Nordisk A/S,INDUSTRY,Metabolism and Nutrition Disorder|Obesity,liraglutide|liraglutide|liraglutide|liraglutide|liraglutide|liraglutide,no,2009-09-16,2011-06-08,liraglutide,liraglutide,liraglutide,no
NCT02055014,Randomisation to Endobarrier Alone Versus With Incretin Analogue in SustainEd Diabesity (REVISE-Diabesity),PHASE4,UNKNOWN,INTERVENTIONAL,72,Sandwell & West Birmingham Hospitals NHS Trust,OTHER,Type 2 Diabetes|Obesity|Diabesity,Liraglutide|Duodenal-jejunal bypass liner - Endobarrier device,no,2013-07,2017-03,liraglutide,liraglutide,liraglutide,no
NCT01392898,Liraglutide and Insulin Therapy in Patients With Type 2 Diabetes,NA,UNKNOWN,INTERVENTIONAL,50,Radboud University Medical Center,OTHER,Type 2 Diabetes Mellitus,liraglutide|Insulin,no,2012-02,2014-05,liraglutide,liraglutide,liraglutide,no
NCT01934816,Incretin and KATP Channels,NA,TERMINATED,INTERVENTIONAL,2,Katarina Kos,OTHER,Healthy Subjects,Intradermal injections of GLP-1 and its analogues,no,2013-06,2015-01,liraglutide,liraglutide,liraglutide,no
NCT02717858,A Trial to Assess the Effects of Liraglutide on Gallbladder Emptying in Overweight and Obese Subjects.,PHASE1,COMPLETED,INTERVENTIONAL,52,Novo Nordisk A/S,INDUSTRY,Metabolism and Nutrition Disorder|Obesity,liraglutide|placebo,no,2016-03-16,2017-02-27,liraglutide,liraglutide,liraglutide,no
NCT01785043,Differences in Endothelial Function Amongst Sitagliptin and Liraglutide Users,PHASE4,COMPLETED,INTERVENTIONAL,13,Anna Cruceta,OTHER,DIABETES Mellitus Type 2 Not Well Controlled,Liraglutide|Sitagliptin,no,2013-03,2014-03,liraglutide,liraglutide,liraglutide,no
NCT03632759,Targeting Beta Cell Dysfunction With Liraglutide or Golimumab in Longstanding T1D,EARLY_PHASE1,COMPLETED,INTERVENTIONAL,16,"Carla Greenbaum, MD",OTHER,Type 1 Diabetes Mellitus,Liraglutide|Golimumab,no,2018-08-15,2021-11-09,liraglutide,liraglutide,liraglutide,no
NCT06449703,A Trial to Investigate the Single Dose Pharmacokinetics of Insulin Degludec/Liraglutide in Healthy Chinese Subjects,PHASE1,UNKNOWN,INTERVENTIONAL,44,"Tonghua Dongbao Pharmaceutical Co.,Ltd",INDUSTRY,Healthy,insulin degludec/liraglutide|Xultophy®,no,2024-05-06,2024-06-16,liraglutide,liraglutide,liraglutide,no
NCT02931383,Ultrasound of the Knee in Obese Patients With Knee Osteoarthritis; Weight Maintenance,PHASE4,COMPLETED,INTERVENTIONAL,150,Henrik Gudbergsen,OTHER,Osteoarthritis|Obesity,Liraglutide 3 mg (Saxenda)|Liraglutide 3 mg placebo,no,2016-11,2019-02,liraglutide,liraglutide,liraglutide,no
NCT01658501,"Phase 2b Multicenter, Randomized, Double-Blind, Placebo- and Active-Controlled, Parallel-Group Study to Assess the PD Response and Safety of Three Dose Levels of (PB1023) Injection Following 20 Weeks of Weekly SC Dosing in Adults With T2DM",PHASE2,COMPLETED,INTERVENTIONAL,593,PhaseBio Pharmaceuticals Inc.,INDUSTRY,Type 2 Diabetes Mellitus,50 mg PB1023|70 mg PB1023|100 mg PB1023|Placebo (0.9% Sodium Chloride)|Victoza®|Diet and Exercise|Metformin|Sulfonylurea|Metformin and Sulfonylurea,no,2012-07,2013-07,liraglutide,liraglutide,liraglutide,no
NCT01299012,Liraglutide as Additional Treatment in Patients With Type 1 Diabetes Mellitus,NA,COMPLETED,OBSERVATIONAL,30,University at Buffalo,OTHER,Type 1 Diabetes Mellitus,Liraglutide,no,2010-10,2013-02,liraglutide,liraglutide,liraglutide,no
NCT01272219,Effect of Liraglutide on Body Weight in Non-diabetic Obese Subjects or Overweight Subjects With Co-morbidities: SCALE™ - Obesity and Pre-diabetes,PHASE3,COMPLETED,INTERVENTIONAL,3731,Novo Nordisk A/S,INDUSTRY,Metabolism and Nutrition Disorder|Obesity,liraglutide|placebo|liraglutide|placebo,yes,2011-06-01,2013-03-18,liraglutide,liraglutide,liraglutide,no
NCT01952145,A Trial Comparing the Efficacy and Safety of Insulin Degludec/Liraglutide Versus Insulin Glargine in Subjects With Type 2 Diabetes Mellitus,PHASE3,COMPLETED,INTERVENTIONAL,557,Novo Nordisk A/S,INDUSTRY,"Diabetes|Diabetes Mellitus, Type 2",insulin degludec/liraglutide|insulin glargine,yes,2013-09-20,2014-11-04,liraglutide,liraglutide,liraglutide,no
NCT05111912,Effects of XW003 Versus Liraglutide on Body Weight of Adult Participants With Obesity,PHASE2,COMPLETED,INTERVENTIONAL,206,Sciwind Biosciences APAC CO Pty. Ltd.,INDUSTRY,Obesity,XW003|Saxenda,no,2021-11-30,2022-11-16,liraglutide,liraglutide,liraglutide,no
NCT02773355,Timely Detection of Treatment Emergent Serious and Non-serious Adverse Events for Saxenda® in Mexican Patients,NA,COMPLETED,OBSERVATIONAL,27,Novo Nordisk A/S,INDUSTRY,Obesity,liraglutide 3.0 mg,no,2016-05-16,2021-11-30,liraglutide,liraglutide,liraglutide,no
NCT01403025,Evaluating the Safety and Effectiveness of Liraglutide in Subjects With Type 2 Diabetes,NA,COMPLETED,OBSERVATIONAL,4121,Novo Nordisk A/S,INDUSTRY,"Diabetes|Diabetes Mellitus, Type 2",liraglutide,no,2011-07-19,2015-12-28,liraglutide,liraglutide,liraglutide,no
NCT03500484,Effect of Liraglutide on Neural Responses to High Fructose Corn Syrup in Individuals With Obesity.,EARLY_PHASE1,TERMINATED,INTERVENTIONAL,13,Yale University,OTHER,"Obesity, Childhood|Neural Development",Liraglutide,yes,2018-06-06,2020-06-25,liraglutide,liraglutide,liraglutide,no
NCT01288326,Observational Study on Effectiveness and Safety of Liraglutide in Subjects With Type 2 Diabetes,NA,COMPLETED,OBSERVATIONAL,254,Novo Nordisk A/S,INDUSTRY,"Diabetes|Diabetes Mellitus, Type 2",liraglutide,no,2011-02,2013-03,liraglutide,liraglutide,liraglutide,no
NCT06501326,Efficacy and Safety of Liraglutide in the Treatment of Obesity Combined With Metabolism Associated Fatty Liver Disease,PHASE4,UNKNOWN,INTERVENTIONAL,102,Affiliated Hospital of Nantong University,OTHER,Non-alcoholic Fatty Liver Disease|Obesity,Liraglutide|Orlistat,no,2023-11-01,2024-10-31,liraglutide,liraglutide,liraglutide,no
NCT01511185,Effect of Liraglutide on the Beta-cell Responsiveness in Subjects With Type 2 Diabetes Compared to a Healthy Control Group,PHASE1,COMPLETED,INTERVENTIONAL,20,Novo Nordisk A/S,INDUSTRY,"Diabetes|Diabetes Mellitus, Type 2",liraglutide|placebo,no,2001-02,2001-10,liraglutide,liraglutide,liraglutide,no
NCT03799198,Real World Effectiveness of Combining an Employer-based Weight Management Program With Medication for Chronic Weight Management in Employees With Obesity,PHASE4,COMPLETED,INTERVENTIONAL,200,Novo Nordisk A/S,INDUSTRY,Obesity,Weight Management Program (WMP)|Medication for chronic weight management (Rx),yes,2019-01-07,2020-05-22,liraglutide,liraglutide,liraglutide,no
NCT00318461,To Compare the Effect of Liraglutide When Given Together With Metformin With the Effect of Metformin Given Alone and With the Effect of Glimepiride and Metformin Given Together,PHASE3,COMPLETED,INTERVENTIONAL,1091,Novo Nordisk A/S,INDUSTRY,"Diabetes|Diabetes Mellitus, Type 2",liraglutide|metformin|glimepiride|placebo|placebo|liraglutide|liraglutide,yes,2006-05,2007-05,liraglutide,liraglutide,liraglutide,no
NCT01517568,Metabolism and Excretion of Liraglutide in Healthy Male Volunteers,PHASE1,COMPLETED,INTERVENTIONAL,7,Novo Nordisk A/S,INDUSTRY,Diabetes|Healthy,liraglutide [3H],no,2006-11,2006-12,liraglutide,liraglutide,liraglutide,no
NCT01508949,Effect of Liraglutide on Weight and Appetite in Obese Subjects With Type 2 Diabetes,PHASE2,COMPLETED,INTERVENTIONAL,35,Novo Nordisk A/S,INDUSTRY,"Diabetes|Diabetes Mellitus, Type 2",liraglutide|placebo,no,2001-06,2002-03,liraglutide,liraglutide,liraglutide,no
NCT03011008,Liraglutide as Additional Treatment to Insulin in Patients With Autoimmune Diabetes Mellitus,PHASE4,UNKNOWN,INTERVENTIONAL,20,Second Xiangya Hospital of Central South University,OTHER,Type 1 Diabetes Mellitus|Autoimmune Diabetes,Liraglutide|Insulin,no,2017-01,2020-12,liraglutide,liraglutide,liraglutide,no
NCT04008290,The Effect of Liraglutide on the GIT,PHASE4,UNKNOWN,INTERVENTIONAL,15,Universitaire Ziekenhuizen KU Leuven,OTHER,Obesity,0.6 mg Liraglutide|Placebo,no,2020-04-01,2021-04-01,liraglutide,liraglutide,liraglutide,no
NCT05598008,Effects of Glucagon-like-Peptide-1 Analogues on Sexuality,NA,COMPLETED,OBSERVATIONAL,85,"University Hospital, Basel, Switzerland",OTHER,Sexual Desire,,no,2022-11-25,2025-10-24,liraglutide,liraglutide,liraglutide,no
NCT00993720,"Effect of GLP-1 on Insulin-dose, Risk of Hypoglycemia and Gastric Emptying Rate in Patients With Type 1 Diabetes",PHASE2|PHASE3,COMPLETED,INTERVENTIONAL,30,Hvidovre University Hospital,OTHER,Diabetes Mellitus,Liraglutide|Liraglutide|continuous insulin therapy,no,2009-10,2010-10,liraglutide,liraglutide,liraglutide,no
NCT00614120,Effect of Liraglutide or Glimepiride Added to Metformin on Blood Glucose Control in Subjects With Type 2 Diabetes,PHASE3,COMPLETED,INTERVENTIONAL,929,Novo Nordisk A/S,INDUSTRY,"Diabetes|Diabetes Mellitus, Type 2",liraglutide|placebo|liraglutide|liraglutide|glimepiride|metformin|placebo,yes,2008-01,2009-02,liraglutide,liraglutide,liraglutide,no
NCT02299388,To Evaluate the Effect of Liraglutide on Ambulatory Blood Pressure-A Pilot Study,PHASE4,COMPLETED,INTERVENTIONAL,11,Tulane University School of Medicine,OTHER,"Diabetes Mellitus, Non-Insulin-Dependent|Hypertensive Disease",Liraglutide or Placebo,yes,2014-10,2016-11,liraglutide,liraglutide,liraglutide,no
NCT03235050,A Study to Evaluate the Efficacy and Safety of MEDI0382 in the Treatment of Overweight and Obese Subjects With Type 2 Diabetes,PHASE2,COMPLETED,INTERVENTIONAL,834,AstraZeneca,INDUSTRY,"Diabetes Mellitus, Type 2",MEDI0382 low dose|MEDI0382 mid dose|MEDI0382 high dose|Placebo|Liraglutide,yes,2017-08-02,2018-05-03,liraglutide,liraglutide,liraglutide,no
NCT05268627,Endoscopic Ultrasound Guided Gastric Botulinum Toxin Injections Versus Glucagon Like Peptide 1 Receptor Agonist in Weight Loss,NA,UNKNOWN,INTERVENTIONAL,38,Mansoura University,OTHER,Obesity,Liraglutide,no,2022-01-27,2023-01-27,liraglutide,liraglutide,liraglutide,no
NCT04531176,EMI-EHP Weight Management and Type 2 Diabetes Pragmatic Trial,PHASE4,TERMINATED,INTERVENTIONAL,74,The Cleveland Clinic,OTHER,Type 2 Diabetes|Obesity,Weight Management Program (WMP)|Traditional care|Phentermine / Topiramate Extended Release Oral Capsule|naltrexone/bupropion extended-release|liraglutide 3.0 mg|Orlistat,yes,2020-09-01,2022-08-15,liraglutide,liraglutide,liraglutide,no
NCT01954147,Umbilical Cord Mesenchymal Stem Cells and Liraglutide in Diabetes Mellitus,PHASE1|PHASE2,UNKNOWN,INTERVENTIONAL,100,Diabetes Care Center of Nanjing Military Command,OTHER,Type 2 Diabetes,GLP-1|SC|Standard Medical Treatment,no,2013-10,2014-10,liraglutide,liraglutide,liraglutide,no
NCT02089256,Effect of Repeated Administration of Liraglutide on Insulinogenic Indices,PHASE4,COMPLETED,INTERVENTIONAL,10,University of Tartu,OTHER,Healthy,Liraglutide,no,2014-06,2015-03,liraglutide,liraglutide,liraglutide,no
NCT03341429,Evaluation of Liraglutide 3.0mg in Patients With Poor Weight-loss and a Suboptimal Glucagon-like Peptide-1 Response,PHASE4,COMPLETED,INTERVENTIONAL,70,"University College, London",OTHER,Obesity,Liraglutide Pen Injector [Saxenda]|Placebo,no,2018-08-22,2019-11-28,liraglutide,liraglutide,liraglutide,no
NCT00318422,Effect of Liraglutide on Blood Glucose Control in Subjects With Type 2 Diabetes,PHASE3,COMPLETED,INTERVENTIONAL,1041,Novo Nordisk A/S,INDUSTRY,"Diabetes|Diabetes Mellitus, Type 2",liraglutide|rosiglitazone|glimepiride,no,2006-05,2007-05,liraglutide,liraglutide,liraglutide,no
NCT03479762,In Market Utilisation of Liraglutide Used for Weight Management in the UK: a Study in the CPRD Primary Care Database,NA,COMPLETED,OBSERVATIONAL,105,Novo Nordisk A/S,INDUSTRY,Obesity|Overweight,Liraglutide,no,2018-04-20,2022-09-12,liraglutide,liraglutide,liraglutide,no
NCT02008682,"The Efficacy and Safety of Liraglutide Compared to Sitagliptin, Both in Combination With Metformin in Chinese Subjects With Type 2 Diabetes",PHASE4,COMPLETED,INTERVENTIONAL,368,Novo Nordisk A/S,INDUSTRY,"Diabetes|Diabetes Mellitus, Type 2",liraglutide|sitagliptin,yes,2013-12,2014-11,liraglutide,liraglutide,liraglutide,no
NCT04605861,The Efficacy and Safety of Liraglutide on Body Weight Loss in Obese and Overweight Patients,PHASE3,COMPLETED,INTERVENTIONAL,414,Shanghai Zhongshan Hospital,OTHER,Obese|Overweight,Liraglutide|Placebo,no,2020-08-18,2022-12-31,liraglutide,liraglutide,liraglutide,no
NCT02617654,Liraglutide Effect on Beta-cell Function in C-peptide Positive Type 1 Diabetes,PHASE2,COMPLETED,INTERVENTIONAL,18,Per-Ola Carlsson,OTHER,Type 1 Diabetes,Liraglutide|Placebo for liraglutide,no,2015-11,2020-09,liraglutide,liraglutide,liraglutide,no
NCT03555994,A Study to Investigate the Effect of MEDI0382 on Hepatic Glycogen Metabolism in Overweight and Obese Subjects With Type 2 Diabetes Mellitus.,PHASE2,COMPLETED,INTERVENTIONAL,51,MedImmune LLC,INDUSTRY,Type 2 Diabetes Mellitus,MEDI0382|Placebo|Liraglutide,yes,2018-05-31,2021-04-14,liraglutide,liraglutide,liraglutide,no
NCT05360537,"Effects of Degludec/Liraglutide on Time in Range, Inflammation and Endothelial Function vs Insulin Basal Bolus in Diabetic Inpatients",PHASE4,COMPLETED,INTERVENTIONAL,100,University of Palermo,OTHER,"Diabetes Mellitus, Type 2",Insulin Degludec / Liraglutide Injectable Product|Insulin Glargine,no,2021-04-01,2021-12-01,liraglutide,liraglutide,liraglutide,no
NCT07301437,RWS of of Liraglutide Alone and in Combination With Orlistat for Weight Loss in Overweight/Obese Patients.,PHASE4,NOT_YET_RECRUITING,INTERVENTIONAL,120,The Fourth Affiliated Hospital of Zhejiang University School of Medicine,OTHER,Overweight and Obese Adults,liraglutide monotherapy|liraglutide combined with orlistat,no,2026-05-01,2027-08-31,liraglutide,liraglutide,liraglutide,no
NCT04146155,Efficacy and Safety of Liraglutide in Type 2 Diabetes With Lower Extremity Arterial Disease,PHASE4,UNKNOWN,INTERVENTIONAL,200,"Second Affiliated Hospital, Zhejiang University, School of Medicine",OTHER,Type 2 Diabetes|Peripheral Vascular Disorder Due to Diabetes Mellitus,Liraglutide+standard-of-care treatment|standard-of-care treatment,no,2020-05-01,2021-12-31,liraglutide,liraglutide,liraglutide,no
NCT04666987,A Research Study Looking at Long-term Blood Sugar Control in People With Type 2 Diabetes Being Treated With Xultophy® in a Real-world Setting in Italy,NA,COMPLETED,OBSERVATIONAL,359,Novo Nordisk A/S,INDUSTRY,"Diabetes Mellitus, Type 2",Insulin degludec and liraglutide (IDegLira),no,2020-10-21,2022-12-30,liraglutide,liraglutide,liraglutide,no
NCT02777073,Effects of Single Doses of Liraglutide and Dapagliflozin on Ketogenesis in Type 1 Diabetes,NA,COMPLETED,INTERVENTIONAL,43,University at Buffalo,OTHER,Type 1 Diabetes,Victoza|Placebo|Dapagliflozin 10mg Tab,yes,2016-03-01,2016-12-01,liraglutide,liraglutide,liraglutide,no
NCT02140983,Effects of Liraglutide on Hippocampal Structure and Function in Aging Adults With Prediabetes,PHASE1,COMPLETED,INTERVENTIONAL,41,Stanford University,OTHER,Insulin Resistance|Dementia,Liraglutide|Placebo,no,2013-08,2017-02,liraglutide,liraglutide,liraglutide,no
NCT02870231,"Investigating Safety, Tolerability, PK and PD for Multiple Doses of NNC9204-0530 in Combination With Liraglutide in Male and Female Subjects Being Overweight or With Obesity",PHASE1,COMPLETED,INTERVENTIONAL,187,Novo Nordisk A/S,INDUSTRY,Metabolism and Nutrition Disorder|Obesity,NNC9204-0530|liraglutide|placebo,no,2016-08-18,2017-09-03,liraglutide,liraglutide,liraglutide,no
NCT03757130,Multiple Ascending Dose Study of AMG 598 in Adults With Obesity,PHASE1,COMPLETED,INTERVENTIONAL,50,Amgen,INDUSTRY,Obesity,AMG 598|Placebo|Liraglutide,yes,2018-11-26,2019-12-16,liraglutide,liraglutide,liraglutide,no
NCT01469351,Identifying Potential Effects of Liraglutide on Degenerative Changes,NA,COMPLETED,INTERVENTIONAL,34,University of Aarhus,OTHER,Alzheimers Disease,Liraglutide|non-active study drug,no,2012-01,2013-04,liraglutide,liraglutide,liraglutide,no
NCT03619330,Testosterone Replacement Therapy and Liraglutide Effects on Weight Loss in Hypogonadism.,PHASE4,COMPLETED,INTERVENTIONAL,30,University Medical Centre Ljubljana,OTHER,Hypogonadism|Obesity,liraglutide|Testosterone,no,2014-12,2015-08,liraglutide,liraglutide,liraglutide,no
NCT01916174,"A Trial to Demonstrate Bioequivalence Between Two Insulin Degludec/Liraglutide Formulations, B5 and V2 in Healthy Subjects",PHASE1,COMPLETED,INTERVENTIONAL,50,Novo Nordisk A/S,INDUSTRY,"Diabetes|Diabetes Mellitus, Type 2|Healthy",insulin degludec/liraglutide|insulin degludec/liraglutide,no,2013-08,2013-11,liraglutide,liraglutide,liraglutide,no
NCT02344186,Effects of Liraglutide on ER Stress in Obese Patients With Type 2 Diabetes,PHASE4,UNKNOWN,INTERVENTIONAL,12,Temple University,OTHER,Type 2 Diabetes,Liraglutide,no,2014-05,2022-12-31,liraglutide,liraglutide,liraglutide,no
NCT05444569,A Study of LY3537021 in Healthy Participants,PHASE1,COMPLETED,INTERVENTIONAL,47,Eli Lilly and Company,INDUSTRY,Healthy,LY3537021|Liraglutide|Placebo,no,2022-08-08,2023-02-24,liraglutide,liraglutide,liraglutide,no
NCT00781937,Comparison of Liraglutide Versus Placebo in Weight Loss Maintenance in Obese Subjects: SCALE - Maintenance,PHASE3,COMPLETED,INTERVENTIONAL,422,Novo Nordisk A/S,INDUSTRY,Metabolism and Nutrition Disorder|Obesity,liraglutide|placebo,yes,2008-10-30,2010-09-01,liraglutide,liraglutide,liraglutide,no
NCT02351232,The Lira Pump Trial,PHASE2|PHASE3,COMPLETED,INTERVENTIONAL,44,Hvidovre University Hospital,OTHER,Type 1 Diabetes,Liraglutide|Placebo,no,2015-02,2016-10,liraglutide,liraglutide,liraglutide,no
NCT01761318,Effect of Liraglutide on Cardiovascular Endpoints in Diabetes Mellitus Type 2 Patients,PHASE4,COMPLETED,INTERVENTIONAL,50,Leiden University Medical Center,OTHER,Diabetes Mellitus Type 2|Metabolic Syndrome|Cardiovascular Disease|Diastolic Dysfunction|Fatty Liver,Liraglutide|Liraglutide - Placebo,no,2013-11,2016-03,liraglutide,liraglutide,liraglutide,no
NCT01508897,Comparison of Two Liraglutide Formulations in Healthy Volunteers,PHASE1,COMPLETED,INTERVENTIONAL,22,Novo Nordisk A/S,INDUSTRY,Diabetes|Healthy,liraglutide|liraglutide,no,2004-05-28,2004-06-30,liraglutide,liraglutide,liraglutide,no
NCT05225974,A Randomized Phase 1 Study of Liralutide Injection in Healthy Chinese Subjects,PHASE1,COMPLETED,INTERVENTIONAL,32,The Affiliated Hospital of Qingdao University,OTHER,Therapeutic Equivalency,Liraglutide injection|Liraglutide injection(Victoza®),no,2021-07-16,2021-07-30,liraglutide,liraglutide,liraglutide,no
NCT01638260,GLP-1 and Non-exercise Activity Thermogenesis in RHZ,PHASE4,TERMINATED,INTERVENTIONAL,22,Maastricht University Medical Center,OTHER,Type 2 Diabetes Mellitus,Liraglutide|NEAT,no,2012-10,2013-11,liraglutide,liraglutide,liraglutide,no
NCT01507272,Safety and Tolerability of Liraglutide in Healthy Male Volunteers,PHASE1,COMPLETED,INTERVENTIONAL,34,Novo Nordisk A/S,INDUSTRY,Diabetes|Healthy,liraglutide|liraglutide|placebo|placebo,no,1999-03,1999-12,liraglutide,liraglutide,liraglutide,no
NCT03048578,Clinical Efficacy and Safety of Using 3.0mg Liraglutide to Treat Weight Regain After Roux-en-Y Gastric Bypass Surgery,PHASE4,COMPLETED,INTERVENTIONAL,132,NYU Langone Health,OTHER,Obesity,Saxenda|Placebo,yes,2017-05-22,2021-03-02,liraglutide,liraglutide,liraglutide,no
NCT02905864,Liraglutide 3 mg for Knee Osteoarthritis,PHASE4,COMPLETED,INTERVENTIONAL,150,Henrik Gudbergsen,OTHER,Osteoarthritis|Obesity,Liraglutide 3 mg (Saxenda)|Liraglutide 3 mg placebo,no,2016-11,2019-02,liraglutide,liraglutide,liraglutide,no
NCT02483299,Liraglutide as Add on Therapy on Metformin in Women With Polycystic Ovary Syndrome,PHASE4,COMPLETED,INTERVENTIONAL,40,University Medical Centre Ljubljana,OTHER,PCOS|Obesity,Metformin|Glucophage tablets and Victoza,no,2014-01,2015-04,liraglutide,liraglutide,liraglutide,no
NCT04034524,Cardiovascular Outcomes and HbA1c Among Patients With Type 2 Diabetes Newly Initiating GLP1RAs vs Basal Insulin,NA,UNKNOWN,OBSERVATIONAL,20000,Brigham and Women's Hospital,OTHER,"Diabetes Mellitus, Type 2",GLP-1 receptor agonist|Insulin,no,2019-05-01,2020-12-31,liraglutide,liraglutide,liraglutide,no
NCT06742710,Liraglutide Treatment in Obese Infertile PCOS Women,PHASE4,RECRUITING,INTERVENTIONAL,890,Peking University Third Hospital,OTHER,PCOS|Obesity|Infertility,Liraglutide and metformin|Metformin,no,2025-05-22,2029-05-30,liraglutide,liraglutide,liraglutide,no
NCT00620282,The Effect of Liraglutide on Endothelial Function in Subjects With Type 2 Diabetes Mellitus,PHASE3,COMPLETED,INTERVENTIONAL,49,Novo Nordisk A/S,INDUSTRY,"Diabetes|Diabetes Mellitus, Type 2",liraglutide|placebo|glimepiride,yes,2008-02,2010-05,liraglutide,liraglutide,liraglutide,no
NCT01270789,LIraglutide and Beta-cell RepAir (LIBRA) Study,PHASE3,COMPLETED,INTERVENTIONAL,63,"Mount Sinai Hospital, Canada",OTHER,Type 2 Diabetes,Liraglutide|placebo,no,2011-01,2013-12,liraglutide,liraglutide,liraglutide,no
NCT02608853,Estimation of Malignancy Rates Within Humedica Patient Populations Sampled to be Representative of Liraglutide Initiators and LEADER™ Trial Participants,NA,COMPLETED,OBSERVATIONAL,9999,Novo Nordisk A/S,INDUSTRY,"Diabetes|Diabetes Mellitus, Type 2",No treatment given,no,2015-01,2015-01,liraglutide,liraglutide,liraglutide,no
NCT01789086,"A Randomised, Double-blind, Placebo-controlled Trial to Assess Safety, Tolerability and Pharmacokinetics of Liraglutide in Obese Adolescent Subjects Aged 12 to 17 Years",PHASE1,COMPLETED,INTERVENTIONAL,21,Novo Nordisk A/S,INDUSTRY,Metabolism and Nutrition Disorder|Obesity,liraglutide|placebo,no,2013-02,2014-05,liraglutide,liraglutide,liraglutide,no
NCT01232946,Cooperation of Insulin and GLP-1 on Myocardial Glucose Uptake,NA,COMPLETED,INTERVENTIONAL,30,Indiana University,OTHER,Type 2 Diabetes,liraglutide|insulin detemir|liraglutide plus insulin detemir,yes,2012-01,2017-09-08,liraglutide,liraglutide,liraglutide,no
NCT04057261,Effect of Liraglutide on the Metabolic Profile in Patients With Type 2 Diabetes and Cardiovascular Disease,PHASE3,WITHDRAWN,INTERVENTIONAL,0,RWTH Aachen University,OTHER,Type 2 Diabetes|Cardiovascular Diseases,Liraglutide Pen Injector [Victoza]|Placebo,no,2020-11,2022-08,liraglutide,liraglutide,liraglutide,no
NCT00154401,Effect of Liraglutide on Blood Glucose Control in Subjects With Type 2 Diabetes,PHASE2,COMPLETED,INTERVENTIONAL,177,Novo Nordisk A/S,INDUSTRY,"Diabetes|Diabetes Mellitus, Type 2",liraglutide,no,2005-01,2005-10,liraglutide,liraglutide,liraglutide,no
NCT06976619,The Effect of Glycemic Control and of GLP-1 Receptor Agonism on Islet GLP-1 in People With Type 1 and Type 2 Diabetes,PHASE2,RECRUITING,INTERVENTIONAL,60,Mayo Clinic,OTHER,Type 1 Diabetes|Type 2 Diabetes,Liraglutide Pen Injector|Saline Injections,no,2025-10-03,2028-10-30,liraglutide,liraglutide,liraglutide,no
NCT02686177,Effect of GLP-1 on Angiogenesis,PHASE4,COMPLETED,INTERVENTIONAL,50,Assistance Publique - Hôpitaux de Paris,OTHER,Type 2 Diabetes,Liraglutide|Metformin or sulfonylurea,no,2016-05-18,2017-08-08,liraglutide,liraglutide,liraglutide,no
NCT03279731,Binge Eating Liraglutide Intervention,PHASE3,TERMINATED,INTERVENTIONAL,36,Kelly Allison,OTHER,Binge-Eating Disorder,Liraglutide (Saxenda) 6Mg/Ml Inj Pen 3Ml|Placebo,yes,2017-09-29,2019-09-30,liraglutide,liraglutide,liraglutide,no
NCT03672812,The Use of Liraglutide in Brain Death,PHASE3,COMPLETED,INTERVENTIONAL,50,Hospital de Clinicas de Porto Alegre,OTHER,Brain Death,Liraglutide,no,2018-09-01,2019-12-10,liraglutide,liraglutide,liraglutide,no
NCT03070704,"Non-interventional, Post Marketing Surveillance Study of Xultophy™ (Insulin Degludec/Liraglutide) to Evaluate Long Term Safety and Efficacy in Patients With Type 2 Diabetes Mellitus in Routine Clinical Practice in India",NA,WITHDRAWN,OBSERVATIONAL,0,Novo Nordisk A/S,INDUSTRY,"Diabetes|Diabetes Mellitus, Type 2",insulin degludec/liraglutide,no,2017-08-16,2019-03-01,liraglutide,liraglutide,liraglutide,no
NCT02660047,Effect of Liraglutide on Cardiovascular Endpoints in Diabetes Mellitus Type 2 Patients of South Asian Descent,PHASE4,COMPLETED,INTERVENTIONAL,51,Leiden University Medical Center,OTHER,Diabetes Mellitus Type 2|Metabolic Syndrome|Cardiovascular Disease|Diastolic Dysfunction|Fatty Liver,Liraglutide|Liraglutide - Placebo,no,2015-08,2018-03-09,liraglutide,liraglutide,liraglutide,no
NCT02963935,Effect and Safety of Liraglutide 3.0 mg as an Adjunct to Intensive Behaviour Therapy for Obesity in a Non-specialist Setting,PHASE3,COMPLETED,INTERVENTIONAL,282,Novo Nordisk A/S,INDUSTRY,Metabolism and Nutrition Disorder|Obesity,liraglutide|placebo|CMS Intensive Behavior Therapy,yes,2017-02-06,2018-05-23,liraglutide,liraglutide,liraglutide,no
NCT02718950,"Influence of Liraglutide, a GLP-1 Receptor Agonist, on Brown Adipose Tissue (BAT) Activity in Humans",PHASE3,UNKNOWN,INTERVENTIONAL,20,"University of Campinas, Brazil",OTHER,Obesity|Type 2 Diabetes Mellitus,Liraglutide 3.0 mg,no,2016-06,2017-03,liraglutide,liraglutide,liraglutide,no
NCT02953665,Safety and Efficacy of Liraglutide in Parkinson's Disease,PHASE2,COMPLETED,INTERVENTIONAL,63,Cedars-Sinai Medical Center,OTHER,Parkinson Disease,Liraglutide|Placebo,yes,2017-04-03,2022-08-03,liraglutide,liraglutide,liraglutide,no
NCT02730377,Efficacy in Controlling Glycaemia With Victoza® (Liraglutide) as add-on to Metformin vs. OADs as add-on to Metformin After up to 104 Weeks of Treatment in Subjects With Type 2 Diabetes,PHASE4,COMPLETED,INTERVENTIONAL,1991,Novo Nordisk A/S,INDUSTRY,"Diabetes|Diabetes Mellitus, Type 2",liraglutide|alpha-glucosidase inhibitors|DPP-4 inhibitors|meglitinides|SGLT-2 inhibitors|sulphonylurea|thiazolidinediones,yes,2016-03-28,2019-08-05,liraglutide,liraglutide,liraglutide,no
NCT04325581,Laparocopic Sleeve Gastrectomy With or Without Liraglutide in Obese Patients,PHASE3,COMPLETED,INTERVENTIONAL,16,"Post Graduate Institute of Medical Education and Research, Chandigarh",OTHER,Weight Loss,Liraglutide 6 MG/ML|Placebos,no,2016-08-01,2018-12-31,liraglutide,liraglutide,liraglutide,no
NCT02098395,The Efficacy and Safety of Liraglutide Adjunct to Insulin Treatment in Type 1 Diabetes,PHASE3,COMPLETED,INTERVENTIONAL,835,Novo Nordisk A/S,INDUSTRY,"Diabetes|Diabetes Mellitus, Type 1",liraglutide|liraglutide|liraglutide|placebo|placebo|placebo,yes,2014-05,2015-04,liraglutide,liraglutide,liraglutide,no
NCT02527200,Effect of Liraglutide for Weight Management in Paediatric Subjects With Prader-Willi Syndrome,PHASE3,COMPLETED,INTERVENTIONAL,56,Novo Nordisk A/S,INDUSTRY,Metabolism and Nutrition Disorder|Obesity,liraglutide|placebo,yes,2015-11-09,2020-11-04,liraglutide,liraglutide,liraglutide,no
NCT02535299,Par-4 and Telomere-telomerase System in Type 2 Diabetes Patients Who Received GLP-1 or Metformin Treatment,PHASE4,UNKNOWN,INTERVENTIONAL,200,Third Military Medical University,OTHER,GLP-1；Metformin；Telomere-telomerase System；Par-4,Liraglutide|Metformin,no,2016-06,2018-12,liraglutide,liraglutide,liraglutide,no
NCT03041792,Methodology Study To Examine 6-Week Food Intake With Liraglutide In Obese Subjects,PHASE1,COMPLETED,INTERVENTIONAL,61,Pfizer,INDUSTRY,Obesity,Liraglutide|Placebo,yes,2017-02-20,2018-01-16,liraglutide,liraglutide,liraglutide,no
NCT01507311,Effect of Liraglutide on Pulsatile Insulin Secretion in Subjects With Type 2 Diabetes,PHASE1,COMPLETED,INTERVENTIONAL,11,Novo Nordisk A/S,INDUSTRY,"Diabetes|Diabetes Mellitus, Type 2",liraglutide|placebo,no,1999-09,1999-12,liraglutide,liraglutide,liraglutide,no
NCT05041673,Anti-diabetic Drugs and Fatty Liver Management,NA,UNKNOWN,INTERVENTIONAL,120,Alexandria University,OTHER,"Fatty Liver, Nonalcoholic|Diabetes Mellitus, Type 2",Metformin,no,2021-02-23,2021-09-30,liraglutide,liraglutide,liraglutide,no
NCT02231658,"Effects of Victoza® Versus Lyxumia® on Gastroesophageal Reflux, Gastric Emptying and Gastric Acid Secretion",PHASE1,TERMINATED,INTERVENTIONAL,109,Profil Institut für Stoffwechselforschung GmbH,INDUSTRY,Diabetes Mellitus,Liraglutide|Lixisenatide,no,2015-07-16,2018-07-23,liraglutide,liraglutide,liraglutide,no
NCT02501850,The Effect of the GLP-1 Receptor Agonists on Blood Levels of Lipoprotein (a),PHASE4,UNKNOWN,INTERVENTIONAL,40,Hospital Universitari Vall d'Hebron Research Institute,OTHER,Diabetes Mellitus Type 2,Liraglutide|metformin,no,2014-10,2015-07,liraglutide,liraglutide,liraglutide,no
NCT06500130,Effects of Liraglutide on Body Surface Gastric Mapping,NA,COMPLETED,INTERVENTIONAL,22,Alimetry,INDUSTRY,Gastroparesis|Functional Dyspepsia|Chronic Nausea and Vomiting Syndrome|Healthy,Body Surface Gastric Mapping,no,2024-05-30,2024-10-30,liraglutide,liraglutide,liraglutide,no
NCT02001363,Efficacy Study of Glucagonlike Peptide-1 to Treat Reperfusion Injury,NA,UNKNOWN,INTERVENTIONAL,90,"Chen Wei Ren, MD",OTHER,Acute Myocardial Infarction,"liraglutide (Novo Nordisk, Bagsværd, Denmark)|liraglutide placebo (Novo Nordisk)",no,2013-11,2016-03,liraglutide,liraglutide,liraglutide,no
NCT01899430,Polycystic Ovary Syndrome and Liraglutide,PHASE4,COMPLETED,INTERVENTIONAL,32,University Medical Centre Ljubljana,OTHER,PCOS|Obesity,liraglutide|metformin,no,2011-11,2012-10,liraglutide,liraglutide,liraglutide,no
NCT01744236,SAFEGUARD: Pleiotropic Effects of Incretin Based Therapies,PHASE4,COMPLETED,INTERVENTIONAL,70,"Amsterdam UMC, location VUmc",OTHER,Type 2 Diabetes,Liraglutide|Sitagliptin|Exenatide|Liraglutide placebo|Sitagliptin placebo|Exenatide placebo|L-NMMA,no,2013-04,2015-08,liraglutide,liraglutide,liraglutide,no
NCT02674893,Effect of Victoza on Dietary Preferences and Habit in Patients With Type 2 Diabetes,PHASE4,TERMINATED,INTERVENTIONAL,48,Centre Hospitalier Universitaire Dijon,OTHER,Type 2 Diabetes|Overweight,Liraglutide|Observation alone,no,2014-02-04,2016-08-31,liraglutide,liraglutide,liraglutide,no
NCT01612468,Liraglutide in Type 1 Diabetes,PHASE4,COMPLETED,INTERVENTIONAL,100,Steno Diabetes Center Copenhagen,OTHER,"Diabetes Mellitus, Type 1|Overweight",Liraglutide|Placebo,no,2012-06,2015-02,liraglutide,liraglutide,liraglutide,no
NCT02895672,GLP-1/Basal Insulin Combination Therapy,NA,COMPLETED,OBSERVATIONAL,150,Albany College of Pharmacy and Health Sciences,OTHER,Type 2 Diabetes Mellitus,GLP-1 therapy,no,2016-08,2016-11,liraglutide,liraglutide,liraglutide,no
NCT05419856,"Safety, Tolerability and Pharmacokinetics of Intraarticular 4P004 Single Dose in Patient With KL 2-4 Osteoarthritic Knee",PHASE1,COMPLETED,INTERVENTIONAL,34,4Moving Biotech,INDUSTRY,Knee Osteoarthritis,4P-004|Placebo,yes,2022-08-09,2023-10-31,liraglutide,liraglutide,liraglutide,no
NCT02910570,Changes in Skin Autoflouresence Following Weight Loss and Maintenance Using Liraglutide in Knee Osteoarthritis,PHASE4,COMPLETED,INTERVENTIONAL,150,Parker Research Institute,OTHER,"Osteoarthritis, Knee",Liraglutide 3 mg (Saxenda)|Liraglutide 3 mg placebo,no,2016-11,2019-02,liraglutide,liraglutide,liraglutide,no
NCT06559722,A Trial Investigating the Efficacy and Safety of Insulin Degludec/Liraglutide Injection in Subjects With Type 2 Diabetes,PHASE3,UNKNOWN,INTERVENTIONAL,510,"Tonghua Dongbao Pharmaceutical Co.,Ltd",INDUSTRY,Type 2 Diabetes,Insulin Degludec/liraglutide Injection|XULTOPHY®,no,2024-08,2025-10,liraglutide,liraglutide,liraglutide,no
NCT01515553,Bioequivalence of Two Liraglutide Formulations in Healthy Volunteers,PHASE1,COMPLETED,INTERVENTIONAL,22,Novo Nordisk A/S,INDUSTRY,Diabetes|Healthy,liraglutide,no,2007-01,2007-04,liraglutide,liraglutide,liraglutide,no
NCT00856986,The Effect of Insulin Detemir in Combination With Liraglutide and Metformin Compared to Liraglutide and Metformin in Subjects With Type 2 Diabetes,PHASE3,COMPLETED,INTERVENTIONAL,987,Novo Nordisk A/S,INDUSTRY,"Diabetes|Diabetes Mellitus, Type 2",liraglutide|insulin detemir|metformin,yes,2009-03,2010-04,liraglutide,liraglutide,liraglutide,no
NCT02104037,Liraglutide in Spinal Fluid,NA,COMPLETED,INTERVENTIONAL,8,Mikkel Christensen,OTHER,Liraglutide Blood-brain Transfer,Lumbar puncture,no,2012-01,2013-12,liraglutide,liraglutide,liraglutide,no
NCT03068065,Antidiabetic Effects on Intrahepatic Fat,PHASE4,COMPLETED,INTERVENTIONAL,87,The Affiliated Nanjing Drum Tower Hospital of Nanjing University Medical School,OTHER,Non-Alcoholic Fatty Liver Disease|Type2 Diabetes,Liraglutide|Metformin|Gliclazide,no,2014-05,2014-11,liraglutide,liraglutide,liraglutide,no
NCT04046822,Effect of Liraglutide on Microbiome in Obesity,PHASE4,UNKNOWN,INTERVENTIONAL,70,Federico II University,OTHER,Obesity|Weight Loss|Microbiome,Liraglutide 6 MG/ML [Saxenda]|Placebo,no,2019-01-09,2020-01-09,liraglutide,liraglutide,liraglutide,no
NCT03449654,Effect of Liraglutide on Vascular Inflammation in Type-2 Diabetes,PHASE4,COMPLETED,INTERVENTIONAL,102,Steno Diabetes Center Copenhagen,OTHER,"Diabetes Mellitus, Type 2",Liraglutide|Placebo (for liraglutide),no,2017-10-26,2019-08-16,liraglutide,liraglutide,liraglutide,no
NCT04775082,SCALE KIDS: Research Study to Look at How Well a New Medicine is at Lowering Weight in Children With Obesity,PHASE3,ACTIVE_NOT_RECRUITING,INTERVENTIONAL,78,Novo Nordisk A/S,INDUSTRY,Obesity,Liraglutide|Placebo,no,2021-03-04,2023-08-01,liraglutide,liraglutide,liraglutide,no
NCT02954627,Ultrasound Assessment of the Carotid Intimal Medial Thickness in Obese Subjects; Weight Loss,NA,COMPLETED,OBSERVATIONAL,200,Henrik Gudbergsen,OTHER,Osteoarthritis|Obesity,Dietary Supplement: Intensive dietary intervention,no,2016-11,2019-02,liraglutide,liraglutide,liraglutide,no
NCT02036372,"Perioperative Insulin, GIK or GLP-1 Treatment in Diabetes Mellitus",NA,COMPLETED,INTERVENTIONAL,150,Academisch Medisch Centrum - Universiteit van Amsterdam (AMC-UvA),OTHER,Diabetes Mellitus Type II,Liraglutide|Insulin bolus|GIK infusion,no,2014-01,2017-01,liraglutide,liraglutide,liraglutide,no
NCT05162183,Replication of the LEAD-2 Diabetes Trial in Healthcare Claims Data,NA,COMPLETED,OBSERVATIONAL,3474,Brigham and Women's Hospital,OTHER,Diabetes,Glimepiride|Liraglutide,no,2019-09-01,2021-09-01,liraglutide,liraglutide,liraglutide,no
NCT02014740,Effect of Liraglutide on Epicardial Fat in Subjects With Type 2 Diabetes,PHASE4,COMPLETED,INTERVENTIONAL,100,University of Miami,OTHER,Type 2 Diabetes|Overweight|Obesity,Liraglutide|Metformin,yes,2014-03,2017-03,liraglutide,liraglutide,liraglutide,no
NCT01931982,Effect of Glucagon-like Peptide 1 (GLP-1) on Microvascular Myocardial Function in Patients With Type 2 Diabetes.,PHASE4,COMPLETED,INTERVENTIONAL,20,Bispebjerg Hospital,OTHER,Type 2 Diabetes|Microvascular Dysfunction,Victoza,no,2013-05,2014-04,liraglutide,liraglutide,liraglutide,no
NCT05360147,Liraglutide Improve Cognitive Function in Patients With Type 2 Diabetes Mellitus,PHASE3,COMPLETED,INTERVENTIONAL,30,Third Military Medical University,OTHER,Type 2 Diabetes Mellitus,"Liraglutide|Oral antidiabetic drugs: Metformin, Sulfonylureas (2nd generation), Thiazolidinediones, α-Glucosidase inhibitors, and Glinides",no,2021-01-20,2021-04-20,liraglutide,liraglutide,liraglutide,no
NCT01234649,Combined Liraglutide and Metformin Therapy in Women With Previous Gestational Diabetes Mellitus (GDM),PHASE3,COMPLETED,INTERVENTIONAL,153,Woman's,OTHER,Gestational Diabetes Mellitus|Type 2 Diabetes Mellitus|Metabolic Syndrome|Impaired Glucose Tolerance|Disorder of Glucose Regulation,Metformin XR plus placebo|Metformin XR plus liraglutide,yes,2011-08-11,2019-04-24,liraglutide,liraglutide,liraglutide,no
NCT03353948,The Effect of a Liraglutide on IVF in Obese PCOS,PHASE4,COMPLETED,INTERVENTIONAL,30,University Medical Centre Ljubljana,OTHER,"Polycystic Ovary Syndrome|Obesity|Infertility, Female",MET|COMBI,no,2014-09-01,2016-05-31,liraglutide,liraglutide,liraglutide,no
NCT03292185,A Trial to Investigate the Single Dose Pharmacokinetics of Insulin Degludec/Liraglutide Compared With Insulin Degludec and Liraglutide in Healthy Chinese Subjects,PHASE1,COMPLETED,INTERVENTIONAL,24,Novo Nordisk A/S,INDUSTRY,"Diabetes|Diabetes Mellitus, Type 2",insulin degludec/liraglutide|insulin degludec|liraglutide,no,2017-09-29,2018-01-02,liraglutide,liraglutide,liraglutide,no
NCT02443155,A Clinical Proof-of-principle Trial in Adult Subjects With Newly Diagnosed Type 1 Diabetes Mellitus Investigating the Effect of NNC0114-0006 and Liraglutide on Preservation of Beta-cell Function,PHASE2,COMPLETED,INTERVENTIONAL,308,Novo Nordisk A/S,INDUSTRY,"Diabetes|Diabetes Mellitus, Type 1",NNC0114-0006|liraglutide|placebo,yes,2015-11-10,2018-08-31,liraglutide,liraglutide,liraglutide,no
NCT00983021,Safety and Tolerability of NN9068 in Healthy Male Volunteers,PHASE1,COMPLETED,INTERVENTIONAL,24,Novo Nordisk A/S,INDUSTRY,Diabetes|Healthy,insulin degludec/liraglutide|insulin degludec|liraglutide|placebo,no,2009-09,2009-12,liraglutide,liraglutide,liraglutide,no
NCT06439056,Phase 1 Study Assessing the Pharmacokinetics of NEX-22A in Subjects With T2D,PHASE1,COMPLETED,INTERVENTIONAL,12,Nanexa AB,INDUSTRY,Type 2 Diabetes,"NEX-22A, a prolonged release formulation of liraglutide",no,2024-05-27,2025-07-18,liraglutide,liraglutide,liraglutide,no
NCT05438186,INSPIRE Turkey :A Research Study Looking at the Clinical Parameters Associated With Use and Discontinuation of Saxenda® in Local Clinical Practice in Turkey by Analysing Past Patient Medical Records,NA,WITHDRAWN,OBSERVATIONAL,0,Novo Nordisk A/S,INDUSTRY,Obesity,Liraglutide,no,2022-09-01,2022-09-30,liraglutide,liraglutide,liraglutide,no
NCT01392573,A Trial Comparing the Efficacy and Safety of Insulin Degludec/Liraglutide and Insulin Degludec in Subjects With Type 2 Diabetes,PHASE3,COMPLETED,INTERVENTIONAL,413,Novo Nordisk A/S,INDUSTRY,"Diabetes|Diabetes Mellitus, Type 2",insulin degludec/liraglutide|insulin degludec,yes,2011-11-28,2012-10-01,liraglutide,liraglutide,liraglutide,no
NCT01512108,Safety and Efficacy of Liraglutide in Combination With an OAD in Subjects With Type 2 Diabetes Insufficiently Controlled on OAD Alone,PHASE3,COMPLETED,INTERVENTIONAL,363,Novo Nordisk A/S,INDUSTRY,"Diabetes|Diabetes Mellitus, Type 2",liraglutide|oral anti-diabetic drug,yes,2012-01-10,2013-04-26,liraglutide,liraglutide,liraglutide,no
NCT01175473,Effects of Lixisenatide Compared to Liraglutide on the Postprandial Plasma Glucose in Patients With Type 2 Diabetes,PHASE2,COMPLETED,INTERVENTIONAL,148,Sanofi,INDUSTRY,Type 2 Diabetes Mellitus,Lixisenatide (AVE0010)|Pen auto-injector|Liraglutide|Pre-filled pen injector|Metformin,yes,2010-08,2010-11,liraglutide,liraglutide,liraglutide,no
NCT03486392,A Study to Evaluate the Safety and Efficacy of JNJ-64565111 in Non-diabetic Severely Obese Participants,PHASE2,COMPLETED,INTERVENTIONAL,474,"Janssen Research & Development, LLC",INDUSTRY,Obesity,JNJ-64565111 Dose Level 1|JNJ-64565111 Dose Level 2|JNJ-64565111 Dose Level 3|Liraglutide|Placebo,yes,2018-03-26,2019-03-08,liraglutide,liraglutide,liraglutide,no
NCT01937598,Antidiabetic Effects of Adding a DPP-4 Inhibitor to Pre-Existing Treatment With an Incretin Mimetic in Patients With T2D,PHASE3,COMPLETED,INTERVENTIONAL,16,Michael A. Nauck,OTHER,Type 2 Diabetes,Placebo|Mixed meal test|Liraglutide|Sitagliptin,yes,2013-08,2014-04,liraglutide,liraglutide,liraglutide,no
NCT03804411,Prognostic Predictors of Response to Hypoglycemic Therapy,PHASE4,UNKNOWN,INTERVENTIONAL,800,"Federal State Budgetary Institution, V. A. Almazov Federal North-West Medical Research Centre, of the Ministry of Health",OTHER,"Diabetes Mellitus, Type 2",Automatic system guided treatment|Standard treatment,no,2017-08-01,2020-03,liraglutide,liraglutide,liraglutide,no
NCT02298192,A Clinical Trial Comparing Efficacy and Safety of Insulin Degludec/Liraglutide (IDegLira) in Subjects With Type 2 Diabetes Mellitus Using Two Different Titration Algorithms,PHASE3,COMPLETED,INTERVENTIONAL,420,Novo Nordisk A/S,INDUSTRY,"Diabetes|Diabetes Mellitus, Type 2",insulin degludec/liraglutide,yes,2014-11-21,2015-12-23,liraglutide,liraglutide,liraglutide,no
NCT01511198,Efficacy and Safety of Metformin and Liraglutide in Obese Subjects With Type 2 Diabetes Previously Treated With an Oral Hypoglycemic Agent,PHASE2,COMPLETED,INTERVENTIONAL,223,Novo Nordisk A/S,INDUSTRY,"Diabetes|Diabetes Mellitus, Type 2",liraglutide|metformin,no,2001-02,2001-10,liraglutide,liraglutide,liraglutide,no
NCT02944500,Saxenda: Underlying Mechanisms and Clinical Outcomes,PHASE4,ACTIVE_NOT_RECRUITING,INTERVENTIONAL,28,Beth Israel Deaconess Medical Center,OTHER,Obesity,liraglutide|Placebo,no,2016-11,2027-06,liraglutide,liraglutide,liraglutide,no
NCT02059564,A Phase 1b Study of LAPS-Exendin in Subjects of Type 2 Diabetes Mellitus,PHASE1,UNKNOWN,INTERVENTIONAL,44,Hanmi Pharmaceutical Company Limited,INDUSTRY,Diabetes Mellitus,HM11260C|Placebo|Victoza,no,2013-12,2014-10,liraglutide,liraglutide,liraglutide,no
NCT05467514,Effect of Liraglutide on Subclinical Atherosclerosis in Patients With Type 1 Diabetes Mellitus,PHASE3,COMPLETED,INTERVENTIONAL,35,David Sanchez Garcia,OTHER_GOV,"Diabetes Mellitus, Type 1",Liraglutide,no,2022-07-01,2023-02-28,liraglutide,liraglutide,liraglutide,no
NCT02545738,Antiproteinuric Effects of Liraglutide Treatment,PHASE4,COMPLETED,INTERVENTIONAL,32,Steno Diabetes Center Copenhagen,OTHER,Diabetic Kidney Disease,Liraglutide|placebo,no,2015-04,2016-05,liraglutide,liraglutide,liraglutide,no
NCT02403284,The Effect of Liraglutide on Dietary Lipid Induced Insulin Resistance in Humans,PHASE4,COMPLETED,INTERVENTIONAL,97,Phoenix VA Health Care System,FED,Insulin Resistance,Liraglutide|Sugar Pill,no,2013-03,2021-04-28,liraglutide,liraglutide,liraglutide,no
NCT03208881,"Ultrasound Assessment of the Adventitia, Extra-media (EMT) and Veia Jugularis Interna Thickness",NA,UNKNOWN,OBSERVATIONAL,80,Henrik Gudbergsen,OTHER,"Osteoarthritis, Obesity",Dietary Supplement: Intensive dietary intervention,no,2017-07-15,2019-01,liraglutide,liraglutide,liraglutide,no
NCT01345734,Non-Interventional Study on Safety of Liraglutide in Subjects With Type 2 Diabetes,NA,COMPLETED,OBSERVATIONAL,1056,Novo Nordisk A/S,INDUSTRY,"Diabetes|Diabetes Mellitus, Type 2",liraglutide,no,2011-09-01,2013-07-26,liraglutide,liraglutide,liraglutide,no
NCT02492763,A Preliminary Study of the Efficacy and Safety of MK-8521 for Type 2 Diabetes (MK-8521-004),PHASE2,TERMINATED,INTERVENTIONAL,176,Merck Sharp & Dohme LLC,INDUSTRY,Type II Diabetes Mellitus,MK-8521|Placebo|Liraglutide|Metformin,yes,2015-07-27,2017-04-18,liraglutide,liraglutide,liraglutide,no
NCT01507337,Comparison of the Effect of Liraglutide in Young Versus Elderly Healthy Volunteers,PHASE1,COMPLETED,INTERVENTIONAL,32,Novo Nordisk A/S,INDUSTRY,Diabetes|Healthy,liraglutide,no,2004-04,2004-06,liraglutide,liraglutide,liraglutide,no
NCT00873223,Examination of the Effects of Liraglutide on the Mode of Action of Insulin Detemir,PHASE1,COMPLETED,INTERVENTIONAL,33,Novo Nordisk A/S,INDUSTRY,"Diabetes|Diabetes Mellitus, Type 2",liraglutide|insulin detemir,no,2009-03,2009-09,liraglutide,liraglutide,liraglutide,no
NCT01508923,Effect of Liraglutide on Glucose Profiles and Gastric Emptying in Subjects With Type 2 Diabetes,PHASE2,COMPLETED,INTERVENTIONAL,17,Novo Nordisk A/S,INDUSTRY,"Diabetes|Diabetes Mellitus, Type 2",liraglutide|placebo,no,2001-05,2002-02,liraglutide,liraglutide,liraglutide,no
NCT02082496,GLP-1 Response and Effect in Individuals With Obesity Causing Genetic Mutations,PHASE2,COMPLETED,INTERVENTIONAL,50,University of Copenhagen,OTHER,Obesity,Liraglutide,no,2014-06,2016-04,liraglutide,liraglutide,liraglutide,no
NCT01507389,Safety of Liraglutide in Subjects With Liver Impairment and in Subjects With Normal Liver Function,PHASE1,COMPLETED,INTERVENTIONAL,24,Novo Nordisk A/S,INDUSTRY,"Diabetes|Diabetes Mellitus, Type 2",liraglutide,no,2006-03,2006-06,liraglutide,liraglutide,liraglutide,no
NCT02072096,A Comparison of Two Treatment Strategies in Older Participants With Type 2 Diabetes Mellitus (T2DM),PHASE4,TERMINATED,INTERVENTIONAL,192,Eli Lilly and Company,INDUSTRY,"Diabetes Mellitus, Type 2",Glimepiride|Metformin|Pioglitazone|Acarbose|Linagliptin|Sitagliptin|Liraglutide|Insulin Glargine|Exenatide once weekly (QW)|Exenatide twice daily (BID),yes,2014-02,2015-10,liraglutide,liraglutide,liraglutide,no
NCT01515579,Comparison of Two Liraglutide Formulations in Healthy Subjects,PHASE1,COMPLETED,INTERVENTIONAL,22,Novo Nordisk A/S,INDUSTRY,Diabetes|Healthy,liraglutide|liraglutide,no,2006-04,2006-06,liraglutide,liraglutide,liraglutide,no
NCT03038620,Impact of Liraglutide 3.0 on Body Fat Distribution,PHASE4,COMPLETED,INTERVENTIONAL,235,University of Texas Southwestern Medical Center,OTHER,"Obesity, Visceral|Cardiovascular Diseases|Fat Disorder",Liraglutide|Placebo,yes,2017-01,2020-10-13,liraglutide,liraglutide,liraglutide,no
NCT01511692,Effect of Liraglutide Compared to Glimepiride on Appetite in Subjects With Type 2 Diabetes,PHASE1,COMPLETED,INTERVENTIONAL,43,Novo Nordisk A/S,INDUSTRY,"Diabetes|Diabetes Mellitus, Type 2",liraglutide|placebo|placebo|glimepiride,no,2005-11,2007-09,liraglutide,liraglutide,liraglutide,no
NCT02073929,LIPT - Liraglutide in Polycystic Ovary Syndrome,PHASE4,COMPLETED,INTERVENTIONAL,72,Jens Faber,OTHER,Polycystic Ovary Syndrome|Cardiovascular Disease,Liraglutide for 26 weeks|placebo,yes,2014-03,2015-12,liraglutide,liraglutide,liraglutide,no
NCT02607306,"A Trial Comparing the Efficacy and Safety of Insulin Degludec/Liraglutide, Insulin Degludec and Liraglutide in Japanese Subjects With Type 2 Diabetes Mellitus.",PHASE3,COMPLETED,INTERVENTIONAL,819,Novo Nordisk A/S,INDUSTRY,"Diabetes|Diabetes Mellitus, Type 2",insulin degludec/liraglutide|insulin degludec|liraglutide,yes,2015-11-18,2017-12-15,liraglutide,liraglutide,liraglutide,no
NCT03011021,Safety and Efficacy of Umbilical Cord Blood Regulatory T Cells Plus Liraglutide on Autoimmune Diabetes,PHASE1|PHASE2,UNKNOWN,INTERVENTIONAL,40,Second Xiangya Hospital of Central South University,OTHER,Type1 Diabetes Mellitus|Autoimmune Diabetes,Liraglutide|UCB-Treg|Insulin,no,2017-01,2025-06,liraglutide,liraglutide,liraglutide,no
NCT01508858,Influence on the Effect of an Oral Contraceptive Drug After Administration of Liraglutide in Postmenopausal Women,PHASE1,COMPLETED,INTERVENTIONAL,21,Novo Nordisk A/S,INDUSTRY,"Diabetes|Diabetes Mellitus, Type 2",liraglutide|placebo|levonorgestrel / ethinylestradiol,no,2006-11,2007-04,liraglutide,liraglutide,liraglutide,no
NCT03426085,The Effects of Liraglutide on Sudomotor Function and Inflammation in Type 2 Diabetes,PHASE2,UNKNOWN,INTERVENTIONAL,44,Eastern Virginia Medical School,OTHER,Autonomic Nervous System Diseases|Sweat Gland Diseases|Diabetic Neuropathy With Neurologic Complication,Liraglutide 6 mg Solution for Injection|Placebo,no,2016-05,2020-04,liraglutide,liraglutide,liraglutide,no
NCT01722240,Liraglutide in Type 1 Diabetes,PHASE3,COMPLETED,INTERVENTIONAL,69,University at Buffalo,OTHER,Type 1 Diabetes,Liraglutide 1.8mg|Placebo,yes,2012-11-01,2019-01-01,liraglutide,liraglutide,liraglutide,no
NCT01507285,Safety and Tolerability of Liraglutide in Healthy Volunteers and Subjects With Type 2 Diabetes,PHASE1,COMPLETED,INTERVENTIONAL,24,Novo Nordisk A/S,INDUSTRY,"Diabetes|Diabetes Mellitus, Type 2|Healthy",liraglutide|placebo,no,1999-08,1999-11,liraglutide,liraglutide,liraglutide,no
NCT03948347,Liraglutide in Acute Minor Ischemic Stroke or High-risk Transient Ischemic Attack Patients With Type 2 Diabetes Mellitus,NA,UNKNOWN,INTERVENTIONAL,1708,First Affiliated Hospital of Jinan University,OTHER,Ischemic Stroke|Transient Ischemic Attack|Type 2 Diabetes Mellitus,Liraglutide,no,2019-06-25,2023-12,liraglutide,liraglutide,liraglutide,no
NCT01787916,52 Week Trial of Liraglutide in Type 1 Diabetes,PHASE4,COMPLETED,INTERVENTIONAL,15,CHU de Quebec-Universite Laval,OTHER,Type 1 Diabetes,Liraglutide|Placebos,yes,2013-04,2015-04,liraglutide,liraglutide,liraglutide,no
NCT02284230,The Effect of Liraglutide in Patients With Prediabetes and Kidney Failure,PHASE2,WITHDRAWN,INTERVENTIONAL,0,Bo Feldt-Rasmussen,OTHER,"Kidney Failure, Chronic|Prediabetic State",Liraglutide|Placebo,no,2014-12,2015-08,liraglutide,liraglutide,liraglutide,no
NCT06283641,Study to Evaluate the Safety and Effectiveness of Saxenda® for Weight Management in Routine Clinical Practice in Taiwan.,NA,COMPLETED,OBSERVATIONAL,300,Novo Nordisk A/S,INDUSTRY,Obesity,Liraglutide,no,2024-04-08,2025-01-13,liraglutide,liraglutide,liraglutide,no
NCT01473953,"Safety, Tolerability and Pharmacokinetics of Liraglutide-depot in Healthy Subjects",PHASE1,COMPLETED,INTERVENTIONAL,31,Novo Nordisk A/S,INDUSTRY,"Diabetes|Diabetes Mellitus, Type 2|Healthy",liraglutide-depot|placebo,yes,2011-10,2012-03,liraglutide,liraglutide,liraglutide,no
NCT01237119,Liraglutide Efficacy and Action in Non-Alcoholic Steatohepatitis,PHASE2,COMPLETED,INTERVENTIONAL,52,University of Birmingham,OTHER,Nonalcoholic Steatohepatitis,Liraglutide|Liraglutide-placebo,no,2010-08,2014-07,liraglutide,liraglutide,liraglutide,no
NCT05221229,Outcome of Overweight AF Patients Following Ablation With a Potential Weight Loss Medication ( GOAL-AF ),NA,ACTIVE_NOT_RECRUITING,OBSERVATIONAL,29,University Hospital Birmingham,OTHER,Atrial Fibrillation|Recurrence|Overweight and Obesity|Liraglutide,Liraglutide plus upstream risk factors modification advice and consultation,no,2022-04-17,2025-06-30,liraglutide,liraglutide,liraglutide,no
NCT01455441,The Effects of Physical Training and GLP-1 Receptor Agonist Liraglutide Treatment in Patients With Type 2 Diabetes,PHASE4,COMPLETED,INTERVENTIONAL,40,Tina Vilsboll,OTHER,Type 2 Diabetes,Training and liraglutide|Training and placebo,no,2011-10,2013-06,liraglutide,liraglutide,liraglutide,no
NCT01687582,Effect of GLP-1 Analogs on Psoriasis in Type 2 Diabetic Patients,NA,COMPLETED,INTERVENTIONAL,10,Cliniques universitaires Saint-Luc- Université Catholique de Louvain,OTHER,Type 2 Diabetes|Psoriasis,GLP-1 analog,no,2012-01,2012-12,liraglutide,liraglutide,liraglutide,no
NCT01515592,Safety and Tolerability of Liraglutide in Healthy Japanese Male Volunteers,PHASE1,COMPLETED,INTERVENTIONAL,24,Novo Nordisk A/S,INDUSTRY,"Diabetes|Diabetes Mellitus, Type 2",liraglutide|liraglutide|liraglutide|placebo,no,2006-01,2006-04,liraglutide,liraglutide,liraglutide,no
NCT06720246,Impact of Bariatric Surgery and Liraglutide on Cognitive-Behavioral Markers of Long-Term Weight Loss in Obesity,NA,RECRUITING,OBSERVATIONAL,50,I.R.C.C.S Ospedale Galeazzi-Sant'Ambrogio,OTHER,Obesity and Overweight,,no,2024-06-26,2027-05-01,liraglutide,liraglutide,liraglutide,no
NCT01779362,RISE Adult Medication Study,PHASE3,COMPLETED,INTERVENTIONAL,267,RISE Study Group,NETWORK,Prediabetes|Type 2 Diabetes,Metformin|Liraglutide|Glargine|Placebo,yes,2013-04,2019-02,liraglutide,liraglutide,liraglutide,no
NCT01373450,Evaluation of the Glucoregulatory Effects of Glucagon-like Peptide-1 Receptor (GLP-1 Receptor) Activation in Participants With Type 2 Diabetes Mellitus (MK-0000-222),PHASE1,COMPLETED,INTERVENTIONAL,12,Merck Sharp & Dohme LLC,INDUSTRY,Type 2 Diabetes Mellitus,Oxyntomodulin|Liraglutide 0.6 mg|Liraglutide 1.2 mg|Placebo for Oxyntomodulin|Placebo for Liraglutide,yes,2011-06,2011-07,liraglutide,liraglutide,liraglutide,no
NCT05965908,Effect of Liraglutide in Obese Women With Polycystic Ovary Syndrome,PHASE3,COMPLETED,INTERVENTIONAL,183,Beni-Suef University,OTHER,Polycystic Ovary,liraglutide|Metformin,no,2024-08-01,2025-11-30,liraglutide,liraglutide,liraglutide,no
NCT01562678,Liraglutide in Obesity and Diabetes: Identification of CNS Targets Using fMRI,PHASE4,COMPLETED,INTERVENTIONAL,28,Beth Israel Deaconess Medical Center,OTHER,Diabetes|Effects of Liraglutide Administration on Brain Activity|Weight Loss|Hunger,Liraglutide|Placebo,yes,2012-03,2014-05,liraglutide,liraglutide,liraglutide,no
NCT01890993,Retrospective Collection of Effectiveness and Safety Data From Patients Treated With Liraglutide or DPP-4 Inhibitor in Primary Care in Europe,NA,COMPLETED,OBSERVATIONAL,952,Novo Nordisk A/S,INDUSTRY,"Diabetes|Diabetes Mellitus, Type 2",liraglutide,no,2013-08,2014-06,liraglutide,liraglutide,liraglutide,no
NCT02244164,Pathophysiological Study of the Increase in Pancreatic Volume in Type 2 Diabetes Treatments.,NA,TERMINATED,INTERVENTIONAL,5,Erasme University Hospital,OTHER,Type 2 Diabetes|Incretinomimetics|Pancreas,Incretinomimetics|DPP-4 inhibitors,no,2014-10,2023-02-13,liraglutide,liraglutide,liraglutide,no
NCT02931344,Biomarkers in Obese Patients With Knee Osteoarthritis; Weight Loss,NA,UNKNOWN,INTERVENTIONAL,200,Henrik Gudbergsen,OTHER,Osteoarthrtis|Obesity,Dietary Supplement: Dietary Supplement: Intensive dietary intervention,no,2016-11,2019-01,liraglutide,liraglutide,liraglutide,no
NCT02198209,Liraglutide Actions on the Liver: Effects on Glucose Phosphorylation,PHASE4,WITHDRAWN,INTERVENTIONAL,0,Cedars-Sinai Medical Center,OTHER,Type 2 Diabetes,Liraglutide,no,2019-12,2020-07,liraglutide,liraglutide,liraglutide,no
NCT03101930,Cardiovascular Effects of GLP-1 Receptor Activation,PHASE4,COMPLETED,INTERVENTIONAL,329,Vanderbilt University Medical Center,OTHER,Obesity|PreDiabetes,Liraglutide|Sitagliptin|hypocaloric diet|Placebos|Exendin (9-39),yes,2017-05-01,2021-06-24,liraglutide,liraglutide,liraglutide,no
NCT02930265,Clinical Study of Liraglutide in Improving Cardiac Function for Patients With Ischemic Cardiomyopathy,NA,UNKNOWN,INTERVENTIONAL,400,Chinese PLA General Hospital,OTHER,Ischemic Cardiomyopathy,Liraglutide,no,2016-09,2018-02,liraglutide,liraglutide,liraglutide,no
NCT02655770,Effect of Liraglutide on Diastolic Dysfunction on Cardiac MRI in Type 2 Diabetes Patients,PHASE4,COMPLETED,INTERVENTIONAL,40,"Rigshospitalet, Denmark",OTHER,Diabetes Mellitus Type 2|Diastolic Dysfunction|Cardiac MRI|Myocardial Perfusion,Liraglutide|Placebo,no,2016-02,2019-12,liraglutide,liraglutide,liraglutide,no
NCT03115424,Effect of GLP-1 Receptor Agonism After Sleeve Gastrectomy,PHASE3,COMPLETED,INTERVENTIONAL,46,Mayo Clinic,OTHER,Obesity,Saxenda|Placebos|RYGB,yes,2017-06-22,2023-10-04,liraglutide,liraglutide,liraglutide,no
NCT02616003,Preoperative Condition in Giant Obese Patients,PHASE4,COMPLETED,INTERVENTIONAL,50,Sana Klinikum Offenbach,OTHER,Morbid Obesity|Bariatric Surgery Candidate,Liraglutide|Aminosteril hepa 8%|Caloric diet with 1000 kcal,no,2014-04,2018-01,liraglutide,liraglutide,liraglutide,no
NCT00700817,"The Effect of Liraglutide Compared to Sitagliptin, Both in Combination With Metformin on Glycaemic Control in Subjects With Type 2 Diabetes Mellitus",PHASE3,COMPLETED,INTERVENTIONAL,665,Novo Nordisk A/S,INDUSTRY,"Diabetes|Diabetes Mellitus, Type 2",liraglutide|sitagliptin|metformin|liraglutide,yes,2008-06,2009-06,liraglutide,liraglutide,liraglutide,no
NCT03480022,"Liraglutide 3mg (Saxenda) on Weight, Body Composition, Hormonal and Metabolic Parameters in Obese Women With PCOS",PHASE3,COMPLETED,INTERVENTIONAL,88,Woman's,OTHER,Pre Diabetes|Polycystic Ovary Syndrome|Obesity Android,Liraglutide Pen Injector [Saxenda]|Placebo Liraglutide Pen Injector,yes,2018-09-26,2021-02-22,liraglutide,liraglutide,liraglutide,no
NCT02516657,Liraglutide in Adolescents With Type 1 Diabetes,PHASE3,COMPLETED,INTERVENTIONAL,5,University at Buffalo,OTHER,Type 1 Diabetes,Liraglutide,yes,2012-05,2022-08-03,liraglutide,liraglutide,liraglutide,no
NCT04643301,Liraglutide for Low-responders After Bariatric Surgery,NA,WITHDRAWN,INTERVENTIONAL,0,Zuyderland Medisch Centrum,OTHER,"Obesity|Obesity, Morbid",Liraglutide Pen Injector,no,2020-12-21,2021-12-31,liraglutide,liraglutide,liraglutide,no
NCT04839237,The Effect and the Pharmacogenomics Study of Liraglutide in Obese Patients,PHASE2,WITHDRAWN,INTERVENTIONAL,0,Xiangya Hospital of Central South University,OTHER,Obesity,Liraglutide|Liraglutide;metformin,no,2017-12-01,2020-12-01,liraglutide,liraglutide,liraglutide,no
NCT01575301,DIabetes REsearCh on Patient sTratification (DIRECT): GLP-1R Agonists,NA,COMPLETED,INTERVENTIONAL,411,University of Dundee,OTHER,Diabetes,"Exenatide, Liraglutide",no,2011-03,2015-07,liraglutide,liraglutide,liraglutide,no
NCT01982630,Study of the Safety and Efficacy of MK-8521 Compared to Placebo and a Diabetes Drug in Participants With Type 2 Diabetes Mellitus (MK-8521-003),PHASE1,COMPLETED,INTERVENTIONAL,87,Merck Sharp & Dohme LLC,INDUSTRY,Diabetes Mellitus,MK-8521|Liraglutide|Placebo,yes,2013-11-07,2014-10-03,liraglutide,liraglutide,liraglutide,no
NCT01695109,The Influence of Liraglutide on the Reward Properties of Food: an fMRI Study on Healthy Volunteers,PHASE4,COMPLETED,INTERVENTIONAL,16,Medical University of Vienna,OTHER,Healthy Human Male Subjects,Liraglutide|Placebo,no,2010-11,2012-02,liraglutide,liraglutide,liraglutide,no
NCT02507128,Effects of Glucagon Like Peptide-1 on No-reflow,NA,UNKNOWN,INTERVENTIONAL,190,"Chen Wei Ren, MD",OTHER,Acute ST-segment Elevation Myocardial Infarction,liraglutide|placebo,no,2015-07,2016-07,liraglutide,liraglutide,liraglutide,no
NCT01715428,Liraglutide and Cardio-Metabolic Risk Markers,NA,COMPLETED,OBSERVATIONAL,300,University of Palermo,OTHER,Type-2 Diabetes,,no,2012-06,2015-12,liraglutide,liraglutide,liraglutide,no
NCT04324229,Liraglutide in the Prevention of Type 2 Diabetes After Gestational Diabetes,NA,ACTIVE_NOT_RECRUITING,INTERVENTIONAL,80,Turku University Hospital,OTHER_GOV,Gestational Diabetes,Liraglutide 6 MG/ML [Victoza]|Placebos,no,2020-02-07,2024-09-30,liraglutide,liraglutide,liraglutide,no
NCT01917656,Efficacy and Safety of Liraglutide Versus Sulphonylurea Both in Combination With Metformin During Ramadan in Subjects With Type 2 Diabetes,PHASE4,COMPLETED,INTERVENTIONAL,343,Novo Nordisk A/S,INDUSTRY,"Diabetes|Diabetes Mellitus, Type 2",liraglutide|metformin|sulphonylurea,yes,2014-01-09,2014-09-01,liraglutide,liraglutide,liraglutide,no
NCT02518945,Dapagliflozin As Additional Treatment To Liraglutide And Insulin In Patients With Type 1 Diabetes,PHASE3,COMPLETED,INTERVENTIONAL,26,University at Buffalo,OTHER,Type 1 Diabetes Mellitus,Dapagliflozin|Insulin|Liraglutide|Dapagliflozin placebo,yes,2015-08,2015-12,liraglutide,liraglutide,liraglutide,no
NCT01595789,The Effect of Liraglutide on the Treatment of Coronary Artery Disease and Type 2 Diabetes,PHASE4,COMPLETED,INTERVENTIONAL,41,"Haugaard, Steen Bendix, M.D., DMSc",INDIV,"Coronary Artery Disease|Diabetes Mellitus, Type 2",Liraglutide|Placebo,no,2012-05,2014-10,liraglutide,liraglutide,liraglutide,no
NCT01472640,The Effect of Liraglutide on Left Ventricular Function in Chronic Heart Failure Patients With and Without Type 2 Diabetes Mellitus,NA,COMPLETED,INTERVENTIONAL,240,"Flyvbjerg, Allan, DMSc",INDIV,Hyperglycemia|Chronic Heart Failure,liraglutide|placebo,no,2011-11,2015-09,liraglutide,liraglutide,liraglutide,no
NCT03115099,A Study of LY3325656 in Healthy Participants and Participants With Type 2 Diabetes,PHASE1,COMPLETED,INTERVENTIONAL,80,Eli Lilly and Company,INDUSTRY,"Diabetes Mellitus, Type 2",LY3325656|Placebo|Liraglutide|Sitagliptin,no,2017-05-31,2018-04-05,liraglutide,liraglutide,liraglutide,no
NCT05029076,Human Bioequivalence Test of Liraglutide Injection,PHASE1,COMPLETED,INTERVENTIONAL,28,"Chia Tai Tianqing Pharmaceutical Group Co., Ltd.",INDUSTRY,Type 2 Diabetes,Liraglutide injection|Victoza,no,2019-05-21,2019-06-01,liraglutide,liraglutide,liraglutide,no
NCT02964247,LIRA-ADD2SGLT2i - Liraglutide Versus Placebo as add-on to SGLT2 Inhibitors.,PHASE3,COMPLETED,INTERVENTIONAL,303,Novo Nordisk A/S,INDUSTRY,"Diabetes|Diabetes Mellitus, Type 2",liraglutide|placebo,yes,2017-03-03,2018-05-04,liraglutide,liraglutide,liraglutide,no
NCT01336023,"Dual Action of Liraglutide and Insulin Degludec in Type 2 Diabetes: A Trial Comparing the Efficacy and Safety of Insulin Degludec/Liraglutide, Insulin Degludec and Liraglutide in Subjects With Type 2 Diabetes",PHASE3,COMPLETED,INTERVENTIONAL,1663,Novo Nordisk A/S,INDUSTRY,"Diabetes|Diabetes Mellitus, Type 2",insulin degludec/liraglutide|insulin degludec|liraglutide,yes,2011-05-23,2012-05-24,liraglutide,liraglutide,liraglutide,no
NCT03225209,Medically Reproducing Bariatric Surgery,PHASE2,COMPLETED,INTERVENTIONAL,5,Moahad S Dar,OTHER,Type 2 Diabetes Mellitus,OPTIFAST,no,2018-01-31,2018-10-23,liraglutide,liraglutide,liraglutide,no
NCT05681299,Effects of GH and Lirglutide on AgRP,PHASE4,RECRUITING,INTERVENTIONAL,40,Columbia University,OTHER,Healthy|Growth Hormone Deficiency,growth hormone and lirglutide|growth hormone|liraglutide|Placebo,no,2023-05-01,2028-04-30,liraglutide,liraglutide,liraglutide,no
NCT01879917,Liraglutide in Newly Onset Type 1 Diabetes.,PHASE2|PHASE3,COMPLETED,INTERVENTIONAL,65,Hvidovre University Hospital,OTHER,"Diabetes Mellitus, Type 1",Liraglutide|Placebo,no,2014-02,2018-08,liraglutide,liraglutide,liraglutide,no
NCT03737240,IDegLira HIGH Trial,PHASE3,COMPLETED,INTERVENTIONAL,145,Emory University,OTHER,Diabetes Mellitus,IDegLira|Insulin Degludec (U-100)|Insulin Aspart,yes,2019-01-15,2022-07-08,liraglutide,liraglutide,liraglutide,no
NCT05479591,A Research Study Looking at Blood Sugar Control in People With Type 2 Diabetes Previously Treated With Premix Insulin and Initiating Treatment With Insulin Degludec/Liraglutide (IDegLira) in Local Clinical Practice in Croatia,NA,WITHDRAWN,OBSERVATIONAL,0,Novo Nordisk A/S,INDUSTRY,"Diabetes Mellitus, Type 2",IDegLira,no,2022-07-30,2023-04-30,liraglutide,liraglutide,liraglutide,no
NCT01911468,Polycystic Ovary Syndrome and Liraglutide as Add-on Therapy on Metformin,PHASE4,COMPLETED,INTERVENTIONAL,36,University Medical Centre Ljubljana,OTHER,PCOS|Obesity,metformin|liraglutide|metformin and liraglutide,no,2011-11,2012-10,liraglutide,liraglutide,liraglutide,no
NCT02147925,Efficacy Study of Liraglutide vs.Sitagliptin vs. Glargine on Liver Fat in T2DM Subjects,PHASE4,COMPLETED,INTERVENTIONAL,75,Sun Yat-sen University,OTHER,Non-alcoholic Fatty Liver Disease,Liraglutide combined with metformin|Insulin glargine combined with metformin|Sitagliptin combined with metformin,no,2014-08,2017-04,liraglutide,liraglutide,liraglutide,no
NCT02721888,Effect of Liraglutide on Fatty Liver Content and Lipoprotein Metabolism,PHASE4,TERMINATED,INTERVENTIONAL,127,Centre Hospitalier Universitaire Dijon,OTHER,Type 2 Diabetes,Liraglutide|MRI/ MRS (Magnetic Resonance Imaging /Magnetic Resonance Spectroscopy)|Blood sample|Kinetic substudy (10 patients),no,2012-07-10,2019-10-02,liraglutide,liraglutide,liraglutide,no
NCT02911818,Lifestyle Modification and Liraglutide,PHASE4,COMPLETED,INTERVENTIONAL,150,University of Pennsylvania,OTHER,Obesity,CMS-recommended lifestyle counseling|Liraglutide 3.0mg|Portion-Controlled Diet|Placebo Oral Tablet|Phentermine 15 MG|Extension Study CMS-recommended lifestyle counseling,yes,2016-09,2018-11,liraglutide,liraglutide,liraglutide,no
NCT04952779,Regulatory Post Marketing Surveillance (rPMS) Study of Xultophy® (Insulin Degludec/Liraglutide) to Evaluate Safety and Effectiveness in Patients With Type 2 Diabetes Mellitus in Routine Clinical Practice in Korea,NA,COMPLETED,OBSERVATIONAL,750,Novo Nordisk A/S,INDUSTRY,"Diabetes Mellitus, Type 2",Xultophy® (insulin degludec/liraglutide),no,2021-06-02,2024-12-15,liraglutide,liraglutide,liraglutide,no
NCT02503943,Effects of Incretin on the Blood Pressure and Lipid in Patients With Overweight or Obese Diabetes,PHASE4,UNKNOWN,INTERVENTIONAL,90,Third Affiliated Hospital of Third Military Medical University,OTHER,Type 2 Diabetes|Overweight|Obesity|Masked Hypertension,"""Liraglutide"" and ""Mitiglinide""|""Metformin"" and ""Mitiglinide""|""Mitiglinide""",no,2015-05,2016-09,liraglutide,liraglutide,liraglutide,no
NCT01610934,The Effects of GLP-1 in Maturity-Onset Diabetes of The Young (MODY),PHASE2|PHASE3,COMPLETED,INTERVENTIONAL,15,"University Hospital, Gentofte, Copenhagen",OTHER,Maturity-onset Diabetes of the Young,liraglutide|Glimepiride,no,2012-08,2013-08,liraglutide,liraglutide,liraglutide,no
NCT02611232,Incretin-based Therapy in Preclinical Type 1 Diabetes in Adults,PHASE2,UNKNOWN,INTERVENTIONAL,42,University of Oulu,OTHER,Type 1 Diabetes,Victoza®|Placebo,no,2015-12,2024-06,liraglutide,liraglutide,liraglutide,no
NCT02041234,Roux-en-Y Gastric Bypass for BMI 27-32 Type 2 Diabetes Versus Best Medical Treatment,PHASE4,COMPLETED,INTERVENTIONAL,40,Khoo Teck Puat Hospital,OTHER,Type II Diabetes in Subjects BMI 27 to 32,Roux-en-Y Gastric Bypass (RYGB)|Incretin analogues|Xenical|SGLT2 inhibitors|DPP-4 Inhibitors,no,2014-02,2020-12,liraglutide,liraglutide,liraglutide,no
NCT02602600,Glucagon-like Peptide-1 and Coronary Microvascular Dysfunction in Women With Angina Pectoris and no Coronary Stenosis,PHASE4,COMPLETED,INTERVENTIONAL,33,Eva Prescott,OTHER,Microvascular Angina,Liraglutide,no,2015-11-19,2017-04-18,liraglutide,liraglutide,liraglutide,no
NCT04683237,Liraglutide Plus Megestrol Acetate in Endometrial Atypical Hyperplasia,PHASE2|PHASE3,WITHDRAWN,INTERVENTIONAL,0,Xiaojun Chen,OTHER,Atypical Endometrial Hyperplasia|Obese|Fertility Issues,Liraglutide Injection|Megestrol Acetate 160 MG,no,2021-03-20,2025-11-30,liraglutide,liraglutide,liraglutide,no
NCT02920190,Antigen-Lipid-Driven Monoclonal Gammopathies Targeting Epicardial Fat,PHASE4,WITHDRAWN,INTERVENTIONAL,0,University of Miami,OTHER,Monoclonal Gammopathies|Overweight|Obesity,Liraglutide,no,2020-09-01,2021-09-01,liraglutide,liraglutide,liraglutide,no
NCT03795701,"To Predict Weight Loss Response to Liraglutide (Saxenda®), From fMRI-based Determination of Food Cue Reactivity",NA,COMPLETED,INTERVENTIONAL,73,Texas Tech University,OTHER,Obesity,Saxenda®|Placebo,no,2019-01-08,2022-05-01,liraglutide,liraglutide,liraglutide,no
NCT01755572,Blood Pressure Outcomes With Liraglutide Therapy,PHASE4,COMPLETED,INTERVENTIONAL,22,"Mount Sinai Hospital, Canada",OTHER,Type 2 Diabetes|Systolic Hypertension,Liraglutide|Placebo,no,2013-01,2014-01,liraglutide,liraglutide,liraglutide,no
NCT01618162,The Efficacy of Insulin Degludec/Liraglutide as add-on Therapy in Controlling Glycaemia in Adults With Type 2 Diabetes Inadequately Controlled on Sulphonylurea With or Without Metformin Therapy,PHASE3,COMPLETED,INTERVENTIONAL,435,Novo Nordisk A/S,INDUSTRY,"Diabetes|Diabetes Mellitus, Type 2",insulin degludec/liraglutide|placebo,yes,2012-08-29,2013-10-23,liraglutide,liraglutide,liraglutide,no
NCT01509755,Comparison of Liraglutide and Glimepiride on Blood Sugar Control in Subjects With Type 2 Diabetes,PHASE2,COMPLETED,INTERVENTIONAL,196,Novo Nordisk A/S,INDUSTRY,"Diabetes|Diabetes Mellitus, Type 2",placebo|liraglutide|glimepiride,no,2000-10,2001-10,liraglutide,liraglutide,liraglutide,no
NCT02963922,Effect and Safety of Liraglutide 3.0 mg in Subjects With Overweight or Obesity and Type 2 Diabetes Mellitus Treated With Basal Insulin,PHASE3,COMPLETED,INTERVENTIONAL,396,Novo Nordisk A/S,INDUSTRY,Metabolism and Nutrition Disorder|Obesity,Liraglutide 3.0 mg|Placebo,yes,2017-02-06,2018-09-10,liraglutide,liraglutide,liraglutide,no
NCT07225829,A Trial to Investigate the Safety and Efficacy of Intra-articular 4P004 Injection in Subjects With Knee Synovitis and Osteoarthritis,PHASE2,ACTIVE_NOT_RECRUITING,INTERVENTIONAL,129,4Moving Biotech,INDUSTRY,Knee Osteoarthritis|Synovitis of Knee,4P004|Placebo (NaCl 0.9%),no,2025-06-17,2026-08-28,liraglutide,liraglutide,liraglutide,no
NCT02501161,A 104 Week Clinical Trial Comparing Long Term Glycaemic Control of Insulin Degludec/Liraglutide (IDegLira) Versus Insulin Glargine Therapy in Subjects With Type 2 Diabetes Mellitus,PHASE3,COMPLETED,INTERVENTIONAL,1012,Novo Nordisk A/S,INDUSTRY,"Diabetes|Diabetes Mellitus, Type 2",insulin degludec/liraglutide|insulin glargine,yes,2016-01-31,2018-10-03,liraglutide,liraglutide,liraglutide,no
NCT03175120,A Trial Comparing Insulin Degludec/Liraglutide and Insulin Degludec in Combination With Metformin in Chinese Subjects With Type 2 Diabetes Mellitus Inadequately Controlled With Basal Insulin Therapy and Metformin With or Without One Other Oral Antidiabetic Drug (OAD),PHASE3,COMPLETED,INTERVENTIONAL,453,Novo Nordisk A/S,INDUSTRY,"Diabetes|Diabetes Mellitus, Type 2",Insulin degludec/liraglutide|Insulin degludec,yes,2017-05-26,2019-03-05,liraglutide,liraglutide,liraglutide,no
NCT01505673,Adding Liraglutide to High Dose Insulin: Breaking the Cycle,PHASE4,COMPLETED,INTERVENTIONAL,71,Ildiko Lingvay,OTHER,Type 2 Diabetes Mellitus|Obesity,Liraglutide|Saline,yes,2012-01,2016-06,liraglutide,liraglutide,liraglutide,no
NCT01541215,"Efficacy and Safety of Liraglutide in Combination With Metformin Compared to Metformin Alone, in Children and Adolescents With Type 2 Diabetes",PHASE3,COMPLETED,INTERVENTIONAL,135,Novo Nordisk A/S,INDUSTRY,"Diabetes|Diabetes Mellitus, Type 2",liraglutide|placebo|metformin,yes,2012-11-13,2017-11-15,liraglutide,liraglutide,liraglutide,no
NCT01517555,Effect of Liraglutide on Absorption of Paracetamol in Subjects With Type 2 Diabetes,PHASE1,COMPLETED,INTERVENTIONAL,18,Novo Nordisk A/S,INDUSTRY,"Diabetes|Diabetes Mellitus, Type 2",liraglutide|placebo|paracetamol,no,2006-10,2007-05,liraglutide,liraglutide,liraglutide,no
NCT07304141,Pharmacological Treatment - An Overview of Its Role in Managing Childhood Obesity,NA,COMPLETED,OBSERVATIONAL,128,Göteborg University,OTHER,Obesity (Disorder)|Child Obesity,Liraglutide 3 mg (Saxenda),no,2023-12-20,2025-12-12,liraglutide,liraglutide,liraglutide,no
NCT02138045,Treatment of Diabetic Neuropathy With Liraglutide,NA,COMPLETED,INTERVENTIONAL,39,Aalborg University Hospital,OTHER,"Diabetes Mellitus, Type 1|Type 1 Diabetes Mellitus",Placebo treatment|Liraglutide treatment,no,2014-05,2017-02,liraglutide,liraglutide,liraglutide,no
NCT02057172,Glycaemic Control of Weekly LAPS-Exendin Versus Placebo in Subjects of Type 2 Diabetes,PHASE2,COMPLETED,INTERVENTIONAL,254,Hanmi Pharmaceutical Company Limited,INDUSTRY,Type 2 Diabetes,HM11260C|liraglutide|Placebo,no,2014-01,2014-10,liraglutide,liraglutide,liraglutide,no
NCT01620476,Safety and Tolerability of Liraglutide in Healthy Japanese Volunteers,PHASE1,COMPLETED,INTERVENTIONAL,24,Novo Nordisk A/S,INDUSTRY,Diabetes|Healthy,liraglutide|liraglutide|liraglutide|placebo,no,2003-09,2004-03,liraglutide,liraglutide,liraglutide,no
NCT01272232,Effect of Liraglutide on Body Weight in Overweight or Obese Subjects With Type 2 Diabetes: SCALE™ - Diabetes,PHASE3,COMPLETED,INTERVENTIONAL,846,Novo Nordisk A/S,INDUSTRY,Metabolism and Nutrition Disorder|Obesity,liraglutide|liraglutide|placebo,yes,2011-06-01,2013-01-01,liraglutide,liraglutide,liraglutide,no
NCT06361238,Liraglutide in Preventing Delirium in Diabetic Elderly After Cardiac Surgery,PHASE3,RECRUITING,INTERVENTIONAL,260,The Affiliated Nanjing Drum Tower Hospital of Nanjing University Medical School,OTHER,"Delirium, Postoperative",Liraglutide injection|Placebo injection,no,2024-11-19,2027-03-31,liraglutide,liraglutide,liraglutide,no
NCT02879409,HbA1c Variability in Type II Diabetes,NA,ACTIVE_NOT_RECRUITING,INTERVENTIONAL,150,Weill Cornell Medical College in Qatar,OTHER,Diabetes Mellitus Type 2,Metformin|Gliclazide|Sitagliptin|Liraglutide|Pioglitazone|Dapagliflozin|human insulin,no,2016-11,2023-10-01,liraglutide,liraglutide,liraglutide,no
NCT06818292,Investigation of the Relationship Between Peripheral and Central Metabolic Changes Induced by GLP-1 Agonists,NA,COMPLETED,INTERVENTIONAL,10,Nils Opel,OTHER,Healthy,Liraglutide|Placebo,no,2024-10-21,2024-12-06,liraglutide,liraglutide,liraglutide,no
NCT01843075,Evaluating Liraglutide in Alzheimer's Disease,PHASE2,UNKNOWN,INTERVENTIONAL,204,Imperial College London,OTHER,Alzheimer's Disease,Liraglutide|Placebo,no,2014-01,2019-12,liraglutide,liraglutide,liraglutide,no
NCT03560336,A Regulatory Post-marketing Surveillance (rPMS) Study to Evaluate the Safety and Effectiveness of Saxenda®(Liraglutide 3.0 mg) in Obese Patients and Overweight Patients With Obesity-related Comorbidities in Routine Clinical Practice in Korea.,NA,COMPLETED,OBSERVATIONAL,758,Novo Nordisk A/S,INDUSTRY,Obesity|Overweight,Liraglutide,no,2018-07-05,2020-12-02,liraglutide,liraglutide,liraglutide,no
NCT04137328,Clinical Study on the Improvement of Diabetic Neuropathic Pain by Liraglutide,NA,UNKNOWN,INTERVENTIONAL,60,Fudan University,OTHER,Diabetic Neuropathic Pain,Liraglutide|insulin,no,2019-11-30,2022-11-30,liraglutide,liraglutide,liraglutide,no
NCT03888157,"A Research Study Looking at How Victoza® Works in People With Type 2 Diabetes in Iran, Followed in Local Clinical Routine",NA,COMPLETED,OBSERVATIONAL,839,Novo Nordisk A/S,INDUSTRY,"Diabetes Mellitus, Type 2",Liraglutide,no,2019-03-10,2020-10-21,liraglutide,liraglutide,liraglutide,no
NCT03642600,The Gut Microbiome in Women With Polycystic Ovary Syndrome,PHASE4,COMPLETED,INTERVENTIONAL,21,Universitaire Ziekenhuizen KU Leuven,OTHER,PCOS|Obesity|Metabolic Syndrome,dietary advice plus myo-inositol and folic acid|dietary advice plus Liraglutide Pen Injector,no,2019-02-28,2020-02-01,liraglutide,liraglutide,liraglutide,no
NCT01296412,Comparison of Two Treatment Regimens (Sitagliptin Versus Liraglutide) on Participants Who Failed to Achieve Good Glucose Control on Metformin Alone (MK-0431-403),PHASE3,COMPLETED,INTERVENTIONAL,653,Merck Sharp & Dohme LLC,INDUSTRY,"Diabetes Mellitus, Type 2",sitagliptin|liraglutide|glimepiride|metformin,yes,2011-03-11,2012-02-29,liraglutide,liraglutide,liraglutide,no
NCT01596504,Pharmacodynamic Effects of Lixisenatide Compared to Liraglutide in Patients With Type 2 Diabetes Not Adequately Controlled With Insulin Glargine With or Without Metformin,PHASE2,COMPLETED,INTERVENTIONAL,142,Sanofi,INDUSTRY,Type 2 Diabetes Mellitus,Lixisenatide (AVE0010)|Liraglutide|Insulin Glargine|Metformin,yes,2012-05,2013-07,liraglutide,liraglutide,liraglutide,no
NCT01518166,Effect of Liraglutide on Gastrointestinal Absorption of Several Drugs and Potential Influence of Liraglutide on Intragastric pH,PHASE1,COMPLETED,INTERVENTIONAL,70,Novo Nordisk A/S,INDUSTRY,Diabetes|Healthy,liraglutide|placebo|atorvastatin|lisinopril|griseofulvin|digoxin,no,2006-05,2007-04,liraglutide,liraglutide,liraglutide,no
NCT01557166,Effect of Liraglutide in Obese Subjects With Moderate or Severe Obstructive Sleep Apnoea: SCALE™ - Sleep Apnoea,PHASE3,COMPLETED,INTERVENTIONAL,359,Novo Nordisk A/S,INDUSTRY,Metabolism and Nutrition Disorder|Obesity|Obstructive Sleep Apnoea,liraglutide|placebo,yes,2012-06-07,2013-06-01,liraglutide,liraglutide,liraglutide,no
NCT02408705,Investigating the Effect of Liraglutide on the Endogenous Glucose Production During in Tye 1 Diabetes Subjects,PHASE2,COMPLETED,INTERVENTIONAL,14,Medical University of Graz,OTHER,Type 1 Diabetes Mellitus,Liraglutide|Placebo|Mixed Meal Tolerance Test with paracetamol,no,2015-01,2016-05,liraglutide,liraglutide,liraglutide,no
NCT04529278,Efficacy and Tolerance of Liraglutide for Weight Loss in Obese Type 2 Diabetic Hemodialysis Patients,PHASE2,UNKNOWN,INTERVENTIONAL,18,Fondation Hôpital Saint-Joseph,OTHER,"Diabetes Mellitus, Type 2|Hemodialysis|Obese",Liraglutide,no,2021-01-18,2023-01-17,liraglutide,liraglutide,liraglutide,no
NCT07029009,Liraglutide Treatment in Patients With Maturity-onset Diabetes of the Young (MODY),PHASE2,RECRUITING,INTERVENTIONAL,50,Mansa,OTHER,Maturity Onset Diabetes of the Young,Liraglutide,no,2025-05-08,2026-08,liraglutide,liraglutide,liraglutide,no
NCT04122716,Combined Effects of GLP-1 Analogue and Exercise on Maintenance of Weight Loss and Health After Very-low Calorie Diet,PHASE4,UNKNOWN,INTERVENTIONAL,215,Signe Torekov,OTHER,Obesity,Liraglutide|Exercise,no,2016-09,2019-11,liraglutide,liraglutide,liraglutide,no
NCT04575844,Effects of Exercise and GLP-1 Agonism on Muscle Microvascular Perfusion and Insulin Action in Adults With Metabolic Syndrome,PHASE4,RECRUITING,INTERVENTIONAL,80,University of Virginia,OTHER,Metabolic Syndrome,Liraglutide|Exercise training|Liraglutide + Exercise training,no,2020-11-01,2027-04-30,liraglutide,liraglutide,liraglutide,no
NCT04883346,Liraglutide (Saxenda(R)) in Adolescents With Obesity After Sleeve Gastrectomy,PHASE2,COMPLETED,INTERVENTIONAL,34,Eunice Kennedy Shriver National Institute of Child Health and Human Development (NICHD),NIH,Obesity|Status Post Sleeve Gastrectomy,Liraglutide,yes,2021-06-21,2024-03-15,liraglutide,liraglutide,liraglutide,no
NCT02292290,Trial for People With Established Type 2 Diabetes During Ramadan,PHASE4,COMPLETED,INTERVENTIONAL,99,University of Leicester,OTHER,Type 2 Diabetes,Liraglutide|Liraglutide|Sulfonylurea or Pioglitazone|Maintain dual therapy (Sulf/Pio) as comparator to Liraglutide,no,2011-04,2012-12,liraglutide,liraglutide,liraglutide,no
NCT01724060,Effects of Obesity Treatments on Food Preferences and Metabolism,NA,COMPLETED,OBSERVATIONAL,80,Imperial College London,OTHER,Obesity|Type 2 Diabetes Mellitus,,yes,2012-09,2017-10,liraglutide,liraglutide,liraglutide,no
NCT01767389,Glucagon-like Peptide (GLP) Utilization and Safety,NA,COMPLETED,OBSERVATIONAL,1,GlaxoSmithKline,INDUSTRY,"Diabetes Mellitus, Type 2",The GLP-1 receptor agonist users|DPP-4 inhibitor users|Other ADA users,no,2012-09,2013-12,liraglutide,liraglutide,liraglutide,no
NCT07244003,Efficacy and Safety of the Met+SGLT-2i+GLP-1RA in Patients With Type 2 Diabetes With Poor Glycemic Control,PHASE4,RECRUITING,INTERVENTIONAL,430,"Hangzhou Zhongmei Huadong Pharmaceutical Co., Ltd.",INDUSTRY,T2DM (Type 2 Diabetes Mellitus),Metformin|Triple Therapy of Other Oral Antidiabetic Drugs|ganagliflozin|liraglutide,no,2025-03-29,2027-12-31,liraglutide,liraglutide,liraglutide,no
NCT04027023,Evaluation of the Impact of Intensive Short-Term Drug Therapy in Patients With Type 2 Diabetes Mellitus,PHASE4,UNKNOWN,INTERVENTIONAL,9,Sciema UG,OTHER,"Diabetes Mellitus, Type 2",Diabetes mellitus Type 2 De-escalation treatment (DET),no,2019-10-30,2021-04-30,liraglutide,liraglutide,liraglutide,no
NCT02488057,Improving Beta Cell Function in Mexican American Women With Prediabetes,PHASE4,COMPLETED,INTERVENTIONAL,360,Ohio State University,OTHER,Pre-Diabetes,Liraglutide|Weight loss,no,2016-05,2019-03,liraglutide,liraglutide,liraglutide,no
NCT07590219,Use of Liraglutide in Children Aged 6 to 12 Years With Severe Obesity,PHASE4,ACTIVE_NOT_RECRUITING,INTERVENTIONAL,30,University of Sao Paulo General Hospital,OTHER,Severe Obesity|Cardiovascular Function|Liraglutide|Childhood Obesity|Echocardiography|Speckle Tracking,Liraglutide (Saxenda) 6Mg/Ml Inj Pen 3Ml,no,2024-03-30,2027-04,liraglutide,liraglutide,liraglutide,no
NCT03986008,Effects of Benaglutide on Weight and Gut Microbiota in Obese Patients,PHASE3,UNKNOWN,INTERVENTIONAL,60,Xiangya Hospital of Central South University,OTHER,Obesity,Benaglutide|Liraglutide,no,2019-12-01,2021-12-23,liraglutide,liraglutide,liraglutide,no
NCT02113332,Addition of Liraglutide to Patients With Type 2 Diabetes Treated With Multiple Daily Insulin Injections,PHASE2,COMPLETED,INTERVENTIONAL,124,Vastra Gotaland Region,OTHER_GOV,Type 2 Diabetes Mellitus,Liraglutide|Placebo,no,2013-01,2014-08,liraglutide,liraglutide,liraglutide,no
NCT01847313,The Effect of Glucagon-like-peptide 1 (GLP-1) Receptor Agonism on Diabetic Kidney Disease,PHASE3,COMPLETED,INTERVENTIONAL,20,Karl Neff,OTHER,Diabetic Kidney Disease,Liraglutide,yes,2013-04,2015-11,liraglutide,liraglutide,liraglutide,no
NCT04881110,Liraglutide and Peripheral Artery Disease,PHASE4,COMPLETED,INTERVENTIONAL,60,University of Campania Luigi Vanvitelli,OTHER,Type 2 Diabetes|Peripheral Arterial Disease,Liraglutide|Control,yes,2021-02-01,2022-12-31,liraglutide,liraglutide,liraglutide,no
NCT02473809,"The Effect of Liraglutide on Bone Turnover, Bone Mass and Bone Cell Function",PHASE4,COMPLETED,INTERVENTIONAL,60,University of Aarhus,OTHER,Diabetes Complications|Osteoporosis,Liraglutide|Placebo,no,2015-08,2017-10,liraglutide,liraglutide,liraglutide,no
NCT02527993,Treatment of Hypoglycemia Following Gastric Bypass Surgery,PHASE4,COMPLETED,INTERVENTIONAL,11,Zealand University Hospital,OTHER,Hypoglycemia|Obesity|Surgery,Glucobay (acarbose)|Januvia (sitagliptin)|Verapamil HEXAL (verapamil)|Victoza (liraglutide)|Signifor (pasireotide)|Continuous glucose monitoring (CGM)|Meal tolerance test (MTT),no,2015-10,2017-04-08,liraglutide,liraglutide,liraglutide,no
NCT02773368,A Clinical Trial Comparing Glycaemic Control and Safety of Insulin Degludec/Liraglutide (IDegLira) Versus Insulin Glargine (IGlar) as add-on Therapy to SGLT2i in Subjects With Type 2 Diabetes Mellitus,PHASE3,COMPLETED,INTERVENTIONAL,420,Novo Nordisk A/S,INDUSTRY,"Diabetes|Diabetes Mellitus, Type 2",insulin degludec/liraglutide|insulin glargine,yes,2016-05-23,2017-09-26,liraglutide,liraglutide,liraglutide,no
NCT02909933,Low Dose Liraglutide and Metformin vs. High Dose Liraglutide Alone in Treatment of Obesity,PHASE4,COMPLETED,INTERVENTIONAL,30,University Medical Centre Ljubljana,OTHER,Polycystic Ovary Syndrome|Obesity,liraglutide|metformin and liraglutide,no,2015-07,2015-10,liraglutide,liraglutide,liraglutide,no
NCT01593137,"A Long-term Trial to Compare the Effects of Liraglutide and Sulphonylurea (Glimepiride) Both in Combination With Metformin on Clinical, Endothelial and Image Markers of Cardiovascular Risk in Patients With Type 2 Diabetes",PHASE4,WITHDRAWN,INTERVENTIONAL,0,Fundación Fernández-Cruz,OTHER,Type 2 Diabetes,Liraglutide + metformin|Glimepiride + metformin,no,2012-05,2013-12,liraglutide,liraglutide,liraglutide,no
NCT05268237,"Safety, Tolerability and Preliminary Efficacy of Sublingual Liraglutide in Patients With Type 2 Diabetes Mellitus",PHASE1|PHASE2,RECRUITING,INTERVENTIONAL,15,Biolingus,INDUSTRY,Diabete Type 2,Liraglutide|Placebo,no,2023-04-25,2025-12,liraglutide,liraglutide,liraglutide,no
NCT05073692,Comparison of Type 2 Diabetes Pharmacotherapy Regimens,NA,COMPLETED,OBSERVATIONAL,241981,Kaiser Permanente,OTHER,Type 2 Diabetes Mellitus|Cardiovascular Diseases,SU|DPP4|SGLT2i|GLP-1RA|SGLT2i or GLP-1RA|Linagliptin (DPP4)|Exenatide (GLP-1RA)|Liraglutide (GLP-1RA)|Empagliflozin (SGLT2i)|Glimepiride (SU)|Glipizide (SU)|Glimepiride (SU) or Glipizide (SU)|SU or DPP4 (excluding saxagliptin and alogliptin)|Exenatide (GLP-1RA) or Liraglutide (GLP-1RA),yes,2021-07-01,2024-12-31,liraglutide,liraglutide,liraglutide,no
NCT01484262,Liraglutide or Insulin in Real Life Usage in Patients With Diabetes Mellitus Type 2,NA,COMPLETED,OBSERVATIONAL,1344,Novo Nordisk A/S,INDUSTRY,"Diabetes|Diabetes Mellitus, Type 2",liraglutide|insulin,no,2011-11-14,2014-10-31,liraglutide,liraglutide,liraglutide,no
NCT06171152,Study of Liraglutide (A Weight Loss Drug) in High Risk Obese Participants With Cognitive and Memory Issues,EARLY_PHASE1,SUSPENDED,INTERVENTIONAL,30,University of Chicago,OTHER,"Multiple Sclerosis|Long COVID|Long Covid19|Obese|Obesity|Obesity, Morbid|Acute Leukemia in Remission",Liraglutide Pen Injector [Saxenda]|Medication Diary,no,2024-01-26,2027-06-01,liraglutide,liraglutide,liraglutide,no
NCT00393718,Effect of Liraglutide on Blood Glucose Control in Subjects With Type 2 Diabetes,PHASE3,COMPLETED,INTERVENTIONAL,400,Novo Nordisk A/S,INDUSTRY,"Diabetes|Diabetes Mellitus, Type 2",liraglutide|glibenclamide|placebo|placebo,yes,2006-11,2007-11,liraglutide,liraglutide,liraglutide,no
NCT03034941,Short Term Weight Loss With Liraglutide and Metformin in Infertile Obese PCOS Patients,PHASE4,COMPLETED,INTERVENTIONAL,35,University Medical Centre Ljubljana,OTHER,Obesity|PCOS,Metformin|Liraglutide + metformin,no,2014-04,2016-12,liraglutide,liraglutide,liraglutide,no
NCT01782261,Incretin Effect on the Immunological Phenotype,PHASE2,COMPLETED,INTERVENTIONAL,15,Medical University of Graz,OTHER,Type 1 Diabetes,Liraglutide|Saxagliptin,no,2012-02,2015-02,liraglutide,liraglutide,liraglutide,no
NCT01509742,Effect of Liraglutide on Glucagon Secretion in Subjects With Type 2 Diabetes,PHASE1,COMPLETED,INTERVENTIONAL,19,Novo Nordisk A/S,INDUSTRY,"Diabetes|Diabetes Mellitus, Type 2",liraglutide|placebo,no,2001-04,2001-11,liraglutide,liraglutide,liraglutide,no
NCT02584582,The Effect of GLP-1 on Postprandial Glucagon Secretion Independent of The Gastric Emptying Rate,PHASE2|PHASE3,UNKNOWN,INTERVENTIONAL,10,Hvidovre University Hospital,OTHER,Type 1 Diabetes,Liraglutide|Exenatide|Liquid meal test|No drug (Baseline day),no,2015-07,2015-11,liraglutide,liraglutide,liraglutide,no
NCT01206101,Efficacy and Safety of Liraglutide in Subjects With Type 1 Diabetes Undergoing Islet Cell Transplantation,PHASE2,TERMINATED,INTERVENTIONAL,3,Novo Nordisk A/S,INDUSTRY,"Diabetes|Diabetes Mellitus, Type 1",liraglutide|placebo,yes,2012-03-21,2013-06-03,liraglutide,liraglutide,liraglutide,no
NCT02654665,"Comparing Effects of Liraglutide and Bariatric Surgery on Weight Loss, Liver Function, Body Composition, Insulin Resistance, Endothelial Function and Biomarkers of Non-alcoholic Steatohepatitis (NASH) in Obese Asian Adults",PHASE3,UNKNOWN,INTERVENTIONAL,36,Changi General Hospital,OTHER,Non-alcoholic Fatty Liver Disease (NAFLD)|Weight Loss|Non-alcoholic Steatohepatitis (NASH),Lifestyle modification|Liraglutide,no,2014-03,2017-12,liraglutide,liraglutide,liraglutide,no
NCT06099067,Harmonizing RCT-Duplicate Emulations In A Real World Replication Program (HARRP),NA,COMPLETED,OBSERVATIONAL,239990,AstraZeneca,INDUSTRY,Type 2 Diabetes Mellitus,Canagliflozin|DPP4 inhibitor|Liraglutide|Saxagliptin|2nd generation Sulfonylurea,no,2020-05-15,2023-08-31,liraglutide,liraglutide,liraglutide,no
NCT01425580,Liraglutide and Heart Failure in Type 2 Diabetes,PHASE2,COMPLETED,INTERVENTIONAL,62,Thomas Nystrom,OTHER,Congestive Heart Failure|Type 2 Diabetes Mellitus,liraglutide|glimepiride|Metformin,no,2012-01,2016-08,liraglutide,liraglutide,liraglutide,no
NCT01460069,The Effect of Glucagon Like Peptide (GLP)-1 in Psoriasis,NA,COMPLETED,INTERVENTIONAL,20,Annesofie Faurschou,OTHER,Psoriasis,liraglutide|Placebo,no,2011-10,2013-05,liraglutide,liraglutide,liraglutide,no
NCT02754817,A Study of the Effectiveness of Xultophy® (Insulin Degludec/Liraglutide) in an Adult Real-world Population With Type 2 Diabetes Mellitus,NA,COMPLETED,OBSERVATIONAL,611,Novo Nordisk A/S,INDUSTRY,"Diabetes|Diabetes Mellitus, Type 2",insulin degludec/liraglutide,no,2016-04-26,2016-10-20,liraglutide,liraglutide,liraglutide,no
NCT02973321,A Study to Assess the Safety and Efficacy of SAR425899 in Patients With Type 2 Diabetes Mellitus,PHASE2,COMPLETED,INTERVENTIONAL,296,Sanofi,INDUSTRY,Type 2 Diabetes Mellitus,SAR425899|Placebo|Liraglutide|Metformin,yes,2016-12-02,2017-12-27,liraglutide,liraglutide,liraglutide,no
NCT01790308,Effect of Liraglutide Combined With Short-term CSII on Long-term Glycemic Remission and β Cell Function,PHASE4,UNKNOWN,INTERVENTIONAL,100,Sun Yat-sen University,OTHER,"Diabetes Mellitus, Type 2",CSII|Liraglutide,no,2013-02,2014-12,liraglutide,liraglutide,liraglutide,no
NCT01511159,Comparison of Liraglutide Inhaled Into the Lungs Compared to Liraglutide Injected Under the Skin in Healthy Male Volunteers,PHASE1,COMPLETED,INTERVENTIONAL,32,Novo Nordisk A/S,INDUSTRY,Diabetes|Healthy,liraglutide|placebo|liraglutide|liraglutide|insulin human|insulin human|liraglutide,no,2001-10,2001-12,liraglutide,liraglutide,liraglutide,no
NCT02100475,"A Trial Comparing Sequential Addition of Insulin Aspart Versus Further Dose Increase With Insulin Degludec/Liraglutide in Subjects With Type 2 Diabetes Mellitus, Previously Treated With Insulin Degludec/Liraglutide and Metformin and in Need of Further Intensification",PHASE3,COMPLETED,INTERVENTIONAL,31,Novo Nordisk A/S,INDUSTRY,"Diabetes|Diabetes Mellitus, Type 2",insulin degludec/liraglutide|insulin aspart,yes,2014-04,2015-04,liraglutide,liraglutide,liraglutide,no
NCT01451905,GLP-1 Receptors in Normal Skin and Skin From Patients With Psoriasis,NA,UNKNOWN,INTERVENTIONAL,12,"University Hospital, Gentofte, Copenhagen",OTHER,Reduction of Psoriasis Following Liraglutide Therapy in Terms of PASI and DLQI,Liraglutide|Placebo,no,2011-08,2012-12,liraglutide,liraglutide,liraglutide,no
NCT03878706,"The Cardiovascular Effect of GLP-1 Agonist, SGLT2 Inhibitor and Their Combination",NA,RECRUITING,OBSERVATIONAL,240,University of Athens,OTHER,"Diabetes Mellitus, Type 2",,no,2017-11-03,2026-12-31,liraglutide,liraglutide,liraglutide,no
NCT01832532,A Pilot Study of the Effects on Sleep Disordered Breathing (SDB) When Using the Drug Liraglutide for 4 Weeks,PHASE1|PHASE2,COMPLETED,INTERVENTIONAL,34,"Children's Hospital Medical Center, Cincinnati",OTHER,Sleep Apnea|Sleep Disordered Breathing,liraglutide,yes,2013-04,2015-12,liraglutide,liraglutide,liraglutide,no
NCT01179048,Liraglutide Effect and Action in Diabetes: Evaluation of Cardiovascular Outcome Results,PHASE3,COMPLETED,INTERVENTIONAL,9341,Novo Nordisk A/S,INDUSTRY,"Diabetes|Diabetes Mellitus, Type 2",liraglutide|placebo,yes,2010-08-31,2015-12-17,liraglutide,liraglutide,liraglutide,no
NCT01499108,Time Course of the Blood Pressure Lowering Effect of Liraglutide Therapy in Type 2 Diabetes,PHASE4,COMPLETED,INTERVENTIONAL,32,Peter Rossing,OTHER,Type 2 Diabetes,liraglutide,no,2012-08,2013-07,liraglutide,liraglutide,liraglutide,no
NCT00943501,Safety of Liraglutide in Pediatric Patients With Type 2 Diabetes,PHASE1,COMPLETED,INTERVENTIONAL,21,Novo Nordisk A/S,INDUSTRY,"Diabetes|Diabetes Mellitus, Type 2",liraglutide|placebo|liraglutide|placebo,no,2009-11,2011-09,liraglutide,liraglutide,liraglutide,no
NCT02255266,Long-Term Effectiveness of Liraglutide for Treatment of Type 2 Diabetes in Daily Practice,NA,COMPLETED,OBSERVATIONAL,1788,Novo Nordisk A/S,INDUSTRY,"Diabetes|Diabetes Mellitus, Type 2",liraglutide,no,2015-03-26,2015-11-16,liraglutide,liraglutide,liraglutide,no
NCT00333151,Effect of Liraglutide on Blood Glucose Control in Subjects With Type 2 Diabetes,PHASE3,COMPLETED,INTERVENTIONAL,576,Novo Nordisk A/S,INDUSTRY,"Diabetes|Diabetes Mellitus, Type 2",liraglutide|rosiglitazone|metformin,no,2006-05,2007-08,liraglutide,liraglutide,liraglutide,no
NCT02092896,Liraglutide as add-on to Insulin in Type 1 Diabetes,PHASE3,COMPLETED,INTERVENTIONAL,40,Hvidovre University Hospital,OTHER,"Diabetes|Diabetes Mellitus, Type 1",Liraglutide|Placebo|Liraglutide|Placebo,no,2013-03,2014-10,liraglutide,liraglutide,liraglutide,no
NCT00518882,Effect of Liraglutide or Exenatide Added to an Ongoing Treatment on Blood Glucose Control in Subjects With Type 2 Diabetes,PHASE3,COMPLETED,INTERVENTIONAL,467,Novo Nordisk A/S,INDUSTRY,"Diabetes|Diabetes Mellitus, Type 2",liraglutide|exenatide,yes,2007-08,2008-04,liraglutide,liraglutide,liraglutide,no
NCT01212133,A Post Marketing Surveillance (PMS) Study of Liraglutide in Subjects With Type 2 Diabetes Mellitus in India,NA,COMPLETED,OBSERVATIONAL,1386,Novo Nordisk A/S,INDUSTRY,"Diabetes|Diabetes Mellitus, Type 2",liraglutide,no,2010-11,2012-04,liraglutide,liraglutide,liraglutide,no
NCT01800968,Functional Impact of GLP-1 for Heart Failure Treatment (FIGHT),PHASE2,COMPLETED,INTERVENTIONAL,300,Duke University,OTHER,Acute Heart Failure,Liraglutide|Placebo,yes,2013-04,2015-10,liraglutide,liraglutide,liraglutide,no
NCT02832999,Short Term Effect of Liraglutide Versus Vildagliptine on Insulin Secretion and Insulin Sensitivity in Type 2 Diabetes,PHASE4,COMPLETED,INTERVENTIONAL,14,Yaounde Central Hospital,OTHER_GOV,Type 2 Diabetes Mellitus,sub cutaneous liraglutide|Oral Vildagliptin,no,2016-01,2016-09,liraglutide,liraglutide,liraglutide,no
NCT04781998,Is Saxenda® a Viable Treatment of Obese Patients in Forensic Psychiatry?,PHASE4,COMPLETED,INTERVENTIONAL,24,"Anders Fink-Jensen, MD, DMSci",OTHER,Mental Disorder|Metabolic Disturbance|Feasibility|Overweight and Obesity|Liraglutide,liraglutide 3 mg (Saxenda®) once-daily,no,2021-07-01,2022-07-21,liraglutide,liraglutide,liraglutide,no
NCT05313529,"LIGHT-MCI Trial: GLP-1 Agonist, SGLT2 Inhibitor, and DPP-4 Inhibitor for MCI Remission in Type 2 Diabetes",NA,COMPLETED,INTERVENTIONAL,396,The Affiliated Nanjing Drum Tower Hospital of Nanjing University Medical School,OTHER,Type 2 Diabetes Mellitus|Mild Cognitive Impairment,Liraglutide|Empagliflozin|Linagliptin,no,2022-10-08,2025-12-31,liraglutide,liraglutide,liraglutide,no
NCT04575194,Study of the Cardiometabolic Effects of Obesity Pharmacotherapy,PHASE4,UNKNOWN,INTERVENTIONAL,40,National and Kapodistrian University of Athens,OTHER,Obesity|Blood Pressure,Liraglutide 6 MG/ML [Saxenda]|Naltrexone-Bupropion Combination,no,2020-09-08,2022-09-30,liraglutide,liraglutide,liraglutide,no
NCT01208012,Impact of Liraglutide on Endothelial Function and Microvascular Blood Flow in Type 2 Diabetes Mellitus,PHASE4,COMPLETED,INTERVENTIONAL,44,ikfe-CRO GmbH,INDUSTRY,"Diabetes Mellitus, Type 2",Victoza®,no,2010-04,2010-11,liraglutide,liraglutide,liraglutide,no
NCT02060383,Study of Management of Pasireotide-induced Hyperglycemia in Adult Patients With Cushing's Disease or Acromegaly,PHASE4,COMPLETED,INTERVENTIONAL,249,Novartis Pharmaceuticals,INDUSTRY,Cushing's Disease|Acromegaly,Pasireotide s.c.|Sitagliptin|Liraglutide|Insulin|Pasireotide LAR|Metformin,yes,2014-05-23,2018-02-05,liraglutide,liraglutide,liraglutide,no
NCT02928679,Multi-parametric Imaging of the Knee in Obese Patients With Knee Osteoarthritis; Weight Maintenance,PHASE4,COMPLETED,INTERVENTIONAL,150,Henrik Gudbergsen,OTHER,Osteoarthritis|Obesity,Liraglutide 3 mg (Saxenda)|Liraglutide 3 mg placebo,no,2016-11,2019-02-20,liraglutide,liraglutide,liraglutide,no
NCT00331851,Effect of Liraglutide on Blood Glucose Control in Subjects With Type 2 Diabetes,PHASE3,COMPLETED,INTERVENTIONAL,584,Novo Nordisk A/S,INDUSTRY,"Diabetes|Diabetes Mellitus, Type 2",liraglutide|insulin glargine|metformin|glimepiride,no,2006-05,2007-04,liraglutide,liraglutide,liraglutide,no
NCT06482411,Risk Factors Affect Weight Loss Outcomes After Treatment.,NA,COMPLETED,OBSERVATIONAL,3602,E-DA Hospital,OTHER,Weight Regain,,no,2024-06-27,2025-10-22,liraglutide,liraglutide,liraglutide,no
NCT01620463,"Safety, Tolerability, Pharmacokinetics and Pharmacodynamics of Liraglutide in Healthy Japanese Volunteers",PHASE1,COMPLETED,INTERVENTIONAL,32,Novo Nordisk A/S,INDUSTRY,"Diabetes|Diabetes Mellitus, Type 2",liraglutide|placebo,no,2002-12,2003-03,liraglutide,liraglutide,liraglutide,no
NCT04190160,Quality of Life and Fixed-ratio Combination of Insulin Degludec and Liraglutide (iDegLira),NA,COMPLETED,INTERVENTIONAL,35,Stefano Rizza,OTHER,Type2 Diabetes,IDegLira,no,2018-11-19,2019-11-22,liraglutide,liraglutide,liraglutide,no
NCT01755416,Liraglutide Versus Insulin Mono-therapy in the Closed Loop Setting,PHASE2,COMPLETED,INTERVENTIONAL,18,Albert Einstein College of Medicine,OTHER,Type 1 Diabetes,"Closed loop with sensor and Insulin|Closed loop with sensor, Insulin and Liraglutide",yes,2013-01,2015-01,liraglutide,liraglutide,liraglutide,no
NCT02967757,In-market Utilisation of Liraglutide Used for Weight Management in Europe,NA,COMPLETED,OBSERVATIONAL,316,Novo Nordisk A/S,INDUSTRY,Metabolism and Nutrition Disorder|Obesity,liraglutide,no,2016-12-22,2019-05-28,liraglutide,liraglutide,liraglutide,no
NCT03523273,Pilot Study of the Effect of Liraglutide 3.0 mg on Weight Loss and Gastric Functions in Obesity,PHASE2,COMPLETED,INTERVENTIONAL,136,"Michael Camilleri, MD",OTHER,Obesity,Liraglutide|Placebo,yes,2017-11-29,2021-08-31,liraglutide,liraglutide,liraglutide,no
NCT01518101,Vildagliptin Versus Liraglutide - Patient Preference After Receiving Both Medications,PHASE4,COMPLETED,INTERVENTIONAL,62,Novartis Pharmaceuticals,INDUSTRY,Type 2 Diabetes,Vildagliptin/ Metformin|Liraglutide|Metformin,no,2012-01,2012-10,liraglutide,liraglutide,liraglutide,no
NCT03885297,3mg Liraglutide for Overweight or Obesity,NA,COMPLETED,OBSERVATIONAL,43,University Hospitals Coventry and Warwickshire NHS Trust,OTHER,"Overweight|Obesity|Infertility, Female",Saxenda|Lifestyle modification|Metabolomics|miRNA,no,2019-01-18,2020-12-18,liraglutide,liraglutide,liraglutide,no
NCT05705388,POSE2.0 With GLP-1 Agonist for Obesity Management,NA,UNKNOWN,INTERVENTIONAL,50,Emirates Health Services (EHS),OTHER_GOV,Obesity,POSE2.0 Endoscopic Gastric Remodeling|Liraglutide injection,no,2023-01-16,2025-01-03,liraglutide,liraglutide,liraglutide,no
NCT01821846,Investigating the Safety Profile of Liraglutide Under Normal Conditions of Use in Korean Subjects With Type 2 Diabetes Mellitus,NA,COMPLETED,OBSERVATIONAL,64,Novo Nordisk A/S,INDUSTRY,"Diabetes|Diabetes Mellitus, Type 2",liraglutide,no,2013-11-20,2017-03-08,liraglutide,liraglutide,liraglutide,no
NCT02077946,A Retrospective Database Assessment of Clinical Effectiveness in Type 2 Diabetes Patients Treated With Liraglutide From Primary Care Centers in Sweden,NA,COMPLETED,OBSERVATIONAL,1059,Novo Nordisk A/S,INDUSTRY,"Diabetes|Diabetes Mellitus, Type 2",liraglutide|sitagliptin,no,2014-02-10,2014-09-03,liraglutide,liraglutide,liraglutide,no
NCT01128894,A Study to Determine the Efficacy and Safety of Albiglutide as Compared With Liraglutide.,PHASE3,COMPLETED,INTERVENTIONAL,841,GlaxoSmithKline,INDUSTRY,"Diabetes Mellitus, Type 2",albiglutide|liraglutide,yes,2010-05,2011-09,liraglutide,liraglutide,liraglutide,no
NCT01542242,Liraglutide Use in Prader-Willi Syndrome,PHASE4,TERMINATED,INTERVENTIONAL,1,Vancouver General Hospital,OTHER,Diabetes Mellitus Type 2|Prader Willi Syndrome,Liraglutide,no,2012-02,2013-03,liraglutide,liraglutide,liraglutide,no
NCT03260881,Liraglutide Effects on Epicardial Fat Inflammatory Genes,PHASE4,COMPLETED,INTERVENTIONAL,38,University of Miami,OTHER,Type2 Diabetes|Coronary Artery Disease,Liraglutide Pen Injector [Victoza]|matching liraglutide-placebo pre-filled pens,yes,2018-09-01,2024-09-05,liraglutide,liraglutide,liraglutide,no
NCT03151005,The Effect of GLP-1 Agonists Versus OCs on Reproductive Disorders and Cardiovascular Risks in Overweight PCOS,PHASE4,COMPLETED,INTERVENTIONAL,70,Xinqiao Hospital of Chongqing,OTHER,Polycystic Ovary Syndrome (PCOS)|Overweight|Obesity,Metformin-GLP-1 Receptor Agonist|Metformin-Oral Contraceptive(OC),yes,2017-07-01,2021-04-01,liraglutide,liraglutide,liraglutide,no
NCT06408532,The Efficacy and Safety of Insulin Degludec/Liraglutide Combination (IDegLira) in Patients With Type 2 Diabetes,PHASE4,UNKNOWN,INTERVENTIONAL,256,Peking University People's Hospital,OTHER,"Diabetes Mellitus, Type 2",IDegLira|Premixed insulin,no,2024-04-30,2024-10-30,liraglutide,liraglutide,liraglutide,no
NCT02638805,Study of the Safety and Tolerability of Switching to ITCA 650 in Patients With Type 2 Diabetes Receiving Liraglutide,PHASE3,COMPLETED,INTERVENTIONAL,136,Intarcia Therapeutics,INDUSTRY,"Diabetes Mellitus, Type 2",ITCA 650 Osmotic Mini Pump 20/60 mcg/day|ITCA 650 Osmotic Mini Pump 60 mcg/day|Metformin|Liraglutide,no,2015-12,2017-10,liraglutide,liraglutide,liraglutide,no
NCT03010683,"Effects of Agonists of Glucagon Like Peptide - 1 Receptors (GLP-1R) on Arterial Stiffness, Endothelial Glycocalyx and Coronary Flow Reserve in Patients With Coronary Artery Disease and Patients With Diabetes Mellitus",NA,COMPLETED,INTERVENTIONAL,60,University of Athens,OTHER,Type 2 Diabetes Mellitus|Coronary Artery Disease,Liraglutide|Metformin,yes,2015-11,2017-06,liraglutide,liraglutide,liraglutide,no
NCT01628445,Study of Liraglutide in Individuals With Type 2 Diabetes Using Insulin,PHASE3,TERMINATED,INTERVENTIONAL,52,University of Manitoba,OTHER,Type 2 Diabetes,liraglutide|placebo injection,no,2012-08,2015-11,liraglutide,liraglutide,liraglutide,no
NCT03158805,Saxenda® in Obese or Overweight Patients With Stable Bipolar Disorder (Investigator Initiated),PHASE2,COMPLETED,INTERVENTIONAL,60,Lindner Center of HOPE,OTHER,Bipolar Disorder|Obesity,LIRAGLUTIDE|Placebo,yes,2017-04-26,2022-10-11,liraglutide,liraglutide,liraglutide,no
NCT03993132,A Study Using Medical Records of Danish People With Type 2 Diabetes Comparing Empagliflozin and Glucagon-Like Peptide-1 Receptor Agonists (GLP1-RA) in the Occurrence of Serious Cardiovascular Outcomes,NA,COMPLETED,OBSERVATIONAL,26774,Boehringer Ingelheim,INDUSTRY,"Diabetes Mellitus, Type 2",Empagliflozin|Liraglutide,yes,2018-10-01,2022-06-16,liraglutide,liraglutide,liraglutide,no
NCT03466021,Effects of Liraglutide in Chronic Obstructive Pulmonary Disease,PHASE4,COMPLETED,INTERVENTIONAL,40,Claus Bogh Juhl,OTHER,"Pulmonary Disease, Chronic Obstructive",Liraglutide|Placebo,no,2018-01-01,2020-05-31,liraglutide,liraglutide,liraglutide,no
NCT02650206,Effect of Liraglutide (Victoza) on Inflammation in Human Adipose Tissue and Blood,PHASE1,COMPLETED,INTERVENTIONAL,56,Stanford University,OTHER,"Diabetes Mellitus, Type 2|Diabetes Mellitus, Type II|Diabetes Mellitus, Adult-Onset|Inflammation",Victoza (liraglutide) with dietician monitoring|Placebo with dietician monitoring,no,2015-01,2019-09-27,liraglutide,liraglutide,liraglutide,no
NCT02928614,Biomarkers in Obese Patients With Knee Osteoarthritis; Weight Maintenance,PHASE4,COMPLETED,INTERVENTIONAL,150,Henrik Gudbergsen,OTHER,Osteoarthritis|Obesity,Liraglutide 3 mg (Saxenda)|Liraglutide 3 mg placebo,no,2016-11,2019-02,liraglutide,liraglutide,liraglutide,no
NCT03823339,"A Research Study, Looking at How Xultophy® Works in People With Type 2 Diabetes in Local Clinical Practice in United Arab Emirates",NA,COMPLETED,OBSERVATIONAL,300,Novo Nordisk A/S,INDUSTRY,"Diabetes Mellitus, Type 2",Insulin degludec/liraglutide,no,2019-01-29,2020-12-14,liraglutide,liraglutide,liraglutide,no
NCT04196231,Durability of Combination of Insulin and GLP-1 Receptor Agonist or SGLT-2 Inhibitors Versus Basal Bolus Insulin Regimen in Type 2 Diabetes (BEYOND),PHASE4,COMPLETED,INTERVENTIONAL,258,University of Campania Luigi Vanvitelli,OTHER,Type 2 Diabetes,IDegLira|IGlarLixi|Insulin/Canaglifozin|Insulin/Dapaglifozin|Insulin/Empaglifozin|Basal Bolus,no,2019-11-27,2020-09-30,liraglutide,liraglutide,liraglutide,no
NCT02315001,Liraglutide to Improve corONary Haemodynamics During Exercise streSS,PHASE2,COMPLETED,INTERVENTIONAL,26,King's College London,OTHER,Ischaemic Heart Disease|Coronary Heart Disease|Chronic Stable Angina,Liraglutide|Placebo,no,2014-01,2015-03,liraglutide,liraglutide,liraglutide,no
NCT01602913,Type II Diabetes Mellitus in Patients Exposed to Pravastatin and Paroxetine,NA,COMPLETED,OBSERVATIONAL,1,GlaxoSmithKline,INDUSTRY,"Depression, Postpartum",Pravastatin alone|Paroxetine alone|Pravastatin and paroxetine combined,no,2011-12,2012-05,liraglutide,liraglutide,liraglutide,no
NCT02960659,Title: Therapeutic Targets in African-American Youth With Type 2 Diabetes,PHASE1|PHASE2,COMPLETED,INTERVENTIONAL,24,National Institute of Diabetes and Digestive and Kidney Diseases (NIDDK),NIH,Type 2 Diabetes,Liraglutide|Metformin,yes,2017-05-09,2022-05-20,liraglutide,liraglutide,liraglutide,no
NCT01856790,Effect of Liraglutide on Automated Closed-loop Glucose Control in Type 1 Diabetes,EARLY_PHASE1,COMPLETED,INTERVENTIONAL,15,Jennifer Sherr,OTHER,Type 1 Diabetes,ePID closed loop system|liraglutide,yes,2013-02,2015-11,liraglutide,liraglutide,liraglutide,no
NCT03707171,Effects of Liraglutide on the Cognitive Function in Patients With Type 2 Diabetes Mellitus,PHASE3,COMPLETED,INTERVENTIONAL,30,Third Military Medical University,OTHER,Type 2 Diabetes Mellitus,Liraglutide|placebo,no,2018-10-01,2019-02-01,liraglutide,liraglutide,liraglutide,no
NCT01733758,A Monotherapy Study to Evaluate the Efficacy and Safety of 2 Dose Levels of Albiglutide in Japanese Subjects With Type 2 Diabetes Mellitus (T2DM),PHASE3,COMPLETED,INTERVENTIONAL,494,GlaxoSmithKline,INDUSTRY,"Diabetes Mellitus, Type 2",Albiglutide 30 mg weekly|Albiglutide 50 mg weekly|Placebo|Liraglutide 0.9 mg daily,yes,2013-02,2014-06,liraglutide,liraglutide,liraglutide,no
NCT03856047,Research Study Investigating How Well NNC0174-0833 Works in People Suffering From Overweight or Obesity.,PHASE2,COMPLETED,INTERVENTIONAL,706,Novo Nordisk A/S,INDUSTRY,Overweight|Obesity,NNC0174-0833|Placebo (NNC0174-0833)|Liraglutide 3.0 mg|Placebo (Liraglutide 3.0 mg),yes,2019-03-01,2020-03-02,liraglutide,liraglutide,liraglutide,no
NCT01722227,Anti-diabetic Effects of Liraglutide in Adolescents and Young Subjects With Type 1 Diabetes,PHASE3,WITHDRAWN,INTERVENTIONAL,0,University at Buffalo,OTHER,Type 1 Diabetes,Liraglutide|Placebo,no,2012-11,2017-11,liraglutide,liraglutide,liraglutide,no
NCT02235961,"Investigate Safety, Tolerability and Pharmacokinetics for Single Doses of NNC9204-0530 Alone and in Combination With Liraglutide in Overweight to Obese But Otherwise Healthy Male Subjects",PHASE1,COMPLETED,INTERVENTIONAL,163,Novo Nordisk A/S,INDUSTRY,Metabolism and Nutrition Disorder|Obesity,NNC9204-0530|liraglutide|placebo,no,2014-09-04,2016-07-06,liraglutide,liraglutide,liraglutide,no
NCT01536665,The Effect of Liraglutide Adjunct to Insulin on Glucagon Response to Hypoglycaemia in Subjects With Type 1 Diabetes,PHASE1,COMPLETED,INTERVENTIONAL,45,Novo Nordisk A/S,INDUSTRY,"Diabetes|Diabetes Mellitus, Type 1",liraglutide|placebo,no,2012-02,2012-08,liraglutide,liraglutide,liraglutide,no
NCT02647944,Pilot Study of the Effect of Liraglutide on Weight Loss and Gastric Functions in Obesity,PHASE2,COMPLETED,INTERVENTIONAL,40,Mayo Clinic,OTHER,Obesity,Liraglutide|Placebo,yes,2015-12-18,2016-12-30,liraglutide,liraglutide,liraglutide,no
NCT02765399,"The Effect of Liraglutide Treatment on Postprandial Chylomicron and VLDL Kinetics, Liver Fat and de Novo Lipogenesis",PHASE4,COMPLETED,INTERVENTIONAL,23,Helsinki University Central Hospital,OTHER,Type 2 Diabetes,Liraglutide|Placebo,yes,2015-02-01,2019-02-28,liraglutide,liraglutide,liraglutide,no
NCT02205528,A Study of Once-Daily NNC0090-2746 in Participants With Type 2 Diabetes Inadequately Controlled With Metformin,PHASE2,COMPLETED,INTERVENTIONAL,108,Novo Nordisk A/S,INDUSTRY,Diabetes|Diabetes Mellitus Type 2,Liraglutide|Metformin|Placebo|NNC0090-2746,no,2014-08-18,2015-09-15,liraglutide,liraglutide,liraglutide,no
NCT03087032,Liraglutide-bolus vs Glargine-bolus Therapy in Overweight/Obese Type 2 Diabetes Patients (LiraGooD),PHASE4,RECRUITING,INTERVENTIONAL,164,The First Affiliated Hospital of Xiamen University,OTHER,Type 2 Diabetes Patients|Overweight and Obesity|Hyperglycaemia (Diabetic),Liraglutide|insulin glargine,no,2019-01-10,2025-01-15,liraglutide,liraglutide,liraglutide,no
NCT03421119,Comparing Efficacy and Safety of CinnaGen-liraglutide Versus Victoza® in Patients With Type II Diabetes,PHASE3,UNKNOWN,INTERVENTIONAL,300,Cinnagen,INDUSTRY,"Diabetes Mellitus, Type 2",Liraglutide 6 MG/ML Pen Injector|Metformin|Sulfonylurea/non-sulfonylurea insulin secretagogues,no,2019-06-20,2019-12-01,liraglutide,liraglutide,liraglutide,no
NCT01363609,Effects of Glucagon Like Peptide-1(GLP-1) and Liraglutide on Brain Satiety and Reward Circuits and Feeding Behavior in Diabetes,NA,COMPLETED,INTERVENTIONAL,50,"Amsterdam UMC, location VUmc",OTHER,Obesity|Type 2 Diabetes,Liraglutide treatment 12 weeks|insulin glargine treatment|GLP-1 receptor antagonist,no,2011-10,2015-01,liraglutide,liraglutide,liraglutide,no
NCT06925334,A Study Comparing Degu Insulin Liraglutide Injection With Premixed Insulin on the Prognosis of Diabetes Mellitus,PHASE4,ENROLLING_BY_INVITATION,INTERVENTIONAL,170,Beijing Tsinghua Chang Gung Hospital,OTHER,Type 2 Diabetic Patients,Degludec insulin,no,2024-05-20,2025-12-31,liraglutide,liraglutide,liraglutide,no
NCT02150707,The Differential Effects of Diabetes Therapy on Inflammation,NA,COMPLETED,OBSERVATIONAL,17,University College Dublin,OTHER,Diabetic Nephropathy|Type 2 Diabetes,Dipeptidyl-Peptidase IV Inhibitors|Glucagon-Like Peptide 1,no,2014-05,2015-12,liraglutide,liraglutide,liraglutide,no
NCT01664247,The Effect of Insulin Degludec in Combination With Liraglutide and Metformin in Subjects With Type 2 Diabetes Qualifying for Treatment Intensification,PHASE3,COMPLETED,INTERVENTIONAL,346,Novo Nordisk A/S,INDUSTRY,"Diabetes|Diabetes Mellitus, Type 2",insulin degludec|placebo|liraglutide,yes,2012-10-01,2013-12-31,liraglutide,liraglutide,liraglutide,no
NCT07374445,Research on Timing of Liraglutide Therapy in Patients With Obesity After Metabolic Surgery,PHASE4,COMPLETED,INTERVENTIONAL,100,The Affiliated Nanjing Drum Tower Hospital of Nanjing University Medical School,OTHER,Obesity|Weight Loss|Bariatric Surgery,Liraglutide injection|Diet and exercise guidelines,no,2023-09-01,2025-06-01,liraglutide,liraglutide,liraglutide,no
NCT02456428,Incretin-based Drugs and the Risk of Heart Failure,NA,COMPLETED,OBSERVATIONAL,1499650,"Canadian Network for Observational Drug Effect Studies, CNODES",OTHER,Type 2 Diabetes Mellitus,DPP-4 inhibitors|GLP-1 analogs|Insulins|Biguanides|Sulfonylureas|Thiazolidinediones|Alpha-glucosidase inhibitors|Meglitinides,no,2014-03,2015-05,liraglutide,liraglutide,liraglutide,no
NCT02918279,Effect of Liraglutide for Weight Management in Pubertal Adolescent Subjects With Obesity,PHASE3,COMPLETED,INTERVENTIONAL,251,Novo Nordisk A/S,INDUSTRY,Metabolism and Nutrition Disorder|Obesity,Liraglutide|Placebo,yes,2016-09-29,2019-02-14,liraglutide,liraglutide,liraglutide,no
NCT02577848,GLP-1 on Non-ST-Segment Elevation Myocardial Infarction,NA,UNKNOWN,INTERVENTIONAL,90,Chinese PLA General Hospital,OTHER,Myocardial Infarction,GLP-1|Placebo,no,2015-10,2016-10,liraglutide,liraglutide,liraglutide,no
NCT01795248,The Impact of Liraglutide on Glucose Tolerance and the Risk of Type 2 Diabetes in Women With Previous Pregnancy-induced Diabetes,PHASE4,COMPLETED,INTERVENTIONAL,105,Tina Vilsboll,OTHER,Gestational Diabetes Mellitus,Liraglutide|Placebo,no,2012-07,2019-09,liraglutide,liraglutide,liraglutide,no
NCT02911948,A Double-blinded Trial Comparing the Efficacy and Safety of Insulin Degludec/Liraglutide and Insulin Degludec Both in Combination With Metformin in Japanese Subjects With Type 2 Diabetes Mellitus Inadequately Controlled With Basal or Pre-mix/Combination Insulin Therapy and Oral Anti-diabetic Drugs,PHASE3,COMPLETED,INTERVENTIONAL,210,Novo Nordisk A/S,INDUSTRY,"Diabetes|Diabetes Mellitus, Type 2",Insulin degludec/liraglutide|Insulin degludec,yes,2016-09-21,2017-11-17,liraglutide,liraglutide,liraglutide,no
NCT02931370,Ultrasound of the Knee in Obese Patients With Knee Osteoarthritis; Weight Loss,NA,COMPLETED,OBSERVATIONAL,200,Henrik Gudbergsen,OTHER,Osteoarthritis|Obesity,Dietary Supplement: Intensive dietary intervention,no,2016-11,2019-02,liraglutide,liraglutide,liraglutide,no
NCT01388361,Comparison of the Efficacy and Safety of Two Intensification Strategies in Subjects With Type 2 Diabetes Inadequately Controlled on Basal Insulin and Metformin,PHASE3,COMPLETED,INTERVENTIONAL,413,Novo Nordisk A/S,INDUSTRY,"Diabetes|Diabetes Mellitus, Type 2",insulin degludec|insulin aspart|liraglutide,yes,2011-09,2012-07,liraglutide,liraglutide,liraglutide,no
NCT00395746,Effect of Liraglutide in Combination With Sulfonylurea (SU) on Blood Glucose Control in Subjects With Type 2 Diabetes,PHASE3,COMPLETED,INTERVENTIONAL,264,Novo Nordisk A/S,INDUSTRY,"Diabetes|Diabetes Mellitus, Type 2",sulfonylurea|liraglutide|liraglutide,yes,2006-10,2007-10,liraglutide,liraglutide,liraglutide,no
NCT02016846,Liraglutide Efficacy on Glucocorticoid Induced Hyperglycemia in Patients High Risk for Diabetes,PHASE3,UNKNOWN,INTERVENTIONAL,36,Rabin Medical Center,OTHER,Glucocorticoid Induced Hyperglycemia,Liraglutide|Placebo,no,2014-01,2015-01,liraglutide,liraglutide,liraglutide,no
NCT05294536,A Pharmacokinetic Study Comparing the Liraglutide Injection (RD12014) and Victoza® in Healthy Chinese Subjects,PHASE1,COMPLETED,INTERVENTIONAL,50,"Sunshine Lake Pharma Co., Ltd.",INDUSTRY,Type 2 Diabetes,"Liraglutide injection,RD12014|Liraglutide injection,Victoza",no,2020-06-22,2020-07-20,liraglutide,liraglutide,liraglutide,no
NCT01394341,Liraglutide Treatment to Patients With Severe Renal Insufficiency,PHASE4,COMPLETED,INTERVENTIONAL,40,Bo Feldt-Rasmussen,OTHER,Type 2 Diabetes Mellitus|End-stage Renal Disease,Liraglutide,no,2011-09,2013-10,liraglutide,liraglutide,liraglutide,no
NCT01399645,Study of Liraglutide Versus Insulin on Liver Fat Fraction in Patients With Type 2 Diabetes,PHASE2,COMPLETED,INTERVENTIONAL,35,Centre hospitalier de l'Université de Montréal (CHUM),OTHER,Nonalcoholic Fatty Liver Disease|Nonalcoholic Steatohepatitis|Type 2 Diabetes,Liraglutide-metformin vs insulin-metformin,no,2011-05,2014-06,liraglutide,liraglutide,liraglutide,no
NCT02324842,Effect of Combined Incretin-Based Therapy Plus Canagliflozin on Glycemic Control and the Compensatory Rise in Hepatic Glucose Production in Type 2 Diabetic Patients,NA,COMPLETED,INTERVENTIONAL,45,The University of Texas Health Science Center at San Antonio,OTHER,Type 2 Diabetes Mellitus,Canagliflozin|Liraglutide,yes,2014-11,2018-03-28,liraglutide,liraglutide,liraglutide,no
NCT01722266,Liraglutide in the Treatment of Type 1 Diabetes Mellitus,PHASE3,COMPLETED,INTERVENTIONAL,72,University at Buffalo,OTHER,Type 1 Diabetes,Liraglutide|Placebo,yes,2012-11-01,2014-04-01,liraglutide,liraglutide,liraglutide,no
NCT03520062,The Effect of Liraglutide on Pancreatic Hormones and Its Size,NA,COMPLETED,INTERVENTIONAL,14,Nicolai Jacob Wewer Albrechtsen,OTHER,Obesity,Liraglutide (Saxenda) 6Mg/Ml Inj Pen 3Ml,no,2017-08-15,2019-04-30,liraglutide,liraglutide,liraglutide,no
NCT02928471,Multi-parametric Imaging of the Knee in Obese Patients With Knee Osteoarthritis; Weight Loss,NA,COMPLETED,OBSERVATIONAL,200,Henrik Gudbergsen,OTHER,Osteoarthritis|Obesity,Intensive dietary intervention,no,2016-11,2019-02,liraglutide,liraglutide,liraglutide,no
NCT04763564,Efficacy of Liraglutide Therapy in Patients With IPAA,PHASE2,TERMINATED,INTERVENTIONAL,8,"University of North Carolina, Chapel Hill",OTHER,Pouchitis|Irritable Pouch Syndrome,Liraglutide Pen Injector|Placebo Pen Injector,yes,2022-03-22,2023-10-16,liraglutide,liraglutide,liraglutide,no
NCT01974544,Prevention and Treatment Of Diabetes Complications With Gastric Surgery or Intensive Medicines,NA,UNKNOWN,INTERVENTIONAL,150,Pontificia Universidad Catolica de Chile,OTHER,Type 2 Diabetes,Best medical treatment|gastric bypass|sleeve gastrectomy|General interventions for all groups: blood presure|General interventions for all groups: dysilipidemia|General interventions for all groups: lifestyle,no,2013-05,2015-12,liraglutide,liraglutide,liraglutide,no
NCT03862716,Remission Evaluation of a Metabolic Intervention for Type 2 Diabetes With IDegLira,PHASE3,COMPLETED,INTERVENTIONAL,159,Population Health Research Institute,OTHER,Type 2 Diabetes Mellitus,IDegLira|insulin degludec|Metformin|Lifestyle Therapy,no,2019-04-23,2022-06-15,liraglutide,liraglutide,liraglutide,no
NCT06438146,LIROH - Liraglutide for Obesity in HIV,PHASE4,UNKNOWN,INTERVENTIONAL,40,Brigham and Women's Hospital,OTHER,Obesity|HIV Infections,Liraglutide,no,2024-05-02,2025-05,liraglutide,liraglutide,liraglutide,no
NCT02650596,Effects of GLP-1 on Chronic Heart Failure,NA,UNKNOWN,INTERVENTIONAL,68,Shi Yang,OTHER,Heart Failure,GLP-1|Placebo,no,2016-01,2018-02,liraglutide,liraglutide,liraglutide,no
NCT00761540,To Investigate the Blood Concentration of Liraglutide as Well as the Effects on Glucose and Insulin After 21 Days of Daily Subcutaneous Injections of Liraglutide or Placebo,PHASE1,COMPLETED,INTERVENTIONAL,37,Novo Nordisk A/S,INDUSTRY,Diabetes|Healthy,liraglutide|placebo|liraglutide|placebo|liraglutide|placebo,no,2008-10,2008-12,liraglutide,liraglutide,liraglutide,no
NCT01919489,Liraglutide Hospital Discharge Trial,PHASE4,COMPLETED,INTERVENTIONAL,273,Emory University,OTHER,Type 2 Diabetes,Liraglutide + OADs|Glargine + OADs,yes,2014-03,2020-08-30,liraglutide,liraglutide,liraglutide,no
NCT06865365,Preoperative Use of Liraglutide Additionally to Common Dietological Measures as Opposed to Dietological Measures Alone,PHASE4,NOT_YET_RECRUITING,INTERVENTIONAL,72,Medical University of Vienna,OTHER,"Obesity, Adolescent","Liraglutide daily (0.6-3.0mg, highest tolerable dose) additional to dietological measures and lifestyle optimization suggestions|Dietologic measures and lifestyle optimization for weight loss",no,2025-05-01,2027-02-01,liraglutide,liraglutide,liraglutide,no
NCT02417103,Pretreatment of Patients Expecting Bariatric Surgery With the GLP-1 Analogon Liraglutid,PHASE3,TERMINATED,INTERVENTIONAL,2,Universitätsklinikum Hamburg-Eppendorf,OTHER,Obesity,GLP-1 (Liraglutide)|Placebo,no,2011-12,2016-09,liraglutide,liraglutide,liraglutide,no
NCT01836523,The Efficacy and Safety of Liraglutide as Adjunct Therapy to Insulin in the Treatment of Type 1 Diabetes,PHASE3,COMPLETED,INTERVENTIONAL,1398,Novo Nordisk A/S,INDUSTRY,"Diabetes|Diabetes Mellitus, Type 1",liraglutide|placebo|liraglutide|placebo|liraglutide|placebo,yes,2013-11,2015-06,liraglutide,liraglutide,liraglutide,no
NCT02889510,Study to Assess the Efficacy of Liraglutide in Patients With Type 2 Diabetes Mellitus,PHASE3,COMPLETED,INTERVENTIONAL,76,"Lecube, Albert, M.D.",INDIV,Type 2 Diabetes,liraglutide|placebo,yes,2016-10-04,2019-11-18,liraglutide,liraglutide,liraglutide,no
NCT01319240,Safety and Tolerability of Insulin Degludec/Liraglutide (A3) in Healthy Subjects,PHASE1,COMPLETED,INTERVENTIONAL,24,Novo Nordisk A/S,INDUSTRY,Diabetes|Healthy,insulin degludec|insulin degludec/liraglutide|liraglutide,no,2011-03,2011-05,liraglutide,liraglutide,liraglutide,no
NCT01620489,Efficacy and Safety of Liraglutide Versus Placebo as add-on to Existing Diabetes Medication in Subjects With Type 2 Diabetes and Moderate Renal Impairment,PHASE3,COMPLETED,INTERVENTIONAL,279,Novo Nordisk A/S,INDUSTRY,"Diabetes|Diabetes Mellitus, Type 2",liraglutide|placebo,yes,2012-06-14,2013-08-20,liraglutide,liraglutide,liraglutide,no
NCT01592279,GLP-1 Analogue Treatment in Uncontrolled Type 1 Diabetic Patients,PHASE4,UNKNOWN,INTERVENTIONAL,124,Hadassah Medical Organization,OTHER,Uncontrolled Type 1 Diabetic Patients,liraglutide|Insulin injections,no,2012-06,2014-06,liraglutide,liraglutide,liraglutide,no
NCT01226966,Observational Study on Efficacy and Safety of Liraglutide in Subjects With Type 2 Diabetes,NA,COMPLETED,OBSERVATIONAL,3152,Novo Nordisk A/S,INDUSTRY,"Diabetes|Diabetes Mellitus, Type 2",liraglutide,no,2010-09,2013-11,liraglutide,liraglutide,liraglutide,no
NCT02783196,Effect of Liraglutide on Clock Genes,NA,UNKNOWN,INTERVENTIONAL,14,Tel Aviv University,OTHER,Type 2 Diabetes,Liraglutide|Placebo,no,2016-07,2016-12,liraglutide,liraglutide,liraglutide,no
NCT01973231,Efficacy and Safety of Liraglutide Versus Lixisenatide as add-on to Metformin in Subjects With Type 2 Diabetes,PHASE4,COMPLETED,INTERVENTIONAL,404,Novo Nordisk A/S,INDUSTRY,"Diabetes|Diabetes Mellitus, Type 2",liraglutide|lixisenatide,yes,2013-10,2014-11,liraglutide,liraglutide,liraglutide,no
NCT03371862,Liraglutide on Decreasing Parenteral Support in Short Bowel Patients (SLIPS),PHASE2,WITHDRAWN,INTERVENTIONAL,0,Imperial College London,OTHER,Short Bowel Syndrome,Liraglutide Pen Injector [Victoza],no,2017-10-20,2020-08-06,liraglutide,liraglutide,liraglutide,no
NCT06217848,"The Effect of GLP-1 Agonist in Patients With Hypothalamic Obesity: Prospective, Pilot Study",EARLY_PHASE1,UNKNOWN,INTERVENTIONAL,50,Seoul National University Hospital,OTHER,Panhypopituitarism|Craniopharyngioma|Hypothalamic Obesity,Saxenda,no,2022-11-28,2024-02-08,liraglutide,liraglutide,liraglutide,no
NCT02490176,Effects of Glucagon Like Peptide-1 on Haemodynamic Parameters,NA,UNKNOWN,INTERVENTIONAL,50,Chinese PLA General Hospital,OTHER,Heart Failure,liraglutide|placebo,no,2015-07,2016-07,liraglutide,liraglutide,liraglutide,no
NCT00154414,Effect of Liraglutide on Blood Glucose Control in Japanese Subjects With Type 2 Diabetes,PHASE2,COMPLETED,INTERVENTIONAL,226,Novo Nordisk A/S,INDUSTRY,"Diabetes|Diabetes Mellitus, Type 2",liraglutide,no,2005-01,2006-05,liraglutide,liraglutide,liraglutide,no
NCT00993304,A Trial to Assess the Effect of Liraglutide on Blood Triglyceride (Fat) Levels After a Meal in Type 2 Diabetics,PHASE1,COMPLETED,INTERVENTIONAL,20,Novo Nordisk A/S,INDUSTRY,"Diabetes|Diabetes Mellitus, Type 2",liraglutide|placebo,no,2009-10,2010-12,liraglutide,liraglutide,liraglutide,no
NCT04487743,Efficacy and Safety of Liraglutide on Body Weight in Obese Subjects or Overweight Subjects With Co-morbidities,PHASE3,UNKNOWN,INTERVENTIONAL,300,Xiangya Hospital of Central South University,OTHER,Obesity,Liraglutide|placebo,no,2020-05-09,2022-06,liraglutide,liraglutide,liraglutide,no
NCT04417582,Life Style Modification Medical and Surgical Management in Patients With Obesity,NA,UNKNOWN,OBSERVATIONAL,1000,Marmara University,OTHER,"Obesity|Weight Change, Body|Obesity; Endocrine|Obesity, Metabolically Benign",bariatric surgey,no,2020-01-01,2023-12-01,liraglutide,liraglutide,liraglutide,no
NCT05952882,"Liraglutide and Metformin Combination on Weight Loss, Metabolic - Endocrine Parameters and Pregnancy Rate in Women With PCOS, Obesity and Infertility",PHASE3,UNKNOWN,INTERVENTIONAL,188,Mỹ Đức Hospital,OTHER,"Polycystic Ovary Syndrome|Obesity|Infertility, Female",Liraglutide + Metformin|Metformin,no,2023-11-01,2025-12-31,liraglutide,liraglutide,liraglutide,no
NCT02472717,Psoriatic Arthritis Treated With Liraglutide Therapy: a QUality of Life and Efficacy Study,PHASE2,WITHDRAWN,INTERVENTIONAL,0,"University Health Network, Toronto",OTHER,Psoriatic Arthritis|Psoriasis|Impaired Glucose Tolerance|Type 2 Diabetes,liraglutide|Placebo,no,2015-05,2016-10,liraglutide,liraglutide,liraglutide,no
NCT03182426,Stem Cell Mobilization (Plerixafor) and Immunologic Reset in Type 1 Diabetes (T1DM),PHASE1|PHASE2,COMPLETED,INTERVENTIONAL,22,University of Alberta,OTHER,"Diabetes Mellitus, Type 1",Plerixafor|Alemtuzumab|Anakinra|Etanercept|Liraglutide,no,2017-08-15,2024-07-15,liraglutide,liraglutide,liraglutide,no
NCT01516255,Effect of Liraglutide on Heart Frequency in Healthy Volunteers,PHASE1,COMPLETED,INTERVENTIONAL,64,Novo Nordisk A/S,INDUSTRY,"Diabetes|Diabetes Mellitus, Type 2",liraglutide|placebo|moxifloxacin|placebo|electrocardiogram (ECG)|electrocardiogram (ECG),no,2006-07,2006-11,liraglutide,liraglutide,liraglutide,no
NCT03712098,Daily Liraglutide for Nicotine Dependence,PHASE2,COMPLETED,INTERVENTIONAL,40,Rebecca Ashare,OTHER,"Smoking Cessation|Weight, Body",Liraglutide|Placebo|Smoking Cessation Counseling,yes,2018-11-29,2022-05-25,liraglutide,liraglutide,liraglutide,no
NCT03347890,Reward Mechanisms in Obesity,PHASE4,COMPLETED,INTERVENTIONAL,70,Zoltan Pataky,OTHER,Obesity,Liraglutide (Saxenda) 6Mg/Ml Inj Pen 3Ml or Placebo,no,2018-03-05,2020-03-18,liraglutide,liraglutide,liraglutide,no
NCT05285397,Effect of Liraglutide on Weight Loss in Patients Who Have Undergone Revisional Bariatric Surgeries.,NA,UNKNOWN,INTERVENTIONAL,60,"General Committee of Teaching Hospitals and Institutes, Egypt",OTHER_GOV,Morbid Obesity,Liraglutide Pen Injector [Saxenda],no,2022-03-10,2022-09,liraglutide,liraglutide,liraglutide,no
NCT01753362,Liraglutide In Overweight Patients With Type 1 Diabetes,PHASE3,COMPLETED,INTERVENTIONAL,84,University at Buffalo,OTHER,Type 1 Diabetes,liraglutide|placebo,yes,2012-12,2017-12,liraglutide,liraglutide,liraglutide,no
NCT01794143,A Comparative Effectiveness Study of Major Glycemia-lowering Medications for Treatment of Type 2 Diabetes,PHASE3,COMPLETED,INTERVENTIONAL,7850,GRADE Study Group,OTHER,Type 2 Diabetes|Comparative Effectiveness of Glycemia-lowering Medications,Sulfonylurea (glimepiride)|DPP-4 inhibitor (sitagliptin)|GLP-1 receptor agonist (liraglutide)|Insulin (glargine),yes,2013-05,2021-04-30,liraglutide,liraglutide,liraglutide,no
NCT01966978,"The Effect of Simple Basal Insulin Titration, Metformin Plus Liraglutide for Type 2 Diabetes With Very Elevated HbA1c - The SIMPLE Study",PHASE4,COMPLETED,INTERVENTIONAL,157,University of Texas Southwestern Medical Center,OTHER,"Diabetes Mellitus, Type 2|Diabetes",Metformin|Detemir|Liraglutide|Insulin Aspart,yes,2014-11,2017-12,liraglutide,liraglutide,liraglutide,no
NCT02207348,Investigating Bioequivalence Between Single-dose Liraglutide Administered Subcutaneously With Two Different Pen-injectors,PHASE1,COMPLETED,INTERVENTIONAL,24,Novo Nordisk A/S,INDUSTRY,Metabolism and Nutrition Disorder|Obesity,liraglutide,no,2014-08,2014-09,liraglutide,liraglutide,liraglutide,no
NCT00422058,The Effect of Liraglutide on Body Weight in Obese Subjects Without Diabetes,PHASE2,COMPLETED,INTERVENTIONAL,564,Novo Nordisk A/S,INDUSTRY,Metabolism and Nutrition Disorder|Obesity,liraglutide|orlistat|placebo,yes,2007-01-10,2007-09-13,liraglutide,liraglutide,liraglutide,no
NCT01739049,Influence of Appetite Related Hormones in Binge Eating Behaviour Among the Overweight and Obese,PHASE4,COMPLETED,INTERVENTIONAL,42,Universiti Kebangsaan Malaysia Medical Centre,OTHER,Binge Eating Behaviour,Liraglutide|Diet and Exercise,no,2012-11,2013-10,liraglutide,liraglutide,liraglutide,no
NCT03936049,Replication of the LEADER Diabetes Trial in Healthcare Claims,NA,COMPLETED,OBSERVATIONAL,168690,Brigham and Women's Hospital,OTHER,Diabetes,Liraglutide|DPP-4 inhibitor,no,2017-09-22,2021-02-18,liraglutide,liraglutide,liraglutide,no
NCT03671733,Effects of GLP-1 RAs on Weight and Metabolic Indicators in Obese Patients,PHASE3,UNKNOWN,INTERVENTIONAL,150,Xiangya Hospital of Central South University,OTHER,Obesity,Liraglutide|Exenatide|Exenatide Microspheres for Injection,no,2018-09-01,2022-09-01,liraglutide,liraglutide,liraglutide,no
NCT05153590,A Research Study About Weight Loss and Treatment Patterns With the Use of Saxenda® in Adults in Real-life Settings in Switzerland,NA,COMPLETED,OBSERVATIONAL,269,Novo Nordisk A/S,INDUSTRY,Obesity or Overweight,Saxenda®,no,2021-12-03,2022-04-15,liraglutide,liraglutide,liraglutide,no
NCT04186494,Effect of Liraglutide vs CPAP on Cardiometabolic Outcomes in Obstructive Sleep Apnea,NA,COMPLETED,INTERVENTIONAL,30,"St Vincent's University Hospital, Ireland",OTHER,"Sleep Apnea, Obstructive",Liraglutide (Saxenda) 6Mg/Ml Inj Pen 3Ml|Continuous positive airway pressure treatment|Liraglutide and CPAP,no,2019-12-02,2021-12-31,liraglutide,liraglutide,liraglutide,no
NCT06201819,Liraglutide Effectiveness in Preoperative Weight-loss for Bariatric-metabolic Surgery,PHASE4,COMPLETED,INTERVENTIONAL,37,Hospital Civil Juan I. Menchaca,OTHER,"Weight Loss|Bariatric Surgery Candidate|Obesity, Morbid",Liraglutide injection,no,2022-12-18,2023-03-18,liraglutide,liraglutide,liraglutide,no
NCT03036800,Saxenda in Obesity Services (STRIVE Study),PHASE4,COMPLETED,INTERVENTIONAL,392,University of Leicester,OTHER,Obesity|Weight Loss|Diabetes Mellitus,Saxenda|Specialist Obesity Management Services,yes,2017-11-28,2021-02-28,liraglutide,liraglutide,liraglutide,no
NCT01784965,Liraglutide and a Calorie Restricted Diet Augments Weight Loss and Decreases Risk of Type 2 Diabetes and CVD.,PHASE3,COMPLETED,INTERVENTIONAL,69,Stanford University,OTHER,Pre-diabetes|Older Adults,liraglutide|Placebo,yes,2009-12,2012-12,liraglutide,liraglutide,liraglutide,no
NCT02908087,Incretin-based Therapy in Early Diagnosed Type 1 Diabetes,PHASE2,COMPLETED,INTERVENTIONAL,13,University of Oulu,OTHER,Type 1 Diabetes,Victoza® (liraglutide)|Placebo,no,2016-03,2021-05,liraglutide,liraglutide,liraglutide,no
NCT01508806,Safety and Tolerability of Liraglutide in Subjects With Impaired Kidney Function and in Subjects With Normal Kidney Function,PHASE1,COMPLETED,INTERVENTIONAL,30,Novo Nordisk A/S,INDUSTRY,"Diabetes|Diabetes Mellitus, Type 2",liraglutide,no,2005-08,2006-03,liraglutide,liraglutide,liraglutide,no
NCT04199728,Use of a GLP-1R Agonist to Treat Opioid Use Disorder,PHASE1|PHASE2,COMPLETED,INTERVENTIONAL,27,Milton S. Hershey Medical Center,OTHER,Opiate Substitution Treatment|Opioid-Related Disorders,Liraglutide Pen Injector|Placebo,yes,2021-10-18,2023-09-13,liraglutide,liraglutide,liraglutide,no
NCT02043054,Effects of Liraglutide in Young Adults With Type 2 DIAbetes (LYDIA),PHASE3,COMPLETED,INTERVENTIONAL,90,University of Leicester,OTHER,Type 2 Diabetes Mellitus|Cardiovascular Disease,Liraglutide|Sitagliptin,no,2013-12-16,2017-09-02,liraglutide,liraglutide,liraglutide,no
NCT01664676,Effects of Liraglutide on Kidney Function in Type 2 Diabetic Patients,PHASE4,COMPLETED,INTERVENTIONAL,11,University of Aarhus,OTHER,Type 2 Diabetes Mellitus,Liraglutide|Placebo-liraglutide,no,2012-12,2014-02,liraglutide,liraglutide,liraglutide,no
NCT02696148,"A Trial to Assess Safety, Tolerability, Pharmacokinetics and Pharmacodynamics of Liraglutide in Obese Children Aged 7 to 11 Years",PHASE1,COMPLETED,INTERVENTIONAL,24,Novo Nordisk A/S,INDUSTRY,Metabolism and Nutrition Disorder|Obesity,liraglutide|placebo,no,2016-03-14,2017-04-13,liraglutide,liraglutide,liraglutide,no
NCT02505334,A Trial Comparing the Efficacy and Safety of Liraglutide 1.8 mg/Day to Liraglutide 0.9 mg/Day in Japanese Subjects With Type 2 Diabetes Mellitus.,PHASE3,COMPLETED,INTERVENTIONAL,635,Novo Nordisk A/S,INDUSTRY,"Diabetes|Diabetes Mellitus, Type 2",liraglutide,yes,2015-07-21,2017-05-02,liraglutide,liraglutide,liraglutide,no
NCT01514487,Comparison of Three Liraglutide Formulations in Healthy Volunteers,PHASE1,COMPLETED,INTERVENTIONAL,24,Novo Nordisk A/S,INDUSTRY,Diabetes|Healthy,liraglutide,no,2005-01-13,2005-03-30,liraglutide,liraglutide,liraglutide,no
NCT01676116,The Efficacy of Insulin Degludec/Liraglutide in Controlling Glycaemia in Adults With Type 2 Diabetes Inadequately Controlled on GLP-1 Receptor Agonist and OAD Therapy,PHASE3,COMPLETED,INTERVENTIONAL,438,Novo Nordisk A/S,INDUSTRY,"Diabetes|Diabetes Mellitus, Type 2",insulin degludec/liraglutide|liraglutide|exenatide,yes,2012-08-29,2014-03-11,liraglutide,liraglutide,liraglutide,no
NCT02423824,Cognitive Dysfunction and Glucagon-like Peptide-1 Agonists,PHASE3,COMPLETED,INTERVENTIONAL,21,"University Health Network, Toronto",OTHER,Bipolar Disorder|Major Depressive Disorder,Liraglutide,no,2015-05,2016-04,liraglutide,liraglutide,liraglutide,no
NCT02109315,"Vitamin C and Liraglutide Effects on Hypoglycemia-induced Oxidative Stress, Inflammation and Endothelial Dysfunction in Type 1 Diabetes.",PHASE1,WITHDRAWN,INTERVENTIONAL,0,Anna Cruceta,OTHER,Type 1 Diabetes Mellitus,Vitamine C|Liraglutide 6 mg,no,2014-05,2015-05,liraglutide,liraglutide,liraglutide,no
NCT01572740,Efficacy and Safety of Liraglutide in Combination With Insulin Therapy Compared to Insulin Alone in Japanese Subjects With Type 2 Diabetes,PHASE3,COMPLETED,INTERVENTIONAL,257,Novo Nordisk A/S,INDUSTRY,"Diabetes|Diabetes Mellitus, Type 2",liraglutide|placebo|insulin,yes,2012-04-05,2012-11-01,liraglutide,liraglutide,liraglutide,no
NCT02187250,PDE-4 Inhibitor Roflumilast and GLP-1 Agonist Liraglutide in Polycystic Ovary Syndrome,PHASE4,COMPLETED,INTERVENTIONAL,45,University Medical Centre Ljubljana,OTHER,PCOS|Obesity,metformin|liraglutide|roflumilast,no,2014-03,2014-06,liraglutide,liraglutide,liraglutide,no
NCT00294723,To Evaluate the Effect of Liraglutide Versus Glimepiride (Amaryl®) on Haemoglobin A1c,PHASE3,TERMINATED,INTERVENTIONAL,746,Novo Nordisk A/S,INDUSTRY,"Diabetes|Diabetes Mellitus, Type 2",liraglutide|glimepiride|liraglutide|placebo|placebo|placebo,yes,2006-02,2008-11,liraglutide,liraglutide,liraglutide,no
NCT03883412,Effect of Exercise and/or Liraglutide on Vascular Dysfunction and Insulin Sensitivity in Type 2 Diabetes ( ZQL007),PHASE4,RECRUITING,INTERVENTIONAL,60,University of Virginia,OTHER,Type2 Diabetes,Exercise|Liraglutide,no,2019-02-28,2027-06,liraglutide,liraglutide,liraglutide,no
NCT04525300,Gut Microbiome Changes Following Liraglutide Treatment in Obese Subjects or Overweight Subjects With Co-morbidities,PHASE3,UNKNOWN,INTERVENTIONAL,300,Xiangya Hospital of Central South University,OTHER,Obesity,Liraglutide|placebo,no,2020-05-24,2022-06,liraglutide,liraglutide,liraglutide,no
NCT01513525,Comparison of Liraglutide Injected at Three Different Injection Sites in Healthy Volunteers,PHASE1,COMPLETED,INTERVENTIONAL,21,Novo Nordisk A/S,INDUSTRY,Diabetes|Healthy,liraglutide,no,2007-02,2007-05,liraglutide,liraglutide,liraglutide,no
NCT01725126,"To Investigate the Safety, Tolerability and Pharmacodynamics of GSK2890457 in Healthy Volunteers and Subjects With Type 2 Diabetes",PHASE2,COMPLETED,INTERVENTIONAL,53,GlaxoSmithKline,INDUSTRY,Obesity,GSK2890457|Metformin|Placebo|Liraglutide,yes,2013-02-10,2013-09-12,liraglutide,liraglutide,liraglutide,no
NCT03233178,Measurement of Alanine Aminotransaminase (ALT) Following Initiation of Antidiabetic Agents in Patients With Type 2 Diabetes in a Real-world Clinical Setting: a Retrospective Cohort Study,NA,COMPLETED,OBSERVATIONAL,4000,LMC Diabetes & Endocrinology Ltd.,OTHER,T2DM (Type 2 Diabetes Mellitus)|Fatty Liver|NAFLD,Non-interventional,no,2017-01,2017-06,liraglutide,liraglutide,liraglutide,no
NCT02475499,Incretin-based Drugs and Pancreatic Cancer,NA,COMPLETED,OBSERVATIONAL,886172,"Canadian Network for Observational Drug Effect Studies, CNODES",OTHER,"Diabetes Mellitus, Type 2",DPP-4 inhibitors|GLP-1 analogs|Sulfonylureas|Biguanides|Thiazolidinediones|Alpha-glucosidase inhibitors|Meglitinides,no,2014-03,2015-04,liraglutide,liraglutide,liraglutide,no
NCT01516476,Study of RO6807952 in Patients With Diabetes Mellitus Type 2,PHASE2,TERMINATED,INTERVENTIONAL,2,Hoffmann-La Roche,INDUSTRY,Diabetes Mellitus Type 2,Placebo|RO6807952|RO6807952|liraglutide,no,2011-11,2012-01,liraglutide,liraglutide,liraglutide,no
NCT04535960,"Incretin and Treatment With Inhibition of Sodium-glucose Cotransporter-2 Combination Insights Into Mechanisms Implicated in Congestive Heart Failure: ""NATRIURETIC"" Trial",PHASE2,UNKNOWN,INTERVENTIONAL,36,"University Health Network, Toronto",OTHER,Type 2 Diabetes Mellitus,Empagliflozin 25 MG + Liraglutide 1.8 MG|Liraglutide 1.8 MG + Empagliflozin 25 MG,no,2019-01-24,2023-10,liraglutide,liraglutide,liraglutide,no
NCT01654120,Study of Effectiveness of Liraglutide Added to High Dose Insulin in Type II Diabetics,PHASE4,COMPLETED,INTERVENTIONAL,37,Mountain Diabetes and Endocrine Center,OTHER,"Diabetes Mellitus, Type II",Liraglutide|Insulin,no,2011-12,2013-11,liraglutide,liraglutide,liraglutide,no
NCT05611957,A Study of LY3437943 in Healthy Participants and Participants With Impaired Renal Function,PHASE1,COMPLETED,INTERVENTIONAL,29,Eli Lilly and Company,INDUSTRY,Healthy|Renal Insufficiency,LY3437943,no,2022-11-16,2023-09-05,retatrutide,retatrutide,retatrutide,no
NCT03841630,A Safety Study of LY3437943 Given as a Single Injection in Healthy Participants,PHASE1,COMPLETED,INTERVENTIONAL,45,Eli Lilly and Company,INDUSTRY,Healthy,LY3437943|Placebo,no,2019-03-13,2019-07-25,retatrutide,retatrutide,retatrutide,no
NCT06313528,A Study to Measure Calorie Consumption and Usage in Participants With Obesity Using LY3437943,PHASE1,COMPLETED,INTERVENTIONAL,85,Eli Lilly and Company,INDUSTRY,Obesity,LY3437943|Placebo,no,2024-03-20,2025-08-26,retatrutide,retatrutide,retatrutide,no
NCT04823208,A Study of LY3437943 in Japanese Participants With Type 2 Diabetes Mellitus (T2DM),PHASE1,COMPLETED,INTERVENTIONAL,64,Eli Lilly and Company,INDUSTRY,"Diabetes Mellitus, Type 2",LY3437943|Placebo,no,2021-05-24,2022-06-23,retatrutide,retatrutide,retatrutide,no
NCT07232719,A Study of Retatrutide (LY3437943) in Participants With Obesity or Overweight,PHASE3,ACTIVE_NOT_RECRUITING,INTERVENTIONAL,250,Eli Lilly and Company,INDUSTRY,Obesity|Overweight,Retatrutide|Placebo,no,2025-11-17,2027-07,retatrutide,retatrutide,retatrutide,no
NCT07035093,A Study of Retatrutide (LY3437943) in Participants Who Have Obesity or Overweight and Chronic Low Back Pain,PHASE3,ACTIVE_NOT_RECRUITING,INTERVENTIONAL,586,Eli Lilly and Company,INDUSTRY,Obesity|Overweight|Chronic Low Back Pain (CLBP),Retatrutide|Placebo,no,2025-05-29,2027-09,retatrutide,retatrutide,retatrutide,no
NCT05959096,A Study of LY3437943 in Healthy Participants With a High Body Mass Index,PHASE1,COMPLETED,INTERVENTIONAL,85,Eli Lilly and Company,INDUSTRY,Healthy,LY3437943|LY3437943,no,2023-07-18,2024-07-25,retatrutide,retatrutide,retatrutide,no
NCT06039826,A Study of LY3437943 in Postmenopausal Female Participants Who Are Overweight or Obese,PHASE1,COMPLETED,INTERVENTIONAL,46,Eli Lilly and Company,INDUSTRY,Overweight,LY3437943|Ethinyl Estradiol|Drospirenone,no,2023-09-12,2024-07-11,retatrutide,retatrutide,retatrutide,no
NCT06982846,A Study to Investigate the Response of Participants With Type 2 Diabetes Mellitus on Once-Weekly Retatrutide to Hypoglycemia,PHASE1,COMPLETED,INTERVENTIONAL,80,Eli Lilly and Company,INDUSTRY,Type 2 Diabetes Mellitus,Retatrutide|Placebo,no,2025-06-06,2026-05-04,retatrutide,retatrutide,retatrutide,no
NCT06354660,Effect of Retatrutide Compared With Placebo in Adult Participants With Type 2 Diabetes and Inadequate Glycemic Control With Diet and Exercise Alone (TRANSCEND-T2D-1),PHASE3,COMPLETED,INTERVENTIONAL,537,Eli Lilly and Company,INDUSTRY,Diabetes Type 2,Retatrutide|Placebo,no,2024-04-10,2026-01-22,retatrutide,retatrutide,retatrutide,no
NCT05936151,A Study of Retatrutide (LY3437943) on Renal Function in Participants With Overweight or Obesity and Chronic Kidney Disease With or Without Type 2 Diabetes,PHASE2,COMPLETED,INTERVENTIONAL,146,Eli Lilly and Company,INDUSTRY,Overweight or Obesity|CKD|Type 2 Diabetes,Retatrutide|Placebo,no,2023-07-20,2025-10-01,retatrutide,retatrutide,retatrutide,no
NCT07629401,Pre-approval Expanded Access of Retatrutide (LY3437943),NA,AVAILABLE,EXPANDED_ACCESS,,Eli Lilly and Company,INDUSTRY,Obesity|Obesity-related Complications,Retatrutide,no,,,retatrutide,retatrutide,retatrutide,no
NCT05445232,A Drug-Drug Interaction (DDI) Study of LY3437943 in Obese Participants,PHASE1,COMPLETED,INTERVENTIONAL,32,Eli Lilly and Company,INDUSTRY,Obesity,LY3437943|Midazolam|Warfarin|Caffeine,no,2022-07-08,2023-02-24,retatrutide,retatrutide,retatrutide,no
NCT06808802,To Investigate the Effect of Retatrutide (LY3437943) on Metoprolol Pharmacokinetics in Healthy Participants,PHASE1,COMPLETED,INTERVENTIONAL,30,Eli Lilly and Company,INDUSTRY,Healthy,Retatrutide|Metoprolol,no,2025-02-03,2025-04-15,retatrutide,retatrutide,retatrutide,no
NCT06003465,A Research Study Looking at Similarity Between LY3437943 Versions for Different Injection Devices,PHASE1,COMPLETED,INTERVENTIONAL,57,Eli Lilly and Company,INDUSTRY,Healthy,LY3437943|Test|Reference,no,2023-08-29,2024-02-08,retatrutide,retatrutide,retatrutide,no
NCT05916560,A Study of LY3437943 in Participants With Impaired and Normal Liver Function,PHASE1,COMPLETED,INTERVENTIONAL,43,Eli Lilly and Company,INDUSTRY,Healthy|Hepatic Insufficiency,LY3437943,no,2023-07-13,2025-03-02,retatrutide,retatrutide,retatrutide,no
NCT06297603,"Effect of Retatrutide Compared With Placebo in Participants With Type 2 Diabetes and Moderate or Severe Renal Impairment, With Inadequate Glycemic Control on Basal Insulin, With or Without Metformin and/or SGLT2 Inhibitor (TRANSCEND-T2D-3)",PHASE3,ACTIVE_NOT_RECRUITING,INTERVENTIONAL,320,Eli Lilly and Company,INDUSTRY,Type 2 Diabetes,Retatrutide|Placebo,no,2024-03-15,2026-10,retatrutide,retatrutide,retatrutide,no
NCT05929079,A Study of Retatrutide (LY3437943) in Participants With Type 2 Diabetes Mellitus Who Have Obesity or Overweight,PHASE3,COMPLETED,INTERVENTIONAL,1152,Eli Lilly and Company,INDUSTRY,Type 2 Diabetes|Obesity|Overweight|Obstructive Sleep Apnea,Retatrutide|Placebo,no,2023-07-11,2026-06-16,retatrutide,retatrutide,retatrutide,no
NCT04881760,A Study of LY3437943 in Participants Who Have Obesity or Are Overweight,PHASE2,COMPLETED,INTERVENTIONAL,338,Eli Lilly and Company,INDUSTRY,Obesity|Overweight,LY3437943|Placebo,yes,2021-05-20,2022-05-16,retatrutide,retatrutide,retatrutide,no
NCT05882045,A Study of Retatrutide (LY3437943) in Participants With Obesity and Cardiovascular Disease,PHASE3,COMPLETED,INTERVENTIONAL,1946,Eli Lilly and Company,INDUSTRY,Obesity|Cardiovascular Diseases,Retatrutide|Placebo,no,2023-05-30,2026-04-16,retatrutide,retatrutide,retatrutide,no
NCT05548231,A Study of LY3437943 in Chinese Participants With Obesity Or Overweight,PHASE1,COMPLETED,INTERVENTIONAL,32,Eli Lilly and Company,INDUSTRY,Overweight|Obesity,LY3437943|Placebo,no,2022-10-24,2023-07-27,retatrutide,retatrutide,retatrutide,no
NCT05929066,A Study of Retatrutide (LY3437943) in Participants Who Have Obesity or Overweight,PHASE3,COMPLETED,INTERVENTIONAL,2335,Eli Lilly and Company,INDUSTRY,"Obesity|Overweight|Osteoarthritis, Knee|Obstructive Sleep Apnea",Retatrutide|Placebo,no,2023-07-10,2026-04-06,retatrutide,retatrutide,retatrutide,no
NCT05931367,A Study of Retatrutide (LY3437943) Once Weekly in Participants Who Have Obesity or Overweight and Osteoarthritis of the Knee,PHASE3,COMPLETED,INTERVENTIONAL,445,Eli Lilly and Company,INDUSTRY,Obesity|Overweight|Osteo Arthritis Knee,Retatrutide|Placebo,no,2023-08-01,2025-11-14,retatrutide,retatrutide,retatrutide,no
NCT07357415,A Study of Retatrutide (LY3437943) in Participants Without Type 2 Diabetes Who Have Obesity or Overweight,PHASE3,ACTIVE_NOT_RECRUITING,INTERVENTIONAL,600,Eli Lilly and Company,INDUSTRY,Obesity|Overweight,Retatrutide,no,2026-01-24,2028-10,retatrutide,retatrutide,retatrutide,no
NCT06383390,The Effect of Retatrutide Once Weekly on Cardiovascular Outcomes and Kidney Outcomes in Adults Living With Obesity (TRIUMPH-Outcomes),PHASE3,ACTIVE_NOT_RECRUITING,INTERVENTIONAL,10000,Eli Lilly and Company,INDUSTRY,Atherosclerotic Cardiovascular Disease (ASCVD)|Chronic Kidney Disease (CKD),Retatrutide|Placebo,no,2024-04-30,2029-02,retatrutide,retatrutide,retatrutide,no
NCT06859268,A Study of Retatrutide (LY3437943) in the Maintenance of Weight Reduction in Individuals With Obesity,PHASE3,ACTIVE_NOT_RECRUITING,INTERVENTIONAL,643,Eli Lilly and Company,INDUSTRY,Obesity,Retatrutide|Placebo,no,2025-03-05,2028-04,retatrutide,retatrutide,retatrutide,no
NCT07467447,Effect of LY3437943 Versus Placebo in Participants Who Have Obesity or Are Overweight,PHASE2,RECRUITING,INTERVENTIONAL,300,Hudson Biotech,INDUSTRY,Obesity,Retatrutide (LY3437943)|Placebo|Standardized diet and physical activity counseling throughout the study.,no,2026-02-15,2027-03-14,retatrutide,retatrutide,retatrutide,no
NCT07790861,A Study of Orforglipron (LY3502970) in Chinese Participants With Obesity or Overweight and Weight-Related Health Problems,PHASE3,NOT_YET_RECRUITING,INTERVENTIONAL,192,Eli Lilly and Company,INDUSTRY,Obesity|Overweight,Orforglipron|Placebo,no,2026-12,2028-03,orforglipron,orforglipron,orforglipron,no
NCT05341089,A Study of Two Different Formulations of LY3502970 in Healthy Participants,PHASE1,COMPLETED,INTERVENTIONAL,39,Eli Lilly and Company,INDUSTRY,Healthy,LY3502970,yes,2022-05-17,2022-09-01,orforglipron,orforglipron,orforglipron,no
NCT06824051,A Study of Orforglipron (LY3502970) in Adult Participants With Obesity or Overweight,PHASE1,COMPLETED,INTERVENTIONAL,120,Eli Lilly and Company,INDUSTRY,Obesity|Overweight,Orforglipron|Placebo,no,2025-02-17,2026-01-26,orforglipron,orforglipron,orforglipron,no
NCT06370728,A Drug-Drug Interaction (DDI) Study of Orforglipron With Carbamazepine in Healthy Participants,PHASE1,COMPLETED,INTERVENTIONAL,30,Eli Lilly and Company,INDUSTRY,Healthy,Orforglipron|Carbamazepine,yes,2024-05-06,2024-07-23,orforglipron,orforglipron,orforglipron,no
NCT07794579,A Study of Orforglipron in Participants With Overweight at Risk of Development of Obesity-Related Complications or Progression to Class 1 Obesity,PHASE3,NOT_YET_RECRUITING,INTERVENTIONAL,2001,Eli Lilly and Company,INDUSTRY,"Overweight|Prediabetic State|Prehypertension|Obesity, Abdominal",Orforglipron|Placebo,no,2026-09,2029-08,orforglipron,orforglipron,orforglipron,no
NCT04426474,A Study of LY3502970 in Participants With Type 2 Diabetes,PHASE1,COMPLETED,INTERVENTIONAL,68,Eli Lilly and Company,INDUSTRY,"Diabetes Mellitus, Type 2",LY3502970|Placebo,yes,2020-10-08,2021-07-12,orforglipron,orforglipron,orforglipron,no
NCT05803421,A Study of Daily Oral Orforglipron (LY3502970) Compared With Insulin Glargine in Participants With Type 2 Diabetes and Obesity or Overweight at Increased Cardiovascular Risk,PHASE3,COMPLETED,INTERVENTIONAL,2749,Eli Lilly and Company,INDUSTRY,Type 2 Diabetes|Obesity|Overweight or Obesity|Overweight|Cardiovascular Diseases|Chronic Kidney Disease,Orforglipron|Insulin Glargine,no,2023-04-03,2026-03-16,orforglipron,orforglipron,orforglipron,no
NCT05936138,"A Phase 1, Parallel, Single-Dose, Open-Label, Single-Period Study of LY3502970 in Participants With Normal Renal Function and Participants With Renal Impairment.",PHASE1,COMPLETED,INTERVENTIONAL,24,Eli Lilly and Company,INDUSTRY,Renal Insufficiency|Healthy,LY3502970,yes,2023-07-13,2024-04-11,orforglipron,orforglipron,orforglipron,no
NCT06649045,A Master Protocol for Orforglipron in Participants With Obstructive Sleep Apnea and Obesity or Overweight,PHASE3,ACTIVE_NOT_RECRUITING,INTERVENTIONAL,600,Eli Lilly and Company,INDUSTRY,OSA|Overweight or Obesity,Orforglipron|Placebo,no,2024-10-22,2026-11,orforglipron,orforglipron,orforglipron,no
NCT06672939,"A Study of Orforglipron (LY3502970) in Adolescent Participants With Obesity, or Overweight With Related Comorbidities",PHASE3,RECRUITING,INTERVENTIONAL,150,Eli Lilly and Company,INDUSTRY,Obesity|Overweight,Orforglipron|Placebo,no,2024-11-18,2027-12,orforglipron,orforglipron,orforglipron,no
NCT03929744,A Study of LY3502970 in Healthy Participants,PHASE1,COMPLETED,INTERVENTIONAL,133,Eli Lilly and Company,INDUSTRY,Healthy,LY3502970|Placebo|Atorvastatin|Simvastatin|Midazolam,yes,2019-06-12,2020-11-02,orforglipron,orforglipron,orforglipron,no
NCT06023095,A Study of LY3502970 in Chinese Participants With Obesity or Are Overweight With Weight-related Comorbidities,PHASE1,COMPLETED,INTERVENTIONAL,24,Eli Lilly and Company,INDUSTRY,Overweight|Obesity,LY3502970|Placebo,yes,2023-09-21,2024-07-29,orforglipron,orforglipron,orforglipron,no
NCT06704763,A Drug-Drug Interaction Study of Orforglipron (LY3502970) With Quinidine in Healthy Participants,PHASE1,COMPLETED,INTERVENTIONAL,27,Eli Lilly and Company,INDUSTRY,Healthy,Orforglipron|Midazolam|Quinidine,yes,2024-12-06,2025-02-05,orforglipron,orforglipron,orforglipron,no
NCT06948435,A Master Protocol Study of Orforglipron (LY3502970) in Participants With Hypertension and Obesity or Overweight (ATTAIN-Hypertension) GZL1,PHASE3,ACTIVE_NOT_RECRUITING,INTERVENTIONAL,487,Eli Lilly and Company,INDUSTRY,Hypertension|Overweight or Obesity,Orforglipron|Placebo,no,2025-04-30,2027-09,orforglipron,orforglipron,orforglipron,no
NCT05869903,A Study of Orforglipron (LY3502970) in Adult Participants With Obesity or Overweight With Weight-Related Comorbidities,PHASE3,ACTIVE_NOT_RECRUITING,INTERVENTIONAL,3127,Eli Lilly and Company,INDUSTRY,Obesity|Overweight|Overweight or Obesity,Orforglipron|Placebo,yes,2023-06-05,2025-07-25,orforglipron,orforglipron,orforglipron,no
NCT06952530,A Master Protocol Study of Orforglipron (LY3502970) in Participants With Hypertension and Obesity or Overweight (ATTAIN-Hypertension) GZL2,PHASE3,ACTIVE_NOT_RECRUITING,INTERVENTIONAL,487,Eli Lilly and Company,INDUSTRY,Hypertension,Orforglipron|Placebo,no,2025-04-30,2027-09,orforglipron,orforglipron,orforglipron,no
NCT07202884,A Study of Orforglipron in Female Participants With Stress Urinary Incontinence Who Have Obesity or Overweight,PHASE3,RECRUITING,INTERVENTIONAL,1000,Eli Lilly and Company,INDUSTRY,"Urinary Incontinence,Stress",Orforglipron|Placebo,no,2025-09-30,2028-03,orforglipron,orforglipron,orforglipron,no
NCT05841238,A Multiple Dose Study of LY3502970 in Healthy Overweight and Obese Participants,PHASE1,COMPLETED,INTERVENTIONAL,52,Eli Lilly and Company,INDUSTRY,Healthy|Obese,LY3502970,yes,2023-04-26,2023-09-14,orforglipron,orforglipron,orforglipron,no
NCT05086445,A Study of LY3502970 in Japanese Participants With Type 2 Diabetes Mellitus,PHASE1,COMPLETED,INTERVENTIONAL,62,Eli Lilly and Company,INDUSTRY,"Diabetes Mellitus, Type 2",LY3502970|Placebo,yes,2021-11-12,2022-09-05,orforglipron,orforglipron,orforglipron,no
NCT06692348,A Study of Orforglipron (LY3502970) to Compare a Single Capsule and Multiple Capsules in Healthy Participants,PHASE1,COMPLETED,INTERVENTIONAL,86,Eli Lilly and Company,INDUSTRY,Healthy,Orforglipron,no,2024-12-13,2025-06-09,orforglipron,orforglipron,orforglipron,no
NCT06993792,A Master Protocol for Orforglipron (LY3502970) in Participants With Obesity or Overweight With and Without Type 2 Diabetes,PHASE3,ACTIVE_NOT_RECRUITING,INTERVENTIONAL,1400,Eli Lilly and Company,INDUSTRY,Obesity|Overweight|Type 2 Diabetes,Orforglipron|Placebo,no,2025-05-15,2027-08,orforglipron,orforglipron,orforglipron,no
NCT07613307,A Study of Orforglipron (LY3502970) in Participants With Type 2 Diabetes Who Observe Ramadan Fasting,PHASE3,RECRUITING,INTERVENTIONAL,130,Eli Lilly and Company,INDUSTRY,"Diabetes Mellitus, Type 2|Diabetes Melletus|Glucose Metabolism Disorders|Metabolic Disorders|Nutritional and Metabolic Diseases|Endocrine System Diseases|Feeding Behavior|Behavior|Fasting|Glucagon-Like Peptide-1 Receptor|Glucagon-Like Peptide Receptors|Receptors, G-Protein-Coupled|Receptors, Cell Surface|Membrane Proteins|Proteins|Receptors, Peptide",Orforglipron,no,2026-07-15,2027-05,orforglipron,orforglipron,orforglipron,no
NCT07153471,A Study of Orforglipron (LY3502970) in Participants With Obesity or Overweight and Osteoarthritis (OA) of the Knee,PHASE3,RECRUITING,INTERVENTIONAL,800,Eli Lilly and Company,INDUSTRY,Osteoarthritis,Orforglipron|Placebo,no,2025-09-15,2028-04,orforglipron,orforglipron,orforglipron,no
NCT05573230,A Drug Interaction Study of Cyclosporine and LY3502970 in Healthy Participants,PHASE1,COMPLETED,INTERVENTIONAL,32,Eli Lilly and Company,INDUSTRY,Healthy,Midazolam|LY3502970|Cyclosporine,yes,2022-10-17,2023-01-17,orforglipron,orforglipron,orforglipron,no
NCT06972472,A Study of Orforglipron (LY3502970) in Participants With Obesity or Overweight and Type 2 Diabetes,PHASE3,ACTIVE_NOT_RECRUITING,INTERVENTIONAL,600,Eli Lilly and Company,INDUSTRY,Obesity|Overweight|Type 2 Diabetes,Orforglipron|Placebo,no,2025-05-19,2027-08,orforglipron,orforglipron,orforglipron,no
NCT05882032,A Study of LY3502970 in Participants With Impaired and Normal Liver Function,PHASE1,COMPLETED,INTERVENTIONAL,29,Eli Lilly and Company,INDUSTRY,Healthy|Hepatic Insufficiency,LY3502970,yes,2023-06-13,2024-11-18,orforglipron,orforglipron,orforglipron,no
NCT07793019,IBI3042 Study in Healthy Participants and Overweight or Obese Participants,PHASE1,NOT_YET_RECRUITING,INTERVENTIONAL,104,Innovent Biologics (Suzhou) Co. Ltd.,INDUSTRY,Overweight|Healthy Participants|Obesity,Orforglipron|Matching Placebo|IBI3042,no,2026-09-01,2027-09-06,orforglipron,orforglipron,orforglipron,no
NCT05971940,A Study of Orforglipron (LY3502970) in Adult Participants With Type 2 Diabetes and Inadequate Glycemic Control With Diet and Exercise Alone,PHASE3,COMPLETED,INTERVENTIONAL,559,Eli Lilly and Company,INDUSTRY,Type 2 Diabetes,Orforglipron|Placebo,yes,2023-08-09,2025-04-03,orforglipron,orforglipron,orforglipron,no
NCT07729332,Switching to Oral Weight Management Pharmacotherapy to Prevent Weight Regain After GLP-1 Therapy Discontinuation,PHASE4,NOT_YET_RECRUITING,INTERVENTIONAL,60,Massachusetts General Hospital,OTHER,Obesity,Phentermine Pill|Orforglipron,no,2026-11-01,2031-07-31,orforglipron,orforglipron,orforglipron,no
NCT05872620,A Study of Orforglipron in Adult Participants With Obesity or Overweight and Type 2 Diabetes,PHASE3,COMPLETED,INTERVENTIONAL,1613,Eli Lilly and Company,INDUSTRY,Obesity|Overweight|Type 2 Diabetes,Orforglipron|Placebo,yes,2023-06-05,2025-08-08,orforglipron,orforglipron,orforglipron,no
NCT05469126,A Drug Interaction Study of Clarithromycin and LY3502970 in Healthy Participants,PHASE1,COMPLETED,INTERVENTIONAL,26,Eli Lilly and Company,INDUSTRY,Healthy,LY3502970|Clarithromycin,yes,2022-08-01,2022-11-03,orforglipron,orforglipron,orforglipron,no
NCT05051566,A Multiple Dose Study of LY3502970 in Healthy Participants,PHASE1,COMPLETED,INTERVENTIONAL,26,Eli Lilly and Company,INDUSTRY,Healthy,LY3502970|Esomeprazole,yes,2021-09-16,2022-04-04,orforglipron,orforglipron,orforglipron,no
NCT07241390,A Study of Orforglipron (LY3502970) on Cardiovascular Outcomes in Adults With Atherosclerotic Cardiovascular Disease and/or Chronic Kidney Disease (ATTAIN-Outcomes),PHASE3,RECRUITING,INTERVENTIONAL,7140,Eli Lilly and Company,INDUSTRY,Atherosclerosis Cardiovascular Disease|Chronic Kidney Disease,Orforglipron|Placebo,no,2025-12-01,2031-08,orforglipron,orforglipron,orforglipron,no
NCT06672549,A Platform Trial for Pediatric Participants With Obesity or Overweight (LY900040),PHASE3,RECRUITING,INTERVENTIONAL,125,Eli Lilly and Company,INDUSTRY,Obesity|Overweight,Orforglipron|Placebo,no,2024-11-18,2027-02,orforglipron,orforglipron,orforglipron,no
NCT05313802,A Study of LY3502970 in Healthy Overweight and Obese Participants,PHASE1,COMPLETED,INTERVENTIONAL,72,Eli Lilly and Company,INDUSTRY,Healthy|Obese,LY3502970,yes,2022-05-26,2022-09-09,orforglipron,orforglipron,orforglipron,no
NCT07739537,PATHS-T2D: A Recall-by-Genotype Study of Physiologic and Pharmacologic Responses,PHASE4,NOT_YET_RECRUITING,INTERVENTIONAL,100,Massachusetts General Hospital,OTHER,Diabete Type 2|Pharmacogenomic Drug Interaction,Orforglipron,no,2026-10-01,2029-09-30,orforglipron,orforglipron,orforglipron,no
NCT06192108,A Study of Orforglipron (LY3502970) Compared With Dapagliflozin in Adult Participants With Type 2 Diabetes and Inadequate Glycemic Control With Metformin,PHASE3,COMPLETED,INTERVENTIONAL,962,Eli Lilly and Company,INDUSTRY,Type 2 Diabetes,Orforglipron|Dapagliflozin,no,2024-01-10,2025-09-26,orforglipron,orforglipron,orforglipron,no
NCT05931380,A Study of Once-Daily Oral Orforglipron (LY3502970) in Japanese Adult Participants With Obesity Disease,PHASE3,COMPLETED,INTERVENTIONAL,238,Eli Lilly and Company,INDUSTRY,Obesity,Orforglipron|Placebo,yes,2023-07-31,2025-06-19,orforglipron,orforglipron,orforglipron,no
NCT06010004,A Long-term Safety Study of Orforglipron (LY3502970) in Participants With Type 2 Diabetes,PHASE3,COMPLETED,INTERVENTIONAL,401,Eli Lilly and Company,INDUSTRY,Type 2 Diabetes,Orforglipron,yes,2023-09-28,2025-06-05,orforglipron,orforglipron,orforglipron,no
NCT05110794,A Multiple-Dose Study of LY3502970 in Healthy Participants,PHASE1,COMPLETED,INTERVENTIONAL,34,Eli Lilly and Company,INDUSTRY,Healthy,LY3502970,yes,2021-11-05,2022-02-10,orforglipron,orforglipron,orforglipron,no
NCT07223593,Efficacy and Safety of Orforglipron in Participants With Peripheral Artery Disease,PHASE3,RECRUITING,INTERVENTIONAL,1205,Eli Lilly and Company,INDUSTRY,Peripheral Arterial Disease,Orforglipron|Placebo,no,2025-10-31,2028-06,orforglipron,orforglipron,orforglipron,no
NCT06972459,A Study of Orforglipron (LY3502970) in Participants With Obesity or Overweight and at Least One Weight-Related Comorbidity,PHASE3,ACTIVE_NOT_RECRUITING,INTERVENTIONAL,800,Eli Lilly and Company,INDUSTRY,Obesity|Overweight,Orforglipron|Placebo,no,2025-05-15,2027-08,orforglipron,orforglipron,orforglipron,no
NCT06948422,A Master Protocol for Orforglipron (LY3502970) in Participants With Hypertension and Obesity or Overweight: (ATTAIN-Hypertension Screening),PHASE3,ACTIVE_NOT_RECRUITING,INTERVENTIONAL,974,Eli Lilly and Company,INDUSTRY,Hypertension,Orforglipron|Placebo,no,2025-04-30,2027-09,orforglipron,orforglipron,orforglipron,no
NCT05051579,A Study of LY3502970 in Participants With Obesity or Overweight With Weight-related Comorbidities,PHASE2,COMPLETED,INTERVENTIONAL,272,Eli Lilly and Company,INDUSTRY,Obesity|Overweight and Obesity,LY3502970|Placebo,yes,2021-09-29,2022-08-25,orforglipron,orforglipron,orforglipron,no
NCT06186622,A Drug-Drug Interaction Study of Orforglipron (LY3502970) in Healthy Overweight and Obese Participants,PHASE1,COMPLETED,INTERVENTIONAL,50,Eli Lilly and Company,INDUSTRY,Healthy|Obese|Overweight,Orforglipron|Simvastatin|Digoxin|Rosuvastatin|Acetaminophen|Midazolam|Sodium Bicarbonate,yes,2024-01-02,2024-07-10,orforglipron,orforglipron,orforglipron,no
NCT06109311,"A Study of Orforglipron (LY3502970) in Participants With Type 2 Diabetes and Inadequate Glycemic Control With Insulin Glargine, With or Without Metformin and/or SGLT-2 Inhibitor",PHASE3,COMPLETED,INTERVENTIONAL,546,Eli Lilly and Company,INDUSTRY,Type 2 Diabetes,Orforglipron|Placebo,no,2023-11-10,2025-09-15,orforglipron,orforglipron,orforglipron,no
NCT06085482,A Phase I Study of LY3502970 in Healthy Participants,PHASE1,COMPLETED,INTERVENTIONAL,10,Eli Lilly and Company,INDUSTRY,Healthy,LY3502970|[14C]-LY3502970,yes,2023-10-19,2024-01-05,orforglipron,orforglipron,orforglipron,no
NCT06440980,A Study to Compare Tablets and Capsules of Orforglipron (LY3502970) in Healthy Participants Who Are Obese or Overweight,PHASE1,COMPLETED,INTERVENTIONAL,533,Eli Lilly and Company,INDUSTRY,Healthy|Obese|Overweight|Obesity,Orforglipron,yes,2024-06-24,2025-06-02,orforglipron,orforglipron,orforglipron,no
NCT06200467,A Study to Test Whether Multiple Doses of BI 456906 Have an Effect on Cardiac Safety in People With Overweight or Obesity,PHASE1,COMPLETED,INTERVENTIONAL,110,Boehringer Ingelheim,INDUSTRY,Overweight|Obesity,BI 456906|Placebo to BI 456906|Moxifloxacin|Placebo to moxifloxacin,no,2024-03-13,2025-10-22,survodutide,survodutide,survodutide,no
NCT07206290,Albuminuria Reduction Study With Survodutide Treatment in Kidney Disease,PHASE2,NOT_YET_RECRUITING,INTERVENTIONAL,120,University Medical Center Groningen,OTHER,Chronic Kidney Disease,Survodutide (BI 456906)|Placebo,no,2026-03-02,2027-11-30,survodutide,survodutide,survodutide,no
NCT06564441,"A Study to Test Whether BI 456906 (Survodutide) Influences the Amount of Bupropion, Caffeine and Midazolam in the Blood in People With Overweight or Obesity",PHASE1,COMPLETED,INTERVENTIONAL,34,Boehringer Ingelheim,INDUSTRY,Overweight|Obesity,Survodutide|Bupropion|Caffeine|Midazolam,no,2024-10-01,2025-12-16,survodutide,survodutide,survodutide,no
NCT06772532,A Study in Healthy People to Compare How 3 Different Formulations of Survodutide Are Taken up in the Body,PHASE1,COMPLETED,INTERVENTIONAL,30,Boehringer Ingelheim,INDUSTRY,Healthy,BI 456906 - Formulation A|BI 456906 - Formulation B|BI 456906 - Formulation C,no,2025-02-10,2025-05-29,survodutide,survodutide,survodutide,no
NCT06077864,A Study to Test the Effect of Survodutide (BI 456906) on Cardiovascular Safety in People With Overweight or Obesity (SYNCHRONIZE™ - CVOT),PHASE3,COMPLETED,INTERVENTIONAL,5531,Boehringer Ingelheim,INDUSTRY,Obesity,survodutide|Placebo,no,2023-11-20,2026-06-01,survodutide,survodutide,survodutide,no
NCT07221591,A Study in Healthy People to Compare How 2 Different Formulations of Survodutide Are Taken up by the Body,PHASE1,COMPLETED,INTERVENTIONAL,100,Boehringer Ingelheim,INDUSTRY,Healthy,survodutide,no,2025-11-05,2026-07-28,survodutide,survodutide,survodutide,no
NCT06492135,A Study in Chinese People With Overweight or Obesity to Test How Different Doses of Survodutide Are Taken up in the Body,PHASE1,COMPLETED,INTERVENTIONAL,30,Boehringer Ingelheim,INDUSTRY,Overweight|Obesity,survodutide,no,2024-08-12,2025-04-15,survodutide,survodutide,survodutide,no
NCT07768813,A Study to Compare How 2 Different Formulations of Survodutide Are Taken up in the Body When Given by Injection in Healthy Men and Women With and Without Overweight or Obesity,PHASE1,NOT_YET_RECRUITING,INTERVENTIONAL,44,Boehringer Ingelheim,INDUSTRY,Healthy|Obesity,Survodutide formulation A|Survodutide formulation B2,no,2026-09-01,2026-12-08,survodutide,survodutide,survodutide,no
NCT06632444,LIVERAGE™: A Study to Test Whether Survodutide Helps People With a Liver Disease Called NASH/MASH Who Have Moderate or Advanced Liver Fibrosis,PHASE3,RECRUITING,INTERVENTIONAL,1800,Boehringer Ingelheim,INDUSTRY,Metabolic Dysfunction Associated Steatohepatitis (MASH)|Liver Fibrosis,Survodutide|Placebo,no,2024-10-14,2031-12-27,survodutide,survodutide,survodutide,no
NCT05896384,A Study in Women With Overweight or Obesity to Test Whether Different Doses of BI 456906 Influence the Amount of a Contraceptive in the Blood,PHASE1,COMPLETED,INTERVENTIONAL,32,Boehringer Ingelheim,INDUSTRY,Healthy,BI 456906|Microgynon®,no,2023-12-21,2025-02-14,survodutide,survodutide,survodutide,no
NCT04771273,A Study to Test Safety and Efficacy of Survodutide (BI456906) in Adults With Non-alcoholic Steatohepatitis (NASH) and Fibrosis (F1-F3),PHASE2,COMPLETED,INTERVENTIONAL,295,Boehringer Ingelheim,INDUSTRY,Non-alcoholic Steatohepatitis (NASH),Survodutide|Placebo,yes,2021-04-27,2023-11-09,survodutide,survodutide,survodutide,no
NCT06309992,A Study to Test Whether Survodutide Helps People Living With Obesity or Overweight and With a Confirmed or Presumed Liver Disease Called Non-alcoholic Steatohepatitis (NASH) to Reduce Liver Fat and to Lose Weight (SYNCHRONIZE-MASLD),PHASE3,COMPLETED,INTERVENTIONAL,218,Boehringer Ingelheim,INDUSTRY,Obesity|Non-Alcoholic SteatoHepatitis (NASH),Survodutide|Placebo,no,2024-04-02,2025-10-09,survodutide,survodutide,survodutide,no
NCT06352411,A Study to Test How BI 456906 is Taken up in the Blood of People With and Without Kidney Problems,PHASE1,COMPLETED,INTERVENTIONAL,42,Boehringer Ingelheim,INDUSTRY,Healthy|Renal Impairment,BI 456906,no,2024-05-15,2025-09-16,survodutide,survodutide,survodutide,no
NCT06066515,A Study to Test Whether Survodutide (BI 456906) Helps People Living With Overweight or Obesity Who do Not Have Diabetes to Lose Weight,PHASE3,COMPLETED,INTERVENTIONAL,726,Boehringer Ingelheim,INDUSTRY,Obesity,survodutide|Placebo,no,2023-11-25,2025-12-02,survodutide,survodutide,survodutide,no
NCT06632457,LIVERAGE™ - Cirrhosis: A Study to Test Whether Survodutide Helps People With a Liver Disease Called NASH/MASH Who Have Cirrhosis,PHASE3,RECRUITING,INTERVENTIONAL,1590,Boehringer Ingelheim,INDUSTRY,Metabolic Dysfunction Associated Steatohepatitis,Survodutide|Placebo matching survodutide,no,2024-11-12,2029-06-05,survodutide,survodutide,survodutide,no
NCT06214741,A Study to Test Whether Survodutide (BI 456906) Helps Chinese People Living With Overweight or Obesity to Lose Weight,PHASE3,COMPLETED,INTERVENTIONAL,307,Boehringer Ingelheim,INDUSTRY,Obesity|Overweight,survodutide|Placebo matching BI 456906,no,2024-02-06,2025-07-29,survodutide,survodutide,survodutide,no
NCT07754461,A Study to Test Whether Survodutide Helps People With Type 2 Diabetes Control Their Blood Sugar,PHASE3,RECRUITING,INTERVENTIONAL,600,Boehringer Ingelheim,INDUSTRY,Type 2 Diabetes,Placebo|Survodutide,no,2026-08-24,2028-01-17,survodutide,survodutide,survodutide,no
NCT07413913,"A Study in Healthy People or Otherwise Healthy With Overweight or Obesity to Compare 2 Formulations of Survodutide Given in Different Ways, Either as a Pre-filled Syringe or a Pen-like Injector",PHASE1,COMPLETED,INTERVENTIONAL,56,Boehringer Ingelheim,INDUSTRY,Healthy|Obesity,Survodutide formulation A|Survodutide formulation B2,no,2026-03-03,2026-05-28,survodutide,survodutide,survodutide,no
NCT07071974,A Study in Healthy People to Compare How 2 Different Formulations of Survodutide Are Taken up in the Body,PHASE1,COMPLETED,INTERVENTIONAL,16,Boehringer Ingelheim,INDUSTRY,Healthy,BI 456906 formulation A|BI 456906 formulation B2,no,2025-07-28,2025-10-07,survodutide,survodutide,survodutide,no
NCT05296733,"A Study to (1) Compare How BI 456906 is Taken up in the Body of Healthy People and People With Liver Problems and (2) Find Out How People With Overweight and Obesity, With and Without Liver Problems, Tolerate Different Doses of BI 456906",PHASE1,COMPLETED,INTERVENTIONAL,82,Boehringer Ingelheim,INDUSTRY,Healthy|Liver Diseases|Obesity,BI 456906,no,2022-04-27,2023-12-29,survodutide,survodutide,survodutide,no
NCT04667377,A Study to Test Whether Different Doses of BI 456906 Help People With Overweight or Obesity to Lose Weight,PHASE2,COMPLETED,INTERVENTIONAL,387,Boehringer Ingelheim,INDUSTRY,Obesity,BI 456906|Placebo,yes,2021-03-08,2022-09-15,survodutide,survodutide,survodutide,no
NCT06176365,A Study to Test Whether Survodutide Helps Japanese People Living With Obesity Disease,PHASE3,COMPLETED,INTERVENTIONAL,274,Boehringer Ingelheim,INDUSTRY,Obesity,Survodutide|Placebo matching survodutide,no,2024-01-16,2025-12-03,survodutide,survodutide,survodutide,no
NCT06066528,A Study to Test Whether Survodutide (BI 456906) Helps People Living With Overweight or Obesity Who Also Have Diabetes to Lose Weight,PHASE3,COMPLETED,INTERVENTIONAL,755,Boehringer Ingelheim,INDUSTRY,"Obesity|Diabetes Mellitus, Type 2",Survodutide|Placebo,no,2023-11-27,2025-12-12,survodutide,survodutide,survodutide,no
NCT07407348,A Study in People With Overweight or Obesity to Compare How 2 Different Formulations of Survodutide Are Taken up by the Body,PHASE1,RECRUITING,INTERVENTIONAL,80,Boehringer Ingelheim,INDUSTRY,Healthy|Obesity|Overweight,Formulation A|Formulation B6,no,2026-03-11,2027-01-26,survodutide,survodutide,survodutide,no
NCT07083154,Mazdutide in Type 2 Diabetes With Early-Stage Cognitive Impairment (LIGHT-COG Study),PHASE3,RECRUITING,INTERVENTIONAL,420,The Affiliated Nanjing Drum Tower Hospital of Nanjing University Medical School,OTHER,"Dementia, Mild|Mild Cognitive Impairment|Type 2 Diabetes",Mazdutide|Placebo,no,2025-09-27,2029-08-01,mazdutide,mazdutide,mazdutide,no
NCT06164873,A Study of IBI362 9 mg in Chinese Adults With Obesity,PHASE3,UNKNOWN,INTERVENTIONAL,462,Innovent Biologics (Suzhou) Co. Ltd.,INDUSTRY,Obesity,IBI362|Placebo,no,2023-12-27,2025-06-27,mazdutide,mazdutide,mazdutide,no
NCT06817356,A Study to Evaluate Mazdutide Compared With Placebo in Participants With Alcohol Use Disorder,PHASE2,COMPLETED,INTERVENTIONAL,308,Eli Lilly and Company,INDUSTRY,Alcohol Use Disorder,Mazdutide|Placebo,no,2025-02-06,2026-03-19,mazdutide,mazdutide,mazdutide,no
NCT05815680,"A Study to Evaluate the Drug-drug Interactions (DDIs) of IBI362 With Metformin, Warfarin, Atorvastatin, Digoxin in Overweight or Obese Subjects",PHASE1,COMPLETED,INTERVENTIONAL,48,Innovent Biologics (Suzhou) Co. Ltd.,INDUSTRY,Overweight Subjects|Obese Subjects,metformin|digoxin|IBI362|warfarin|atorvastatin,no,2023-04-06,2023-08-18,mazdutide,mazdutide,mazdutide,no
NCT02972645,A Study of LY3305677 in Healthy Participants,PHASE1,COMPLETED,INTERVENTIONAL,66,Eli Lilly and Company,INDUSTRY,Healthy,LY3305677|Placebo,no,2016-12-05,2017-07-14,mazdutide,mazdutide,mazdutide,no
NCT06519656,Efficacy of Mazdutide for Treating PCOS,PHASE1|PHASE2,RECRUITING,INTERVENTIONAL,50,Shanghai Zhongshan Hospital,OTHER,Polycystic Ovary Syndrome,Mazdutide,no,2024-10-21,2025-12-31,mazdutide,mazdutide,mazdutide,no
NCT05628311,A Study of IBI362 in Poorly Controlled Type 2 Diabetes Patients Only Through Diet and Exercise,PHASE3,COMPLETED,INTERVENTIONAL,319,Innovent Biologics (Suzhou) Co. Ltd.,INDUSTRY,Type 2 Diabetes,placebo|IBI362,no,2023-01-06,2023-10-25,mazdutide,mazdutide,mazdutide,no
NCT07767552,"Mazdutide for Remission of Type 2 Diabetes: Multicentre, Double Blind, Randomised, Placebo Controlled Trial",NA,NOT_YET_RECRUITING,INTERVENTIONAL,249,Yanbing Li,OTHER,"Diabetes Mellitus, Type 2",Mazdutide|Placebo,no,2026-09-30,2028-08-30,mazdutide,mazdutide,mazdutide,no
NCT05793450,Pharmacokinetics of IBI362 in Subjects With and Without Renal Impairment,PHASE1,COMPLETED,INTERVENTIONAL,20,Innovent Biologics (Suzhou) Co. Ltd.,INDUSTRY,Renal Impairment,IBI362,no,2023-05-05,2023-09-18,mazdutide,mazdutide,mazdutide,no
NCT04904913,A Study of IBI362 Evaluating Weight Loss in Obese and Overweight Chinese Subjects,PHASE2,COMPLETED,INTERVENTIONAL,328,Innovent Biologics (Suzhou) Co. Ltd.,INDUSTRY,Overweight/ Obesity,IBI362|placebo,no,2021-06-08,2023-03-29,mazdutide,mazdutide,mazdutide,no
NCT07797101,Body-weight Reduction Effect on Portal Hypertension in Compensated Cirrhosis,NA,NOT_YET_RECRUITING,INTERVENTIONAL,50,The Second Affiliated Hospital of Chongqing Medical University,OTHER,Cirrhosis|Portal Hypertension|Fatty Liver Disease|GLP-1,Mazdutide injection,no,2026-09-01,2029-05-31,mazdutide,mazdutide,mazdutide,no
NCT07417306,A Study of HDM1005 in Participants With T2DM Not Controlled With Metformin Alone or in Combination With a Sodium-Glucose Cotransporter 2 (SGLT2) Inhibitor,PHASE3,NOT_YET_RECRUITING,INTERVENTIONAL,912,"Hangzhou Zhongmei Huadong Pharmaceutical Co., Ltd.",INDUSTRY,Type 2 Diabetes,HDM1005 1|HDM1005 2|Mazdutide,no,2026-03-27,2027-08-30,mazdutide,mazdutide,mazdutide,no
NCT05623839,A Study of LY3305677 in Participants With Obesity Or Overweight,PHASE1,COMPLETED,INTERVENTIONAL,32,Eli Lilly and Company,INDUSTRY,Overweight|Obesity,LY3305677|Placebo,no,2022-11-16,2023-06-27,mazdutide,mazdutide,mazdutide,no
NCT07781150,Mazdutide Plus LNG-IUS for Fertility-Sparing Treatment of AEH or Early Endometrial Cancer,PHASE2,NOT_YET_RECRUITING,INTERVENTIONAL,128,Tongji Hospital,OTHER,Obesity|Overweight|Atypical Endometrial Hyperplasia|Endometrial Carcinoma Stage I|Endometrioid Endometrial Cancer,Mazdutide(Dual GLP-1R/GCGR Agonist)|Placebo|Levonorgestrel-releasing intrauterine system,no,2026-11-01,2029-06-30,mazdutide,mazdutide,mazdutide,no
NCT05607680,A Study of IBI362 in Participants With Obesity or Overweight,PHASE3,COMPLETED,INTERVENTIONAL,610,Innovent Biologics (Suzhou) Co. Ltd.,INDUSTRY,Obesity Or Overweight,Placebo|IBI362,no,2022-11-14,2023-08-21,mazdutide,mazdutide,mazdutide,no
NCT06931028,A Study of IBI362 in Chinese Subjects With Obstructive Sleep Apnea and BMI≥28 kg/m2,PHASE3,RECRUITING,INTERVENTIONAL,260,Innovent Biologics (Suzhou) Co. Ltd.,INDUSTRY,Sleep Apnea|Obstructive|Obesity,placebo|IBI362,no,2025-06-12,2027-05-07,mazdutide,mazdutide,mazdutide,no
NCT07654062,"Mazdutide for Adults With Prediabetes: A Randomized, Double-Blind, Placebo-Controlled Trial (DREAM-PRE)",PHASE4,NOT_YET_RECRUITING,INTERVENTIONAL,150,Shandong Provincial Hospital,OTHER_GOV,Prediabetes|Impaired Fasting Glucose|Impaired Glucose Tolerance (Prediabetes),Mazdutide|Placebo|Standardized Lifestyle Intervention,no,2026-07,2028-06,mazdutide,mazdutide,mazdutide,no
NCT04440345,"Evaluate the Safety, Tolerability, Pharmacokinetics, and Pharmacodynamics of IBI362 in Overweight or Obesity Subjects",PHASE1|PHASE2,COMPLETED,INTERVENTIONAL,60,Innovent Biologics (Suzhou) Co. Ltd.,INDUSTRY,Overweight or Obesity,IBI362|Placebo,no,2020-06-16,2021-06-16,mazdutide,mazdutide,mazdutide,no
NCT07718126,Pre-hepatectomy Rehabilitation in Obese MASLD-Complicated Living Liver Donors With Mazdutide (PRIME),PHASE2|PHASE3,NOT_YET_RECRUITING,INTERVENTIONAL,60,West China Hospital,OTHER,Metabolic Dysfunction-Associated Steatohepatitis|Hepatic Steatosis|Living Liver Donors,Mazdutide|Placebo (Normal Saline)|Lifestyle Optimization,no,2026-09-01,2028-08-31,mazdutide,mazdutide,mazdutide,no
NCT07803705,Efficacy of Mazdutide on Fatty Pancreas,NA,NOT_YET_RECRUITING,INTERVENTIONAL,194,Tongji Hospital,OTHER,Fatty Pancreas|Overweight|Obesity,mazdutide|Placebo matching mazdutide,no,2026-11-15,2028-06-30,mazdutide,mazdutide,mazdutide,no
NCT03325387,A Study of Multiple Doses of LY3305677 in Healthy Participants,PHASE1,COMPLETED,INTERVENTIONAL,56,Eli Lilly and Company,INDUSTRY,Healthy,LY3305677|Placebo,no,2017-10-27,2018-08-03,mazdutide,mazdutide,mazdutide,no
NCT07469800,Efficacy and Safety of IBI362 in Hypertensive Patients With Overweight/Obesity,PHASE3,RECRUITING,INTERVENTIONAL,336,Innovent Biologics (Suzhou) Co. Ltd.,INDUSTRY,Overweight|Obesity|Hypertensive,IBI362|Placebo,no,2026-04-23,2026-08-01,mazdutide,mazdutide,mazdutide,no
NCT07135141,Mazdutide as Adjuvant Therapy Following Sleeve Gastrectomy in Severe Obesity,NA,NOT_YET_RECRUITING,INTERVENTIONAL,256,Beijing Friendship Hospital,OTHER,Severe Obesity,Sleeve gastrectomy plus early mazdutide initiation|Sleeve gastrectomy followed with early mazdutide placebo initation,no,2025-09-30,2027-09-30,mazdutide,mazdutide,mazdutide,no
NCT03928379,A Study of LY3305677 in Participants With Type 2 Diabetes,PHASE1,COMPLETED,INTERVENTIONAL,24,Eli Lilly and Company,INDUSTRY,"Diabetes Mellitus, Type 2",LY3305677|Placebo,no,2019-10-27,2021-07-08,mazdutide,mazdutide,mazdutide,no
NCT07657676,Effect of Mazdutide on Coronary Plaque in Patients With Coronary Atherosclerosis and Overweight or Obesity,PHASE4,NOT_YET_RECRUITING,INTERVENTIONAL,116,China National Center for Cardiovascular Diseases,OTHER_GOV,Obesity & Overweight|Coronary Heart Disease,Mazdutide|Placebo,no,2026-09-01,2027-12-31,mazdutide,mazdutide,mazdutide,no
NCT06937749,A Study of IBI362 in Participants With Metabolic Dysfunction-Associated Steatohepatitis (MASH),PHASE2,RECRUITING,INTERVENTIONAL,165,Innovent Biologics (Suzhou) Co. Ltd.,INDUSTRY,Metabolic Dysfunction-associated Steatohepatitis (MASH),Placebo|IBI362,no,2025-07-01,2026-04-30,mazdutide,mazdutide,mazdutide,no
NCT06536023,This is a Study to Evaluate the Pharmacokinetics and Safety of IBI362 in Chinese Adolescents With Obesity,PHASE1,COMPLETED,INTERVENTIONAL,36,Innovent Biologics (Suzhou) Co. Ltd.,INDUSTRY,Adolescents With Obesity,IBI362|IBI362 placebo,no,2024-08-30,2025-07-22,mazdutide,mazdutide,mazdutide,no
NCT07517042,ASCEND-1: Lifestyle Intervention Plus Mazdutide for Weight Management,NA,RECRUITING,INTERVENTIONAL,420,Shanghai Zhongshan Hospital,OTHER,Obesity|Weight Control,Mazdutide|Intensive Lifestyle Intervention,no,2026-04,2028-12,mazdutide,mazdutide,mazdutide,no
NCT06124807,A Study of LY3305677 Compared With Placebo in Adult Participants With Obesity or Overweight,PHASE2,COMPLETED,INTERVENTIONAL,179,Eli Lilly and Company,INDUSTRY,Obesity|Overweight and Obesity,Mazdutide|Placebo,yes,2023-11-17,2025-01-22,mazdutide,mazdutide,mazdutide,no
NCT07775846,QUARTET-DKD: Quadruple Therapy for Type 2 Diabetic Nephropathy,PHASE4,NOT_YET_RECRUITING,INTERVENTIONAL,820,Huijie Zhang,OTHER,Type 2 Diabetic Kidney Disease,empagliflozin|Finerenone|Mazdutide|Finerenone Placebo|Mazdutide Placebo|Angiotensin Receptor Blocker (ARB),no,2026-09-01,2029-02-28,mazdutide,mazdutide,mazdutide,no
NCT06862908,A Study of IBI362 in Subjects With HFpEF or HFmrEF Combined With Obesity,PHASE2,RECRUITING,INTERVENTIONAL,141,Innovent Biologics (Suzhou) Co. Ltd.,INDUSTRY,Obesity|Heart Failure With Preserved Ejection Fraction (HFPEF)|Heart Failure With Mildly Reduced Ejection Fraction,placebo|IBI362,no,2025-04-01,2026-09-24,mazdutide,mazdutide,mazdutide,no
NCT07255209,A Study of IBI362 in Chinese Adolescents With Obesity or Overweight,PHASE3,RECRUITING,INTERVENTIONAL,180,Innovent Biologics (Suzhou) Co. Ltd.,INDUSTRY,Adolescents With Obesity or Overweight With Weight-Related Comorbidities,Placebo|IBI362,no,2025-12-29,2027-10-31,mazdutide,mazdutide,mazdutide,no
NCT06049329,"A Research Study of How a New Medicine Called Amycretin, Given as Tablets, Works in Japanese Men With Obesity",PHASE1,COMPLETED,INTERVENTIONAL,36,Novo Nordisk A/S,INDUSTRY,Obesity,NNC0487-0111|Placebo (NNC0487-0111),no,2023-09-14,2023-12-15,amycretin;NNC0487-0111,amycretin,amycretin,yes
NCT06478563,A Research Study Looking at Different Oral Formulations and the Effect of Food Intake on How the Medicine NNC0487-0111 Behaves in the Body of Participants Living With Overweight or Obesity,PHASE1,COMPLETED,INTERVENTIONAL,133,Novo Nordisk A/S,INDUSTRY,Obesity|Overweight,NNC0487-0111 (formulation D)|NNC0487-0111 (formulation C),no,2024-06-27,2025-06-05,NNC0487-0111,amycretin,NNC0487-0111,no
NCT06461039,A Research Study Looking at How the Compound NNC0487-0111 Works With Birth Control Pills and Affects Emptying of the Stomach in Women Not Able to Become Pregnant,PHASE1,COMPLETED,INTERVENTIONAL,43,Novo Nordisk A/S,INDUSTRY,Obesity,NNC0487-0111 A|NNC0487-0111 C|Levonorgestrel 150 μg + Ethinylestradiol 30 μg (Oral contraceptive OC)|Acetaminophen - 500 mg/15 ml,no,2024-06-14,2025-03-16,NNC0487-0111,amycretin,NNC0487-0111,no
NCT07533175,AMAZE 2: A Research Study Investigating How Well the Medicine NNC0487-0111 Helps People With Excess Body Weight and Type 2 Diabetes Lose Weight,PHASE3,RECRUITING,INTERVENTIONAL,630,Novo Nordisk A/S,INDUSTRY,Diabetes Mellitus|Overweight|Obesity,NNC0487-0111|Placebo (matched to NNC0487-0111),no,2026-04-13,2028-08-07,NNC0487-0111,amycretin,NNC0487-0111,no
NCT05369390,A Research Study on How NNC0487-0111 Works in People With Overweight or Obesity,PHASE1,COMPLETED,INTERVENTIONAL,144,Novo Nordisk A/S,INDUSTRY,Obesity,NNC0487-0111 A|NNC0487-0111 B|Placebo B (NNC0487-0111 B)|Placebo A (NNC0487-0111 A),no,2022-05-11,2024-01-09,NNC0487-0111,amycretin,NNC0487-0111,no
NCT06064006,A Research Study to See How a New Medicine (NNC0487-0111) Works in People With Overweight or Obesity When Injected Under the Skin,PHASE2,COMPLETED,INTERVENTIONAL,125,Novo Nordisk A/S,INDUSTRY,Obesity|Overweight,NNC0487-0111|Placebo (NNC0487-0111),no,2023-09-15,2024-11-27,NNC0487-0111,amycretin,NNC0487-0111,no
NCT06820476,"A Research Study on How NNC0487-0111, a New Medicine, Works in Chinese Participants After 10 Days of Oral Dosing",PHASE1,COMPLETED,INTERVENTIONAL,29,Novo Nordisk A/S,INDUSTRY,Overweight|Obesity,NNC0487-0111|Placebo (NNC0487-0111),no,2025-02-09,2025-05-14,NNC0487-0111,amycretin,NNC0487-0111,no
NCT07339423,AMAZE 1: A Research Study Investigating How Well the Medicine NNC0487-0111 Helps People With Excess Body Weight Lose Weight,PHASE3,RECRUITING,INTERVENTIONAL,1150,Novo Nordisk A/S,INDUSTRY,Obesity,NNC0487-0111|Placebo (matched to NNC0487-0111),no,2026-02-24,2029-06-26,NNC0487-0111,amycretin,NNC0487-0111,no
NCT07571005,AMAZE 3: A Research Study Investigating How Well the Medicine NNC0487-0111 Helps People With Excess Body Weight and Obstructive Sleep Apnoea Not Treated With Positive Airway Pressure Lose Weight and Improve Sleep Apnoea,PHASE3,RECRUITING,INTERVENTIONAL,300,Novo Nordisk A/S,INDUSTRY,Obesity|Overweight|Obstructive Sleep Apnoea,NNC0487-0111|Placebo (matched to NNC0487-0111),no,2026-05-05,2028-07-12,NNC0487-0111,amycretin,NNC0487-0111,no
NCT07503210,AMAZE 12: A Research Study Investigating How Well the Medicine NNC0487-0111 Helps People With Excess Body Weight Maintain Their Weight Loss,PHASE3,RECRUITING,INTERVENTIONAL,600,Novo Nordisk A/S,INDUSTRY,Obesity,NNC0487-0111|Placebo (matched to NNC0487-0111),no,2026-04-21,2028-06-06,NNC0487-0111,amycretin,NNC0487-0111,no
NCT07571109,AMAZE 4: A Research Study Investigating How Well the Medicine NNC0487-0111 Helps People With Excess Body Weight and Obstructive Sleep Apnoea Treated With Positive Airway Pressure Lose Weight and Improve Sleep Apnoea,PHASE3,RECRUITING,INTERVENTIONAL,300,Novo Nordisk A/S,INDUSTRY,Obesity|Overweight|Obstructive Sleep Apnoea,NNC0487-0111|Placebo (matched to NNC0487-0111),no,2026-05-05,2028-06-26,NNC0487-0111,amycretin,NNC0487-0111,no
NCT07481630,A Research Study Investigating How Well the Medicine NNC0487-0111 Helps People With Excess Body Weight and Knee Osteoarthritis Lose Weight and Reduce Pain,PHASE3,RECRUITING,INTERVENTIONAL,400,Novo Nordisk A/S,INDUSTRY,Obesity|Knee Osteoarthritis (OA),NNC0487-0111|Placebo (matched to NNC0487-0111 ),no,2026-04-13,2028-08-14,NNC0487-0111,amycretin,NNC0487-0111,no
NCT07587710,A Research Study Looking Into Blood Levels of the Medicine NNC0487-0111 in the Body and How Well it is Tolerated in People With Reduced Liver Function and Normal Liver Function,PHASE1,NOT_YET_RECRUITING,INTERVENTIONAL,35,Novo Nordisk A/S,INDUSTRY,Overweight|Obesity,NNC0487-0111,no,2026-05-13,2027-12-01,NNC0487-0111,amycretin,NNC0487-0111,no
NCT07509307,AMAZE 6: A Research Study Investigating How Well the Medicine NNC0487-0111 Helps People With Excess Body Weight and Knee Osteoarthritis Lose Weight and Reduce Pain,PHASE3,RECRUITING,INTERVENTIONAL,400,Novo Nordisk A/S,INDUSTRY,"Obesity|Overweight|Osteoarthritis, Knee",NNC0487-0111|Placebo (matched to NNC0487-0111),no,2026-04-20,2028-08-14,NNC0487-0111,amycretin,NNC0487-0111,no
NCT07567001,A Research Study to Look at How Well NNC0487-0111 Works Compared to Placebo in People With Heart Failure and Obesity,PHASE3,RECRUITING,INTERVENTIONAL,5610,Novo Nordisk A/S,INDUSTRY,Obesity|Heart Failure,NNC0487-0111|Placebo,no,2026-05-11,2029-07-23,NNC0487-0111,amycretin,NNC0487-0111,no
NCT07535307,Investigating How NNC0487-0111 Regulates Insulin of Adults With Type 2 Diabetes,PHASE1,RECRUITING,INTERVENTIONAL,80,Novo Nordisk A/S,INDUSTRY,Diabetes Mellitus,NNC0487-0111|Placebo,no,2026-04-10,2027-11-11,NNC0487-0111,amycretin,NNC0487-0111,no
NCT06559527,A Research Study Looking Into Blood Levels of the Medicine NNC0487-0111 in the Body and How Well it is Tolerated in Participants With Reduced Kidney Function and Normal Kidney Function,PHASE1,COMPLETED,INTERVENTIONAL,42,Novo Nordisk A/S,INDUSTRY,"Diabetes Mellitus, Type 2|Obesity|Overweight",NNC0487-0111,no,2024-08-20,2025-02-24,NNC0487-0111,amycretin,NNC0487-0111,no
NCT07121153,"A Research Study on How NNC0487-0111, a New Medicine, Works in Chinese Participants When Injected Under the Skin.",PHASE1,COMPLETED,INTERVENTIONAL,36,Novo Nordisk A/S,INDUSTRY,Overweight|Obesity,NNC0487-0111 A|Placebo A,no,2025-08-11,2025-12-20,NNC0487-0111,amycretin,NNC0487-0111,no
NCT07508020,"A Research Study Looking at How NNC0487-0111 Affects Food Intake, Appetite and Metabolism After Meals in People With Obesity",PHASE1,RECRUITING,INTERVENTIONAL,120,Novo Nordisk A/S,INDUSTRY,Obesity,NNC0487-0111|Placebo (matched to NNC0487-0111),no,2026-03-30,2028-01-19,NNC0487-0111,amycretin,NNC0487-0111,no
NCT06542874,A Research Study Comparing How Well Different Doses of the Medicine NNC0487-0111 Lower Blood Sugar in People With Type 2 Diabetes,PHASE2,COMPLETED,INTERVENTIONAL,448,Novo Nordisk A/S,INDUSTRY,Type 2 Diabetes (T2D),NNC0487-0111 subcutanous|Placebo (NNC0487-0111 subcutanous)|NNC0487-0111 oral|Placebo (NNC0487-0111 oral),no,2024-08-07,2025-10-01,NNC0487-0111,amycretin,NNC0487-0111,no
NCT07757087,"A Research Study to See How NNC0487-0111 Affects the Body's Energy Use After a Weight Loss in Adults Living With Obesity, Compared to a Low-calorie Diet or Placebo",PHASE1,RECRUITING,INTERVENTIONAL,120,Novo Nordisk A/S,INDUSTRY,Overweight|Obesity,NNC0487-0111|Placebo|LED,no,2026-08-03,2028-09-18,NNC0487-0111,amycretin,NNC0487-0111,no
NCT06370819,A Research Study Looking Into Blood Levels of the Medicine NNC0519-0130 in the Body in Participants With Normal or Reduced Kidney Function,PHASE1,COMPLETED,INTERVENTIONAL,36,Novo Nordisk A/S,INDUSTRY,"Diabetes Mellitus, Type 2",NNC0519-0130,no,2024-04-15,2024-11-27,NNC0519-0130,amycretin,NNC0519-0130,no
NCT06718998,A Research Study Comparing Different Ways of Increasing the Dose of NNC0519-0130 in Participants With Overweight or Obesity,PHASE1,COMPLETED,INTERVENTIONAL,134,Novo Nordisk A/S,INDUSTRY,Obesity,NNC0519-0130,no,2024-11-20,2026-01-12,NNC0519-0130,amycretin,NNC0519-0130,no
NCT06513104,A Research Study Looking Into the Effect of NNC0519-0130 on Blood Levels of a Birth Control Pill and Emptying of the Stomach in Women After Menopause,PHASE1,COMPLETED,INTERVENTIONAL,47,Novo Nordisk A/S,INDUSTRY,"Diabetes Mellitus, Type 2",NNC0519-0130|Levonorgestrel + Ethinylestradiol|Paracetamol,no,2024-07-18,2025-09-10,NNC0519-0130,amycretin,NNC0519-0130,no
NCT05363774,"A Research Study of a New Medicine NNC0519-0130 in Healthy People, People With High Body Weight and People With Type 2 Diabetes.",PHASE1,COMPLETED,INTERVENTIONAL,161,Novo Nordisk A/S,INDUSTRY,"Healthy Volunteers (Diabetes Mellitus, Type 2)",NNC0519-0130|Placebo (NNC0519-0130),no,2022-04-20,2024-04-02,NNC0519-0130,amycretin,NNC0519-0130,no
NCT05870670,A Research Study of a New Medicine NNC0519-0130 in Japanese and Non-Japanese Men,PHASE1,COMPLETED,INTERVENTIONAL,22,Novo Nordisk A/S,INDUSTRY,"Diabetes Mellitus, Type 2",NNC0519-0130|Placebo,no,2023-05-15,2023-10-07,NNC0519-0130,amycretin,NNC0519-0130,no
NCT06567041,A Research Study of How Safe a New Medicine Called NNC0519 0130 is and to Test Its Effect in People Living With Excess Body Weight With or Without Type 2 Diabetes,PHASE1,COMPLETED,INTERVENTIONAL,82,Novo Nordisk A/S,INDUSTRY,"Diabetes Mellitus, Type 2|Obesity",NNC0519-0130|Placebo,no,2024-08-07,2025-12-10,NNC0519-0130,amycretin,NNC0519-0130,no
NCT07004322,A Research Study of the New Medicine NNC0519-0130 in Male Chinese Participants Living With Excess Body Weight,PHASE1,COMPLETED,INTERVENTIONAL,20,Novo Nordisk A/S,INDUSTRY,"Diabetes Mellitus, Type 2|Obesity",NNC0519-0130|Placebo,no,2025-05-26,2026-01-28,NNC0519-0130,amycretin,NNC0519-0130,no
NCT06642571,A Research Study to Compare How Much of the Medicine NNC0519-0130 is in the Blood of People With Overweight or Obesity Who Receive 2 Preparations of the Medicine,PHASE1,COMPLETED,INTERVENTIONAL,46,Novo Nordisk A/S,INDUSTRY,Obesity,NNC0519-0130 B|NNC0519-0130 C,no,2024-10-15,2025-05-17,NNC0519-0130,amycretin,NNC0519-0130,no
NCT07104500,VK2735 for Weight Management Phase 3,PHASE3,ACTIVE_NOT_RECRUITING,INTERVENTIONAL,4500,"Viking Therapeutics, Inc.",INDUSTRY,Weight Loss,VK2735,no,2025-06-23,2027-07-01,VK2735,VK2735,VK2735,no
NCT07104383,VK2735 for Weight Management Type 2 Diabetes Phase 3 (VANQUISH 2),PHASE3,ACTIVE_NOT_RECRUITING,INTERVENTIONAL,1100,"Viking Therapeutics, Inc.",INDUSTRY,Weight Loss,VK2735,no,2025-06-23,2027-07-01,VK2735,VK2735,VK2735,no
NCT06828055,VK2735 for Weight Management Phase 2 (Venture Oral Dosing),PHASE2,COMPLETED,INTERVENTIONAL,280,"Viking Therapeutics, Inc.",INDUSTRY,Weight Loss,Placebo|VK2735,no,2024-12-18,2025-06-24,VK2735,VK2735,VK2735,no
NCT06068946,VK2735 for Weight Management Phase 2,PHASE2,COMPLETED,INTERVENTIONAL,176,"Viking Therapeutics, Inc.",INDUSTRY,Weight Loss,VK2735|Placebo,no,2023-08-31,2024-02-27,VK2735,VK2735,VK2735,no
NCT05203237,Phase 1 Study to Evaluate the Safety and Tolerability of VK2735,PHASE1,COMPLETED,INTERVENTIONAL,92,"Viking Therapeutics, Inc.",INDUSTRY,Weight Loss|NASH,VK2735|Placebo|VK2735 Placebo|VK2735 Drug,no,2021-12-14,2024-11-04,VK2735,VK2735,VK2735,no
NCT07009860,RESTORE TRIAL: Study of the Efficacy and Safety of Pemvidutide in the Treatment of Alcohol-Associated Liver Disease (ALD),PHASE2,ACTIVE_NOT_RECRUITING,INTERVENTIONAL,121,"Altimmune, Inc.",INDUSTRY,Alcohol-associated Liver Disease,Pemvidutide|Placebo,no,2025-06-16,2027-09-30,pemvidutide,pemvidutide,pemvidutide,no
NCT05006885,ALT-801 in Diabetic and Non-Diabetic Overweight and Obese Subjects With Non-alcoholic Fatty Liver Disease (NAFLD),PHASE1,COMPLETED,INTERVENTIONAL,95,"Altimmune, Inc.",INDUSTRY,Non-Alcoholic Fatty Liver Disease,ALT-801|Placebo,no,2021-09-30,2022-08-17,pemvidutide,pemvidutide,pemvidutide,no
NCT05989711,IMPACT TRIAL: Efficacy and Safety of Pemvidutide in Subjects With Nonalcoholic Steatohepatitis (NASH),PHASE2,COMPLETED,INTERVENTIONAL,212,"Altimmune, Inc.",INDUSTRY,Non-Alcoholic Steatohepatitis (NASH),Pemvidutide|Placebo,no,2023-07-27,2025-11-25,pemvidutide,pemvidutide,pemvidutide,no
NCT06987513,RECLAIM STUDY: Phase 2 Study of the Efficacy and Safety of Pemvidutide in the Treatment of Alcohol Use Disorder (AUD) in Subjects With Obesity or Overweight,PHASE2,COMPLETED,INTERVENTIONAL,100,"Altimmune, Inc.",INDUSTRY,Alcohol Use Disorder (AUD),Pemvidutide|Placebo,no,2025-05-15,2026-07-30,pemvidutide,pemvidutide,pemvidutide,no
NCT04561245,ALT-801 (Pemvidutide) in Healthy Overweight and Obese Volunteers to Study Safety and Tolerability,PHASE1,COMPLETED,INTERVENTIONAL,100,"Altimmune, Inc.",INDUSTRY,Obesity|Nonalcoholic Steatohepatitis,ALT-801|Placebo,no,2020-11-10,2021-10-29,pemvidutide,pemvidutide,pemvidutide,no
NCT05292911,Extension of ALT-801 in Diabetic and Non-Diabetic Overweight and Obese Subjects With (NAFLD),PHASE1,COMPLETED,INTERVENTIONAL,64,"Altimmune, Inc.",INDUSTRY,Non-Alcoholic Fatty Liver Disease,ALT-801|Placebo,no,2022-03-09,2022-10-31,pemvidutide,pemvidutide,pemvidutide,no
NCT04972396,Pemvidutide (ALT-801) DDI Study in Healthy Volunteers,PHASE1,COMPLETED,INTERVENTIONAL,40,"Altimmune, Inc.",INDUSTRY,NASH - Nonalcoholic Steatohepatitis,Pemvidutide|Metformin|Atorvastatin|Warfarin|Digoxin|Ethinylestradiol and Levonorgestrel,no,2021-09-15,2022-05-15,pemvidutide,pemvidutide,pemvidutide,no
NCT07795164,"Phase 3 Study of the Efficacy, Safety, and Clinical Outcomes of Pemvidutide in MASH",PHASE3,RECRUITING,INTERVENTIONAL,1800,"Altimmune, Inc.",INDUSTRY,Metabolic Dysfunction-Associated Steatohepatitis (MASH),Pemvidutide|Placebo,no,2026-07-30,2028-12,pemvidutide,pemvidutide,pemvidutide,no
NCT05184322,"XW004 To Evaluate the Safety, Tolerability, PK, and PD of Oral Ecnoglutide Tablet in Healthy Adults",PHASE1,COMPLETED,INTERVENTIONAL,87,Sciwind Biosciences APAC CO Pty. Ltd.,INDUSTRY,Obesity|Type 2 Diabetes Mellitus,T2026|Placebo|Oral ecnoglutide tablet|Oral ecnoglutide tablet|Oral ecnoglutide tablet|Oral ecnoglutide tablet|Oral ecnoglutide tablet|Oral ecnoglutide tablet|T2026|Placebo|T2026|Placebo,no,2022-04-12,2024-07-13,ecnoglutide,ecnoglutide,ecnoglutide,no
NCT07628127,A Trial of Oral VRB-103 Alone or in Combination With Oral Ecnoglutide (VRB-101) in Participants With Obesity or Overweight,PHASE1,RECRUITING,INTERVENTIONAL,336,Verdiva Bio Dev Limited,INDUSTRY,Obesity|Overweight,VRB-103|Placebo|VRB-101,no,2026-07-06,2028-03,ecnoglutide,ecnoglutide,ecnoglutide,no
NCT07434050,A Study of XW003 in Obese Participants With Obstructive Sleep Apnea Receiving Positive Airway Pressure Therapy,PHASE3,RECRUITING,INTERVENTIONAL,140,"Hangzhou Sciwind Biosciences Co., Ltd.",INDUSTRY,OSA - Obstructive Sleep Apnea|Obesity,XW003 injection|placebo with matching volume,no,2026-03-02,2028-06-19,ecnoglutide,ecnoglutide,ecnoglutide,no
NCT07387094,A Study of XW003 in Obese Participants With Obstructive Sleep Apnea But Not Receive Positive Airway Pressure Therapy,PHASE3,RECRUITING,INTERVENTIONAL,140,"Hangzhou Sciwind Biosciences Co., Ltd.",INDUSTRY,OSA - Obstructive Sleep Apnea|Obesity,XW003 injection|placebo with matching volume,no,2026-02-09,2027-12-16,ecnoglutide,ecnoglutide,ecnoglutide,no
NCT07553299,A Study of Weekly Oral Dose of Ecnoglutide (VRB-101) for Weight Maintenance in Participants Who Have Obesity or Overweight With Weight-Related Comorbidities,PHASE2,ACTIVE_NOT_RECRUITING,INTERVENTIONAL,120,Verdiva Bio Dev Limited,INDUSTRY,Obesity|Overweight|Weight Maintenance,VRB-101|Placebo,no,2026-06-12,2026-11-30,ecnoglutide,ecnoglutide,ecnoglutide,no
NCT05813795,A Phase 3 Study to Evaluate the Efficacy of XW003 in Adults With Overweight or Obesity,PHASE3,COMPLETED,INTERVENTIONAL,664,"Hangzhou Sciwind Biosciences Co., Ltd.",INDUSTRY,Weight Management,Ecnoglutide Low Dosage|Ecnoglutide Medium Dosage|Ecnoglutide High Dosage|Placebo,no,2023-04-05,2024-06-20,ecnoglutide,ecnoglutide,ecnoglutide,no
NCT07243171,"A Phase Ib/IIa Study to Evaluate the Safety, Tolerability, Pharmacokinetics and Pharmacodynamics of Oral Ecnoglutide Tablets in Chinese Participants With Overweight or Obesity",PHASE1|PHASE2,RECRUITING,INTERVENTIONAL,84,"Hangzhou Sciwind Biosciences Co., Ltd.",INDUSTRY,Overweight and/or Obesity|Weight Management,ecnoglutide tablets|placebo with matching dosage,no,2025-11-18,2027-01-05,ecnoglutide,ecnoglutide,ecnoglutide,no
NCT07734311,A Study of Econoglutide Injection in Obese Participants With Knee Osteoarthritis (KOA),PHASE3,RECRUITING,INTERVENTIONAL,360,"Hangzhou Sciwind Biosciences Co., Ltd.",INDUSTRY,Knee Osteoarthritis|Obesity,Ecnoglutide Injection|placebo with matching volume,no,2026-08-03,2028-05-31,ecnoglutide,ecnoglutide,ecnoglutide,no
NCT05680155,A Phase 3 Study to Evaluate the Efficacy of XW003 Compared With Placebo in T2DM Patients,PHASE3,COMPLETED,INTERVENTIONAL,211,"Hangzhou Sciwind Biosciences Co., Ltd.",INDUSTRY,T2DM|Type 2 Diabetes Mellitus,Ecnoglutide|Placebo,no,2022-12-29,2024-06-12,ecnoglutide,ecnoglutide,ecnoglutide,no
NCT06335134,"A Drug-Drug Interaction Study Between XW003 and Metformin, Warfarin, Rosuvastatin or Digoxin",PHASE1,COMPLETED,INTERVENTIONAL,57,"Hangzhou Sciwind Biosciences Co., Ltd.",INDUSTRY,Healthy Volunteers,XW003 injection|Metformin|Warfarin|Rosuvastatin|Digoxin,no,2023-07-14,2024-01-08,ecnoglutide,ecnoglutide,ecnoglutide,no
NCT07143227,A Study of XW003 Injection in Chinese Adolescents With Obesity,PHASE1,COMPLETED,INTERVENTIONAL,48,"Hangzhou Sciwind Biosciences Co., Ltd.",INDUSTRY,Obese Adolescents|Obesity,XW003 injection|placebo with matching volume,no,2025-08-25,2026-04-18,ecnoglutide,ecnoglutide,ecnoglutide,no
NCT07281937,A Study of Weekly Oral Ecnoglutide (VRB-101) in Participants Who Have Obesity or Overweight With Weight-Related Comorbidities,PHASE2,COMPLETED,INTERVENTIONAL,206,Verdiva Bio Dev Limited,INDUSTRY,Obesity|Overweight,VRB-101|Placebo,no,2025-11-25,2026-07-23,ecnoglutide,ecnoglutide,ecnoglutide,no
NCT04604496,STUDY OF PF-06882961 IN PARTICIPANTS WITH AND WITHOUT VARYING DEGREES OF HEPATIC IMPAIREMENT,PHASE1,COMPLETED,INTERVENTIONAL,24,Pfizer,INDUSTRY,Hepatic Impairment|Healthy Volunteers,PF-06882961 20MG,yes,2020-12-30,2022-01-10,danuglipron,danuglipron,danuglipron,no
NCT06153758,Study to Learn How Different Forms of The Study Medicine Called Danuglipron Are Taken up Into the Blood In Healthy Adults,PHASE1,COMPLETED,INTERVENTIONAL,33,Pfizer,INDUSTRY,Healthy Participants|Healthy Subjects,Danuglipron,no,2023-11-27,2024-09-30,danuglipron,danuglipron,danuglipron,no
NCT03538743,"4-Week, Multiple-dose, Dose-escalating Study In Patients With Type 2 Diabetes",PHASE1,COMPLETED,INTERVENTIONAL,98,Pfizer,INDUSTRY,Type 2 Diabetes Mellitus,Placebo|PF-06882961|PF-06882961|PF-06882961|PF-06882961|PF-06882961|PF-06882961|PF-06882961|PF-06882961,yes,2018-06-25,2019-05-23,danuglipron,danuglipron,danuglipron,no
NCT06567327,A Study to Learn How the Study Medicine Danuglipron is Taken Up Into the Blood and If Danuglipron Changes How the Body Processes Other Study Medicines (Atorvastatin and Rosuvastatin) in Healthy Adults Who Are Overweight or Obese,PHASE1,COMPLETED,INTERVENTIONAL,82,Pfizer,INDUSTRY,Obesity,Danuglipron|Atorvastatin|Rosuvastatin,no,2024-08-28,2025-03-16,danuglipron,danuglipron,danuglipron,no
NCT04707313,A Study to Evaluate the Efficacy and Safety of PF-06882961 in Adults With Obesity,PHASE2,COMPLETED,INTERVENTIONAL,628,Pfizer,INDUSTRY,Obesity,Placebo (Cohorts 1 and 2)|PF-06882961 (Cohorts 1 and 2)|Placebo (Cohort 3)|PF-06882961 (Cohort 3),yes,2021-01-29,2023-09-13,danuglipron,danuglipron,danuglipron,no
NCT04617275,"A 12-WEEK TITRATE STUDY TO EVALUATE SAFETY, TOLERABILITY AND PHARMACODYNAMICS OF PF-06882961 IN ADULTS WITH TYPE 2 DIABETES MELLITUS AND IN NON-DIABETIC ADULTS WITH OBESITY",PHASE2,COMPLETED,INTERVENTIONAL,151,Pfizer,INDUSTRY,Diabetes|Obesity,PF-06882961|Placebo,yes,2021-01-06,2021-11-17,danuglipron,danuglipron,danuglipron,no
NCT04495140,"Study To Characterize Mass Balance, Absolute Bioavailability, Fraction Absorbed And Pharmacokinetics Of 14C PF-06882961",PHASE1,COMPLETED,INTERVENTIONAL,6,Pfizer,INDUSTRY,Healthy Volunteer,"[14C]PF-06882961, 50 mg|PF-06882961, 50 mg and [14C]PF-06882961, 100 ug",no,2020-07-22,2020-10-15,danuglipron,danuglipron,danuglipron,no
NCT04616339,STUDY TO COMPARE PHARMACOKINETICS (PK) OF SINGLE ORAL DOSES OF DIFFERENT PF-06882961 FORMULATIONS IN PARTICIPANTS WHO ARE OVERWEIGHT OR HAVE OBESITY,PHASE1,COMPLETED,INTERVENTIONAL,31,Pfizer,INDUSTRY,Overweight and/or Obesity,PF-06882961 100 mg,no,2020-11-04,2021-07-19,danuglipron,danuglipron,danuglipron,no
NCT04552470,"A Study to Evaluate the Safety, Tolerability, Pharmacokinetics and Pharmacodynamics of PF-06882961 in Japanese Adults With Type 2 Diabetes Mellitus",PHASE1,COMPLETED,INTERVENTIONAL,37,Pfizer,INDUSTRY,Type 2 Diabetes Mellitus,Placebo|PF-06882961,yes,2020-10-26,2021-03-25,danuglipron,danuglipron,danuglipron,no
NCT03309241,"First In Human, Single Escalating Oral Dose Study Of PF-06882961 In Healthy Adult Subjects",PHASE1,COMPLETED,INTERVENTIONAL,25,Pfizer,INDUSTRY,Healthy Subjects,PF-06882961|Placebo,no,2017-10-17,2018-02-21,danuglipron,danuglipron,danuglipron,no
NCT03492697,A Single Dose Crossover Study In Healthy Subjects To Evaluate Different Formulations Of PF-06882961,PHASE1,COMPLETED,INTERVENTIONAL,12,Pfizer,INDUSTRY,Healthy Subjects,PF-06882961 Immediate Release Tablet|PF-06882961 Controlled Release Tablet (long)|PF-06882961 Controlled Release Tablet (short)|PF-06882961 Immediate Release Solution,no,2018-04-30,2018-07-18,danuglipron,danuglipron,danuglipron,no
NCT05093205,"STUDY TO EVALUATE THE EFFECT OF PF-06882961 ON SINGLE DOSE ATORVASTATIN, MEDAZOLAM AND ORALCONTRACEPTIVE PHARMACOKINETICS IN HEALTHY ADULT PARTICIPANTS",PHASE1,COMPLETED,INTERVENTIONAL,35,Pfizer,INDUSTRY,Healthy Adults,PF-06882961|Atorvastatin|Midazolam|Levonorgestrel & Ethinyl Estradiol,yes,2021-10-25,2022-07-06,danuglipron,danuglipron,danuglipron,no
NCT06910839,"Study to Learn About How the Study Medicines Called PF-07976016 and PF-06882961 Are Taken Up by the Body, and if Either of Them Change How the Body Processes the Other Medicine in Otherwise Healthy Adults With Overweight or Obesity",PHASE1,TERMINATED,INTERVENTIONAL,21,Pfizer,INDUSTRY,Overweight|Obesity,PF-07976016|PF-06882961,no,2025-03-13,2025-05-01,danuglipron,danuglipron,danuglipron,no
NCT04889157,"A Study to Evaluate the Pharmacokinetics, Pharmacodynamics, Safety and Tolerability of PF-06882961 in Chinese Adults With Type 2 Diabetes Mellitus",PHASE1,COMPLETED,INTERVENTIONAL,20,Pfizer,INDUSTRY,"Diabetes Mellitus, Type 2",PF-06882961|Placebo,yes,2021-07-07,2022-02-17,danuglipron,danuglipron,danuglipron,no
NCT06568731,A Study to Learn How Different Amounts of the Study Medicine Danuglipron Are Taken up Into the Blood in Otherwise Healthy Adults With Overweight or Obesity,PHASE1,COMPLETED,INTERVENTIONAL,23,Pfizer,INDUSTRY,Obesity,Danuglipron,no,2024-08-23,2024-12-18,danuglipron,danuglipron,danuglipron,no
NCT06541678,A Study to Learn if the Study Medicines Called Itraconazole and Cyclosporine Change How the Body Processes the Other Study Medicine Called Danuglipron in Healthy Adults.,PHASE1,COMPLETED,INTERVENTIONAL,16,Pfizer,INDUSTRY,Healthy,Danuglipron|Cyclosporine|Itraconazole,no,2024-12-23,2025-03-10,danuglipron,danuglipron,danuglipron,no
NCT04621227,Study To Evaluate The Effect Of Two Steady State Doses of PF 06882961 On Rosuvastatin And Midazolam Pharmacokinetics In Otherwise Healthy Adult Participants With Obesity,PHASE1,COMPLETED,INTERVENTIONAL,16,Pfizer,INDUSTRY,Obesity,PF-06882961|Rosuvastatin|Midazolam,yes,2020-12-15,2021-05-13,danuglipron,danuglipron,danuglipron,no
NCT04616027,STUDY OF PF-06882961 IN PARTICIPANTS WITH TYPE 2 DIABETES MELLITUS WITH VARYING DEGREES OF RENAL IMPAIRMENT AND PARTICIPANTS WITHOUT RENAL IMPAIRMENT,PHASE1,COMPLETED,INTERVENTIONAL,42,Pfizer,INDUSTRY,"Diabetes Mellitus, Type 2|Renal Impairment|Healthy",PF-06882961 20 mg,yes,2021-01-13,2022-02-18,danuglipron,danuglipron,danuglipron,no
NCT04839393,A Drug-Drug Interaction Study Between PF-06882961 and PF-06865571 in Healthy Adult Participants and Overweight Adults or Adults With Obesity Who Are Otherwise Healthy,PHASE1,COMPLETED,INTERVENTIONAL,27,Pfizer,INDUSTRY,Healthy Volunteer,PF-06882961 followed by PF-06882961/PF-06865571|PF-06882961/PF-06865571 followed by PF-06882961|PF-06882961 + PF-06865571,yes,2021-04-05,2021-10-10,danuglipron,danuglipron,danuglipron,no
NCT03985293,A 16 Week Study to Evaluate the Efficacy and Safety of PF-06882961 in Adults With Type 2 Diabetes Mellitus,PHASE2,COMPLETED,INTERVENTIONAL,412,Pfizer,INDUSTRY,"Diabetes Mellitus, Type 2",Placebo|PF-06882961,yes,2019-10-15,2021-06-08,danuglipron,danuglipron,danuglipron,no
